Sequence id,Time sec,Datetime,Yes px,No px,Side taken,Size
1,1770682506,2026-02-09T16:15:06,23,77,yes,80
2,1770682511,2026-02-09T16:15:11,23,77,yes,20
3,1770682513,2026-02-09T16:15:13,23,77,yes,107
4,1770682514,2026-02-09T16:15:14,23,77,yes,19
5,1770682516,2026-02-09T16:15:16,23,77,yes,36
6,1770682516,2026-02-09T16:15:16,23,77,yes,84
7,1770682516,2026-02-09T16:15:16,23,77,yes,576
8,1770682517,2026-02-09T16:15:17,23,77,yes,103
9,1770682518,2026-02-09T16:15:18,23,77,yes,19
10,1770682527,2026-02-09T16:15:27,23,77,yes,41
11,1770682539,2026-02-09T16:15:39,23,77,yes,3
12,1770682542,2026-02-09T16:15:42,23,77,yes,10
13,1770682546,2026-02-09T16:15:46,23,77,yes,45
14,1770682549,2026-02-09T16:15:49,23,77,yes,20
15,1770682557,2026-02-09T16:15:57,23,77,yes,1031
16,1770682564,2026-02-09T16:16:04,23,77,yes,76
17,1770682588,2026-02-09T16:16:28,23,77,yes,20
18,1770682593,2026-02-09T16:16:33,23,77,yes,23
19,1770682595,2026-02-09T16:16:35,23,77,yes,61
20,1770682597,2026-02-09T16:16:37,23,77,yes,160
21,1770682605,2026-02-09T16:16:45,22,78,no,26
22,1770682607,2026-02-09T16:16:47,23,77,yes,8
23,1770682610,2026-02-09T16:16:50,23,77,yes,200
24,1770682612,2026-02-09T16:16:52,23,77,yes,20
25,1770682613,2026-02-09T16:16:53,23,77,yes,41
26,1770682616,2026-02-09T16:16:56,23,77,yes,20
27,1770682621,2026-02-09T16:17:01,23,77,yes,7
28,1770682661,2026-02-09T16:17:41,23,77,yes,2
29,1770682666,2026-02-09T16:17:46,23,77,yes,97
30,1770682666,2026-02-09T16:17:46,23,77,yes,26
31,1770682668,2026-02-09T16:17:48,23,77,yes,10
32,1770682671,2026-02-09T16:17:51,23,77,yes,44
33,1770682684,2026-02-09T16:18:04,23,77,yes,4
34,1770682692,2026-02-09T16:18:12,23,77,yes,16
35,1770682692,2026-02-09T16:18:12,23,77,yes,22
36,1770682695,2026-02-09T16:18:15,23,77,yes,42
37,1770682695,2026-02-09T16:18:15,23,77,yes,58
38,1770682703,2026-02-09T16:18:23,23,77,yes,28
39,1770682704,2026-02-09T16:18:24,23,77,yes,45
40,1770682708,2026-02-09T16:18:28,23,77,yes,8
41,1770682711,2026-02-09T16:18:31,23,77,yes,23
42,1770682712,2026-02-09T16:18:32,23,77,yes,48
43,1770682712,2026-02-09T16:18:32,23,77,yes,63
44,1770682716,2026-02-09T16:18:36,23,77,yes,12
45,1770682721,2026-02-09T16:18:41,23,77,yes,12
46,1770682723,2026-02-09T16:18:43,23,77,yes,123
47,1770682723,2026-02-09T16:18:43,23,77,yes,91
48,1770682723,2026-02-09T16:18:43,23,77,yes,14
49,1770682723,2026-02-09T16:18:43,23,77,yes,50
50,1770682723,2026-02-09T16:18:43,23,77,yes,5
51,1770682723,2026-02-09T16:18:43,23,77,yes,27
52,1770682723,2026-02-09T16:18:43,23,77,yes,20
53,1770682723,2026-02-09T16:18:43,23,77,yes,270
54,1770682735,2026-02-09T16:18:55,23,77,yes,629
55,1770682735,2026-02-09T16:18:55,23,77,yes,72
56,1770682744,2026-02-09T16:19:04,23,77,yes,207
57,1770682747,2026-02-09T16:19:07,23,77,yes,41
58,1770682754,2026-02-09T16:19:14,23,77,yes,230
59,1770682757,2026-02-09T16:19:17,23,77,yes,16
60,1770682760,2026-02-09T16:19:20,23,77,yes,4
61,1770682762,2026-02-09T16:19:22,23,77,yes,20
62,1770682774,2026-02-09T16:19:34,23,77,yes,103
63,1770682775,2026-02-09T16:19:35,23,77,yes,20
64,1770682777,2026-02-09T16:19:37,23,77,yes,12
65,1770682779,2026-02-09T16:19:39,23,77,yes,80
66,1770682784,2026-02-09T16:19:44,23,77,yes,25
67,1770682787,2026-02-09T16:19:47,23,77,yes,20
68,1770682792,2026-02-09T16:19:52,23,77,yes,200
69,1770682801,2026-02-09T16:20:01,23,77,yes,96
70,1770682802,2026-02-09T16:20:02,23,77,yes,41
71,1770682804,2026-02-09T16:20:04,23,77,yes,20
72,1770682808,2026-02-09T16:20:08,23,77,yes,103
73,1770682810,2026-02-09T16:20:10,23,77,yes,20
74,1770682827,2026-02-09T16:20:27,23,77,yes,11
75,1770682827,2026-02-09T16:20:27,23,77,yes,24
76,1770682828,2026-02-09T16:20:28,23,77,yes,20
77,1770682834,2026-02-09T16:20:34,23,77,yes,7
78,1770682839,2026-02-09T16:20:39,23,77,yes,20
79,1770682840,2026-02-09T16:20:40,23,77,yes,23
80,1770682859,2026-02-09T16:20:59,23,77,yes,19
81,1770682864,2026-02-09T16:21:04,23,77,yes,7
82,1770682865,2026-02-09T16:21:05,23,77,yes,2
83,1770682874,2026-02-09T16:21:14,23,77,yes,4
84,1770682883,2026-02-09T16:21:23,23,77,yes,192
85,1770682884,2026-02-09T16:21:24,23,77,yes,12
86,1770682888,2026-02-09T16:21:28,23,77,yes,103
87,1770682888,2026-02-09T16:21:28,23,77,yes,20
88,1770682888,2026-02-09T16:21:28,23,77,yes,41
89,1770682891,2026-02-09T16:21:31,23,77,yes,4
90,1770682898,2026-02-09T16:21:38,23,77,yes,110
91,1770682898,2026-02-09T16:21:38,22,78,no,7
92,1770682899,2026-02-09T16:21:39,23,77,yes,20
93,1770682902,2026-02-09T16:21:42,23,77,yes,20
94,1770682902,2026-02-09T16:21:42,23,77,yes,37
95,1770682909,2026-02-09T16:21:49,23,77,yes,20
96,1770682913,2026-02-09T16:21:53,23,77,yes,20
97,1770682913,2026-02-09T16:21:53,23,77,yes,7
98,1770682918,2026-02-09T16:21:58,23,77,yes,38
99,1770682929,2026-02-09T16:22:09,23,77,yes,2
100,1770682929,2026-02-09T16:22:09,23,77,yes,20
101,1770682932,2026-02-09T16:22:12,23,77,yes,4
102,1770682933,2026-02-09T16:22:13,23,77,yes,41
103,1770682941,2026-02-09T16:22:21,23,77,yes,206
104,1770682941,2026-02-09T16:22:21,22,78,no,23
105,1770682949,2026-02-09T16:22:29,23,77,yes,4
106,1770682954,2026-02-09T16:22:34,23,77,yes,3
107,1770682958,2026-02-09T16:22:38,23,77,yes,4
108,1770682974,2026-02-09T16:22:54,23,77,yes,38
109,1770682974,2026-02-09T16:22:54,23,77,yes,4
110,1770682989,2026-02-09T16:23:09,23,77,yes,19
111,1770682991,2026-02-09T16:23:11,23,77,yes,206
112,1770682992,2026-02-09T16:23:12,23,77,yes,200
113,1770682996,2026-02-09T16:23:16,23,77,yes,20
114,1770682998,2026-02-09T16:23:18,23,77,yes,17
115,1770683002,2026-02-09T16:23:22,23,77,yes,20
116,1770683003,2026-02-09T16:23:23,23,77,yes,16
117,1770683008,2026-02-09T16:23:28,23,77,yes,40
118,1770683012,2026-02-09T16:23:32,23,77,yes,8
119,1770683013,2026-02-09T16:23:33,23,77,yes,52
120,1770683017,2026-02-09T16:23:37,23,77,yes,76
121,1770683017,2026-02-09T16:23:37,23,77,yes,103
122,1770683024,2026-02-09T16:23:44,23,77,yes,12
123,1770683026,2026-02-09T16:23:46,23,77,yes,19
124,1770683028,2026-02-09T16:23:48,23,77,yes,1
125,1770683028,2026-02-09T16:23:48,23,77,yes,41
126,1770683034,2026-02-09T16:23:54,23,77,yes,123
127,1770683042,2026-02-09T16:24:02,23,77,yes,8
128,1770683045,2026-02-09T16:24:05,23,77,yes,20
129,1770683046,2026-02-09T16:24:06,23,77,yes,20
130,1770683047,2026-02-09T16:24:07,23,77,yes,41
131,1770683053,2026-02-09T16:24:13,23,77,yes,4
132,1770683057,2026-02-09T16:24:17,23,77,yes,103
133,1770683062,2026-02-09T16:24:22,23,77,yes,103
134,1770683066,2026-02-09T16:24:26,23,77,yes,2
135,1770683068,2026-02-09T16:24:28,23,77,yes,61
136,1770683075,2026-02-09T16:24:35,23,77,yes,185
137,1770683084,2026-02-09T16:24:44,23,77,yes,19
138,1770683085,2026-02-09T16:24:45,23,77,yes,11
139,1770683091,2026-02-09T16:24:51,23,77,yes,8
140,1770683093,2026-02-09T16:24:53,23,77,yes,103
141,1770683095,2026-02-09T16:24:55,23,77,yes,20
142,1770683097,2026-02-09T16:24:57,23,77,yes,260
143,1770683103,2026-02-09T16:25:03,23,77,yes,12
144,1770683103,2026-02-09T16:25:03,23,77,yes,82
145,1770683104,2026-02-09T16:25:04,23,77,yes,61
146,1770683108,2026-02-09T16:25:08,23,77,yes,82
147,1770683113,2026-02-09T16:25:13,23,77,yes,20
148,1770683115,2026-02-09T16:25:15,23,77,yes,100
149,1770683121,2026-02-09T16:25:21,23,77,yes,4
150,1770683125,2026-02-09T16:25:25,23,77,yes,76
151,1770683126,2026-02-09T16:25:26,23,77,yes,40
152,1770683133,2026-02-09T16:25:33,23,77,yes,19
153,1770683134,2026-02-09T16:25:34,23,77,yes,25
154,1770683138,2026-02-09T16:25:38,23,77,yes,61
155,1770683140,2026-02-09T16:25:40,23,77,yes,10
156,1770683146,2026-02-09T16:25:46,23,77,yes,20
157,1770683147,2026-02-09T16:25:47,23,77,yes,41
158,1770683149,2026-02-09T16:25:49,23,77,yes,4
159,1770683161,2026-02-09T16:26:01,23,77,yes,20
160,1770683163,2026-02-09T16:26:03,23,77,yes,103
161,1770683164,2026-02-09T16:26:04,23,77,yes,41
162,1770683168,2026-02-09T16:26:08,23,77,yes,203
163,1770683169,2026-02-09T16:26:09,23,77,yes,38
164,1770683170,2026-02-09T16:26:10,23,77,yes,7
165,1770683173,2026-02-09T16:26:13,22,78,no,2121
166,1770683174,2026-02-09T16:26:14,23,77,yes,2
167,1770683175,2026-02-09T16:26:15,23,77,yes,20
168,1770683177,2026-02-09T16:26:17,23,77,yes,20
169,1770683181,2026-02-09T16:26:21,23,77,yes,25
170,1770683181,2026-02-09T16:26:21,23,77,yes,82
171,1770683183,2026-02-09T16:26:23,23,77,yes,8
172,1770683186,2026-02-09T16:26:26,23,77,yes,37
173,1770683189,2026-02-09T16:26:29,23,77,yes,19
174,1770683193,2026-02-09T16:26:33,23,77,yes,28
175,1770683197,2026-02-09T16:26:37,23,77,yes,4
176,1770683214,2026-02-09T16:26:54,23,77,yes,1654
177,1770683218,2026-02-09T16:26:58,23,77,yes,20
178,1770683227,2026-02-09T16:27:07,23,77,yes,103
179,1770683231,2026-02-09T16:27:11,23,77,yes,8
180,1770683235,2026-02-09T16:27:15,23,77,yes,5
181,1770683242,2026-02-09T16:27:22,23,77,yes,2000
182,1770683246,2026-02-09T16:27:26,23,77,yes,1
183,1770683251,2026-02-09T16:27:31,23,77,yes,76
184,1770683253,2026-02-09T16:27:33,23,77,yes,50
185,1770683253,2026-02-09T16:27:33,23,77,yes,120
186,1770683255,2026-02-09T16:27:35,23,77,yes,38
187,1770683258,2026-02-09T16:27:38,23,77,yes,8
188,1770683261,2026-02-09T16:27:41,23,77,yes,115
189,1770683262,2026-02-09T16:27:42,23,77,yes,250
190,1770683262,2026-02-09T16:27:42,23,77,yes,24
191,1770683267,2026-02-09T16:27:47,23,77,yes,20
192,1770683268,2026-02-09T16:27:48,23,77,yes,4000
193,1770683268,2026-02-09T16:27:48,23,77,yes,37
194,1770683269,2026-02-09T16:27:49,23,77,yes,3
195,1770683273,2026-02-09T16:27:53,23,77,yes,2
196,1770683280,2026-02-09T16:28:00,23,77,yes,1200
197,1770683280,2026-02-09T16:28:00,23,77,yes,247
198,1770683288,2026-02-09T16:28:08,23,77,yes,5
199,1770683298,2026-02-09T16:28:18,23,77,yes,20
200,1770683298,2026-02-09T16:28:18,23,77,yes,61
201,1770683298,2026-02-09T16:28:18,23,77,yes,1237
202,1770683303,2026-02-09T16:28:23,23,77,yes,20
203,1770683303,2026-02-09T16:28:23,23,77,yes,211
204,1770683305,2026-02-09T16:28:25,23,77,yes,7
205,1770683307,2026-02-09T16:28:27,23,77,yes,19
206,1770683307,2026-02-09T16:28:27,23,77,yes,4
207,1770683309,2026-02-09T16:28:29,23,77,yes,123
208,1770683310,2026-02-09T16:28:30,23,77,yes,3
209,1770683322,2026-02-09T16:28:42,23,77,yes,41
210,1770683328,2026-02-09T16:28:48,23,77,yes,8
211,1770683329,2026-02-09T16:28:49,23,77,yes,20
212,1770683329,2026-02-09T16:28:49,23,77,yes,76
213,1770683329,2026-02-09T16:28:49,23,77,yes,20
214,1770683333,2026-02-09T16:28:53,23,77,yes,19
215,1770683339,2026-02-09T16:28:59,23,77,yes,8
216,1770683340,2026-02-09T16:29:00,23,77,yes,20
217,1770683341,2026-02-09T16:29:01,23,77,yes,12
218,1770683349,2026-02-09T16:29:09,23,77,yes,38
219,1770683351,2026-02-09T16:29:11,23,77,yes,61
220,1770683355,2026-02-09T16:29:15,23,77,yes,206
221,1770683359,2026-02-09T16:29:19,23,77,yes,73
222,1770683359,2026-02-09T16:29:19,23,77,yes,12
223,1770683360,2026-02-09T16:29:20,23,77,yes,19
224,1770683361,2026-02-09T16:29:21,23,77,yes,34
225,1770683364,2026-02-09T16:29:24,23,77,yes,103
226,1770683365,2026-02-09T16:29:25,23,77,yes,19
227,1770683365,2026-02-09T16:29:25,23,77,yes,1
228,1770683366,2026-02-09T16:29:26,23,77,yes,61
229,1770683374,2026-02-09T16:29:34,23,77,yes,61
230,1770683377,2026-02-09T16:29:37,23,77,yes,41
231,1770683388,2026-02-09T16:29:48,23,77,yes,12
232,1770683389,2026-02-09T16:29:49,23,77,yes,20
233,1770683396,2026-02-09T16:29:56,23,77,yes,8
234,1770683396,2026-02-09T16:29:56,23,77,yes,144
235,1770683397,2026-02-09T16:29:57,23,77,yes,74
236,1770683398,2026-02-09T16:29:58,23,77,yes,4
237,1770683410,2026-02-09T16:30:10,23,77,yes,5
238,1770683410,2026-02-09T16:30:10,23,77,yes,8
239,1770683413,2026-02-09T16:30:13,23,77,yes,20
240,1770683415,2026-02-09T16:30:15,23,77,yes,60
241,1770683418,2026-02-09T16:30:18,23,77,yes,8
242,1770683418,2026-02-09T16:30:18,23,77,yes,20
243,1770683419,2026-02-09T16:30:19,23,77,yes,10
244,1770683420,2026-02-09T16:30:20,23,77,yes,20
245,1770683421,2026-02-09T16:30:21,23,77,yes,4
246,1770683422,2026-02-09T16:30:22,23,77,yes,21
247,1770683424,2026-02-09T16:30:24,23,77,yes,62
248,1770683430,2026-02-09T16:30:30,23,77,yes,12
249,1770683430,2026-02-09T16:30:30,23,77,yes,40
250,1770683435,2026-02-09T16:30:35,23,77,yes,20
251,1770683438,2026-02-09T16:30:38,23,77,yes,4
252,1770683440,2026-02-09T16:30:40,22,78,no,143
253,1770683445,2026-02-09T16:30:45,23,77,yes,66
254,1770683451,2026-02-09T16:30:51,23,77,yes,41
255,1770683453,2026-02-09T16:30:53,23,77,yes,6
256,1770683453,2026-02-09T16:30:53,23,77,yes,61
257,1770683455,2026-02-09T16:30:55,23,77,yes,60
258,1770683458,2026-02-09T16:30:58,23,77,yes,100
259,1770683461,2026-02-09T16:31:01,23,77,yes,42
260,1770683463,2026-02-09T16:31:03,23,77,yes,8
261,1770683469,2026-02-09T16:31:09,23,77,yes,20
262,1770683473,2026-02-09T16:31:13,23,77,yes,2062
263,1770683478,2026-02-09T16:31:18,23,77,yes,41
264,1770683478,2026-02-09T16:31:18,23,77,yes,19
265,1770683481,2026-02-09T16:31:21,23,77,yes,20
266,1770683488,2026-02-09T16:31:28,23,77,yes,38
267,1770683491,2026-02-09T16:31:31,23,77,yes,20
268,1770683494,2026-02-09T16:31:34,23,77,yes,20
269,1770683495,2026-02-09T16:31:35,23,77,yes,20
270,1770683495,2026-02-09T16:31:35,23,77,yes,100
271,1770683501,2026-02-09T16:31:41,23,77,yes,8
272,1770683503,2026-02-09T16:31:43,23,77,yes,41
273,1770683513,2026-02-09T16:31:53,22,78,no,20
274,1770683514,2026-02-09T16:31:54,23,77,yes,66
275,1770683516,2026-02-09T16:31:56,23,77,yes,123
276,1770683520,2026-02-09T16:32:00,23,77,yes,28
277,1770683522,2026-02-09T16:32:02,23,77,yes,63
278,1770683526,2026-02-09T16:32:06,23,77,yes,41
279,1770683530,2026-02-09T16:32:10,23,77,yes,40
280,1770683535,2026-02-09T16:32:15,23,77,yes,41
281,1770683538,2026-02-09T16:32:18,23,77,yes,153
282,1770683550,2026-02-09T16:32:30,23,77,yes,41
283,1770683550,2026-02-09T16:32:30,23,77,yes,206
284,1770683550,2026-02-09T16:32:30,23,77,yes,80
285,1770683551,2026-02-09T16:32:31,23,77,yes,500
286,1770683552,2026-02-09T16:32:32,23,77,yes,20
287,1770683555,2026-02-09T16:32:35,23,77,yes,600
288,1770683559,2026-02-09T16:32:39,23,77,yes,11
289,1770683562,2026-02-09T16:32:42,23,77,yes,8
290,1770683564,2026-02-09T16:32:44,23,77,yes,206
291,1770683564,2026-02-09T16:32:44,23,77,yes,200
292,1770683565,2026-02-09T16:32:45,23,77,yes,8
293,1770683567,2026-02-09T16:32:47,23,77,yes,20
294,1770683567,2026-02-09T16:32:47,23,77,yes,103
295,1770683572,2026-02-09T16:32:52,23,77,yes,41
296,1770683574,2026-02-09T16:32:54,23,77,yes,5
297,1770683577,2026-02-09T16:32:57,23,77,yes,20
298,1770683578,2026-02-09T16:32:58,23,77,yes,12
299,1770683585,2026-02-09T16:33:05,23,77,yes,10
300,1770683586,2026-02-09T16:33:06,23,77,yes,4
301,1770683588,2026-02-09T16:33:08,23,77,yes,7
302,1770683595,2026-02-09T16:33:15,23,77,yes,412
303,1770683602,2026-02-09T16:33:22,23,77,yes,19
304,1770683606,2026-02-09T16:33:26,23,77,yes,4
305,1770683609,2026-02-09T16:33:29,22,78,no,61
306,1770683613,2026-02-09T16:33:33,23,77,yes,82
307,1770683618,2026-02-09T16:33:38,23,77,yes,69
308,1770683623,2026-02-09T16:33:43,23,77,yes,20
309,1770683624,2026-02-09T16:33:44,22,78,no,4
310,1770683626,2026-02-09T16:33:46,23,77,yes,20
311,1770683627,2026-02-09T16:33:47,23,77,yes,5
312,1770683630,2026-02-09T16:33:50,23,77,yes,4
313,1770683630,2026-02-09T16:33:50,23,77,yes,41
314,1770683630,2026-02-09T16:33:50,22,78,no,4
315,1770683636,2026-02-09T16:33:56,23,77,yes,103
316,1770683636,2026-02-09T16:33:56,23,77,yes,41
317,1770683637,2026-02-09T16:33:57,23,77,yes,100
318,1770683637,2026-02-09T16:33:57,23,77,yes,8
319,1770683639,2026-02-09T16:33:59,23,77,yes,20
320,1770683642,2026-02-09T16:34:02,23,77,yes,4
321,1770683643,2026-02-09T16:34:03,23,77,yes,20
322,1770683643,2026-02-09T16:34:03,23,77,yes,100
323,1770683649,2026-02-09T16:34:09,23,77,yes,104
324,1770683661,2026-02-09T16:34:21,23,77,yes,2
325,1770683667,2026-02-09T16:34:27,23,77,yes,82
326,1770683668,2026-02-09T16:34:28,23,77,yes,20
327,1770683670,2026-02-09T16:34:30,23,77,yes,20
328,1770683680,2026-02-09T16:34:40,23,77,yes,41
329,1770683680,2026-02-09T16:34:40,23,77,yes,76
330,1770683682,2026-02-09T16:34:42,23,77,yes,250
331,1770683692,2026-02-09T16:34:52,22,78,no,28
332,1770683698,2026-02-09T16:34:58,23,77,yes,4
333,1770683702,2026-02-09T16:35:02,23,77,yes,97
334,1770683713,2026-02-09T16:35:13,23,77,yes,20
335,1770683716,2026-02-09T16:35:16,23,77,yes,33
336,1770683720,2026-02-09T16:35:20,23,77,yes,27
337,1770683733,2026-02-09T16:35:33,23,77,yes,12
338,1770683734,2026-02-09T16:35:34,23,77,yes,20
339,1770683735,2026-02-09T16:35:35,23,77,yes,7
340,1770683736,2026-02-09T16:35:36,23,77,yes,8
341,1770683739,2026-02-09T16:35:39,23,77,yes,20
342,1770683749,2026-02-09T16:35:49,23,77,yes,5
343,1770683755,2026-02-09T16:35:55,23,77,yes,103
344,1770683758,2026-02-09T16:35:58,23,77,yes,40
345,1770683759,2026-02-09T16:35:59,23,77,yes,41
346,1770683762,2026-02-09T16:36:02,23,77,yes,412
347,1770683763,2026-02-09T16:36:03,23,77,yes,12
348,1770683771,2026-02-09T16:36:11,23,77,yes,57
349,1770683775,2026-02-09T16:36:15,23,77,yes,4084
350,1770683788,2026-02-09T16:36:28,23,77,yes,8
351,1770683795,2026-02-09T16:36:35,23,77,yes,8
352,1770683796,2026-02-09T16:36:36,23,77,yes,400
353,1770683798,2026-02-09T16:36:38,23,77,yes,2
354,1770683799,2026-02-09T16:36:39,23,77,yes,37
355,1770683800,2026-02-09T16:36:40,23,77,yes,618
356,1770683802,2026-02-09T16:36:42,23,77,yes,41
357,1770683805,2026-02-09T16:36:45,23,77,yes,19
358,1770683806,2026-02-09T16:36:46,23,77,yes,76
359,1770683822,2026-02-09T16:37:02,23,77,yes,6
360,1770683824,2026-02-09T16:37:04,23,77,yes,20
361,1770683824,2026-02-09T16:37:04,23,77,yes,192
362,1770683825,2026-02-09T16:37:05,23,77,yes,82
363,1770683827,2026-02-09T16:37:07,23,77,yes,4
364,1770683829,2026-02-09T16:37:09,23,77,yes,20
365,1770683833,2026-02-09T16:37:13,23,77,yes,99
366,1770683838,2026-02-09T16:37:18,23,77,yes,200
367,1770683838,2026-02-09T16:37:18,23,77,yes,38
368,1770683840,2026-02-09T16:37:20,23,77,yes,8
369,1770683856,2026-02-09T16:37:36,23,77,yes,500
370,1770683865,2026-02-09T16:37:45,23,77,yes,20
371,1770683871,2026-02-09T16:37:51,23,77,yes,29
372,1770683874,2026-02-09T16:37:54,23,77,yes,20
373,1770683879,2026-02-09T16:37:59,23,77,yes,8
374,1770683879,2026-02-09T16:37:59,23,77,yes,19
375,1770683883,2026-02-09T16:38:03,23,77,yes,500
376,1770683891,2026-02-09T16:38:11,23,77,yes,103
377,1770683891,2026-02-09T16:38:11,23,77,yes,3
378,1770683897,2026-02-09T16:38:17,23,77,yes,9
379,1770683903,2026-02-09T16:38:23,23,77,yes,165
380,1770683912,2026-02-09T16:38:32,23,77,yes,40
381,1770683921,2026-02-09T16:38:41,23,77,yes,41
382,1770683921,2026-02-09T16:38:41,23,77,yes,20
383,1770683921,2026-02-09T16:38:41,23,77,yes,100
384,1770683928,2026-02-09T16:38:48,23,77,yes,12
385,1770683932,2026-02-09T16:38:52,23,77,yes,8
386,1770683933,2026-02-09T16:38:53,23,77,yes,20
387,1770683934,2026-02-09T16:38:54,23,77,yes,1031
388,1770683936,2026-02-09T16:38:56,23,77,yes,41
389,1770683955,2026-02-09T16:39:15,23,77,yes,4
390,1770683964,2026-02-09T16:39:24,23,77,yes,61
391,1770683965,2026-02-09T16:39:25,23,77,yes,57
392,1770683973,2026-02-09T16:39:33,23,77,yes,25
393,1770683981,2026-02-09T16:39:41,23,77,yes,20
394,1770683989,2026-02-09T16:39:49,23,77,yes,20
395,1770683992,2026-02-09T16:39:52,23,77,yes,92
396,1770683994,2026-02-09T16:39:54,23,77,yes,5
397,1770683996,2026-02-09T16:39:56,23,77,yes,20
398,1770683997,2026-02-09T16:39:57,23,77,yes,82
399,1770684000,2026-02-09T16:40:00,23,77,yes,20
400,1770684008,2026-02-09T16:40:08,23,77,yes,4
401,1770684011,2026-02-09T16:40:11,23,77,yes,536
402,1770684020,2026-02-09T16:40:20,23,77,yes,12
403,1770684023,2026-02-09T16:40:23,23,77,yes,20
404,1770684029,2026-02-09T16:40:29,23,77,yes,206
405,1770684034,2026-02-09T16:40:34,23,77,yes,100
406,1770684037,2026-02-09T16:40:37,23,77,yes,20
407,1770684038,2026-02-09T16:40:38,23,77,yes,76
408,1770684046,2026-02-09T16:40:46,22,78,no,100
409,1770684046,2026-02-09T16:40:46,22,78,no,13
410,1770684046,2026-02-09T16:40:46,22,78,no,500
411,1770684046,2026-02-09T16:40:46,22,78,no,12
412,1770684046,2026-02-09T16:40:46,22,78,no,24
413,1770684046,2026-02-09T16:40:46,22,78,no,24
414,1770684046,2026-02-09T16:40:46,22,78,no,24
415,1770684046,2026-02-09T16:40:46,22,78,no,24
416,1770684046,2026-02-09T16:40:46,22,78,no,24
417,1770684046,2026-02-09T16:40:46,22,78,no,1
418,1770684055,2026-02-09T16:40:55,22,78,yes,215
419,1770684060,2026-02-09T16:41:00,22,78,yes,2
420,1770684064,2026-02-09T16:41:04,22,78,yes,46
421,1770684066,2026-02-09T16:41:06,22,78,yes,12
422,1770684070,2026-02-09T16:41:10,22,78,yes,4
423,1770684071,2026-02-09T16:41:11,22,78,yes,1104
424,1770684075,2026-02-09T16:41:15,22,78,yes,21
425,1770684083,2026-02-09T16:41:23,22,78,yes,8
426,1770684085,2026-02-09T16:41:25,22,78,yes,1000
427,1770684085,2026-02-09T16:41:25,22,78,yes,21
428,1770684092,2026-02-09T16:41:32,22,78,yes,4
429,1770684095,2026-02-09T16:41:35,22,78,yes,21
430,1770684095,2026-02-09T16:41:35,22,78,yes,5
431,1770684095,2026-02-09T16:41:35,22,78,yes,12
432,1770684097,2026-02-09T16:41:37,22,78,yes,1973
433,1770684103,2026-02-09T16:41:43,21,79,no,20
434,1770684103,2026-02-09T16:41:43,21,79,no,1
435,1770684106,2026-02-09T16:41:46,22,78,yes,6
436,1770684110,2026-02-09T16:41:50,22,78,yes,6
437,1770684110,2026-02-09T16:41:50,22,78,yes,27
438,1770684110,2026-02-09T16:41:50,22,78,yes,11
439,1770684110,2026-02-09T16:41:50,22,78,yes,63
440,1770684113,2026-02-09T16:41:53,22,78,yes,5
441,1770684113,2026-02-09T16:41:53,22,78,yes,3
442,1770684119,2026-02-09T16:41:59,22,78,yes,12
443,1770684121,2026-02-09T16:42:01,22,78,yes,4
444,1770684121,2026-02-09T16:42:01,22,78,yes,14
445,1770684121,2026-02-09T16:42:01,22,78,yes,89
446,1770684122,2026-02-09T16:42:02,22,78,yes,21
447,1770684129,2026-02-09T16:42:09,22,78,yes,12
448,1770684134,2026-02-09T16:42:14,23,77,yes,1
449,1770684138,2026-02-09T16:42:18,23,77,yes,12
450,1770684138,2026-02-09T16:42:18,23,77,yes,49
451,1770684146,2026-02-09T16:42:26,23,77,yes,64
452,1770684149,2026-02-09T16:42:29,23,77,yes,4
453,1770684152,2026-02-09T16:42:32,23,77,yes,26
454,1770684154,2026-02-09T16:42:34,23,77,yes,3
455,1770684158,2026-02-09T16:42:38,23,77,yes,4
456,1770684161,2026-02-09T16:42:41,23,77,yes,4
457,1770684169,2026-02-09T16:42:49,23,77,yes,8
458,1770684171,2026-02-09T16:42:51,23,77,yes,500
459,1770684172,2026-02-09T16:42:52,23,77,yes,100
460,1770684173,2026-02-09T16:42:53,23,77,yes,76
461,1770684180,2026-02-09T16:43:00,23,77,yes,20
462,1770684181,2026-02-09T16:43:01,23,77,yes,40
463,1770684182,2026-02-09T16:43:02,23,77,yes,61
464,1770684185,2026-02-09T16:43:05,23,77,yes,22
465,1770684185,2026-02-09T16:43:05,23,77,yes,74
466,1770684189,2026-02-09T16:43:09,22,78,no,8
467,1770684195,2026-02-09T16:43:15,23,77,yes,15
468,1770684196,2026-02-09T16:43:16,23,77,yes,41
469,1770684197,2026-02-09T16:43:17,23,77,yes,8
470,1770684199,2026-02-09T16:43:19,23,77,yes,177
471,1770684200,2026-02-09T16:43:20,23,77,yes,500
472,1770684201,2026-02-09T16:43:21,23,77,yes,14
473,1770684201,2026-02-09T16:43:21,23,77,yes,6
474,1770684201,2026-02-09T16:43:21,23,77,yes,5
475,1770684201,2026-02-09T16:43:21,23,77,yes,3
476,1770684201,2026-02-09T16:43:21,23,77,yes,6
477,1770684201,2026-02-09T16:43:21,23,77,yes,5
478,1770684201,2026-02-09T16:43:21,23,77,yes,41
479,1770684207,2026-02-09T16:43:27,23,77,yes,14
480,1770684207,2026-02-09T16:43:27,24,76,yes,7
481,1770684207,2026-02-09T16:43:27,24,76,yes,9
482,1770684209,2026-02-09T16:43:29,23,77,yes,2
483,1770684209,2026-02-09T16:43:29,23,77,yes,7
484,1770684209,2026-02-09T16:43:29,23,77,yes,250
485,1770684210,2026-02-09T16:43:30,23,77,yes,16
486,1770684214,2026-02-09T16:43:34,23,77,yes,8
487,1770684221,2026-02-09T16:43:41,23,77,yes,6
488,1770684221,2026-02-09T16:43:41,23,77,yes,2
489,1770684223,2026-02-09T16:43:43,23,77,yes,7
490,1770684223,2026-02-09T16:43:43,23,77,yes,12
491,1770684224,2026-02-09T16:43:44,23,77,yes,1
492,1770684224,2026-02-09T16:43:44,23,77,yes,12
493,1770684224,2026-02-09T16:43:44,23,77,yes,48
494,1770684225,2026-02-09T16:43:45,23,77,yes,20
495,1770684228,2026-02-09T16:43:48,23,77,yes,16
496,1770684230,2026-02-09T16:43:50,23,77,yes,41
497,1770684232,2026-02-09T16:43:52,23,77,yes,20
498,1770684236,2026-02-09T16:43:56,23,77,yes,5
499,1770684236,2026-02-09T16:43:56,23,77,yes,1
500,1770684236,2026-02-09T16:43:56,23,77,yes,4
501,1770684236,2026-02-09T16:43:56,23,77,yes,1
502,1770684237,2026-02-09T16:43:57,23,77,yes,8
503,1770684237,2026-02-09T16:43:57,23,77,yes,10
504,1770684237,2026-02-09T16:43:57,23,77,yes,58
505,1770684240,2026-02-09T16:44:00,23,77,yes,12
506,1770684246,2026-02-09T16:44:06,24,76,yes,9
507,1770684246,2026-02-09T16:44:06,24,76,yes,64
508,1770684246,2026-02-09T16:44:06,24,76,yes,3
509,1770684246,2026-02-09T16:44:06,24,76,yes,6
510,1770684246,2026-02-09T16:44:06,24,76,yes,322
511,1770684246,2026-02-09T16:44:06,24,76,yes,11
512,1770684251,2026-02-09T16:44:11,24,76,yes,13
513,1770684251,2026-02-09T16:44:11,24,76,yes,1
514,1770684251,2026-02-09T16:44:11,24,76,yes,84
515,1770684254,2026-02-09T16:44:14,24,76,yes,15
516,1770684255,2026-02-09T16:44:15,24,76,yes,20
517,1770684257,2026-02-09T16:44:17,25,75,yes,9
518,1770684257,2026-02-09T16:44:17,25,75,yes,10
519,1770684257,2026-02-09T16:44:17,25,75,yes,6
520,1770684257,2026-02-09T16:44:17,25,75,yes,1
521,1770684257,2026-02-09T16:44:17,25,75,yes,5
522,1770684257,2026-02-09T16:44:17,25,75,yes,69
523,1770684257,2026-02-09T16:44:17,25,75,yes,19
524,1770684260,2026-02-09T16:44:20,24,76,yes,50
525,1770684261,2026-02-09T16:44:21,24,76,yes,1
526,1770684261,2026-02-09T16:44:21,24,76,yes,3
527,1770684261,2026-02-09T16:44:21,24,76,yes,24
528,1770684262,2026-02-09T16:44:22,24,76,yes,7
529,1770684266,2026-02-09T16:44:26,23,77,no,14
530,1770684266,2026-02-09T16:44:26,23,77,no,25
531,1770684266,2026-02-09T16:44:26,23,77,no,2
532,1770684267,2026-02-09T16:44:27,24,76,yes,500
533,1770684271,2026-02-09T16:44:31,24,76,yes,300
534,1770684272,2026-02-09T16:44:32,24,76,yes,19
535,1770684276,2026-02-09T16:44:36,23,77,no,23
536,1770684279,2026-02-09T16:44:39,24,76,yes,19
537,1770684280,2026-02-09T16:44:40,24,76,yes,10
538,1770684290,2026-02-09T16:44:50,24,76,yes,15
539,1770684290,2026-02-09T16:44:50,24,76,yes,39
540,1770684291,2026-02-09T16:44:51,24,76,yes,500
541,1770684292,2026-02-09T16:44:52,24,76,yes,3
542,1770684292,2026-02-09T16:44:52,24,76,yes,92
543,1770684293,2026-02-09T16:44:53,24,76,yes,39
544,1770684294,2026-02-09T16:44:54,24,76,yes,37
545,1770684296,2026-02-09T16:44:56,23,77,no,12
546,1770684296,2026-02-09T16:44:56,24,76,yes,13
547,1770684297,2026-02-09T16:44:57,23,77,no,50
548,1770684297,2026-02-09T16:44:57,23,77,no,13
549,1770684297,2026-02-09T16:44:57,23,77,no,500
550,1770684303,2026-02-09T16:45:03,23,77,yes,12
551,1770684303,2026-02-09T16:45:03,24,76,yes,6
552,1770684303,2026-02-09T16:45:03,24,76,yes,5
553,1770684303,2026-02-09T16:45:03,24,76,yes,6
554,1770684303,2026-02-09T16:45:03,24,76,yes,8
555,1770684303,2026-02-09T16:45:03,24,76,yes,6
556,1770684303,2026-02-09T16:45:03,24,76,yes,56
557,1770684311,2026-02-09T16:45:11,24,76,yes,7
558,1770684311,2026-02-09T16:45:11,24,76,yes,32
559,1770684312,2026-02-09T16:45:12,24,76,yes,12
560,1770684312,2026-02-09T16:45:12,25,75,yes,1
561,1770684312,2026-02-09T16:45:12,25,75,yes,2
562,1770684312,2026-02-09T16:45:12,25,75,yes,4
563,1770684314,2026-02-09T16:45:14,25,75,yes,3
564,1770684314,2026-02-09T16:45:14,25,75,yes,2
565,1770684314,2026-02-09T16:45:14,25,75,yes,7
566,1770684314,2026-02-09T16:45:14,25,75,yes,69
567,1770684318,2026-02-09T16:45:18,25,75,yes,5
568,1770684318,2026-02-09T16:45:18,25,75,yes,15
569,1770684318,2026-02-09T16:45:18,25,75,yes,14
570,1770684318,2026-02-09T16:45:18,25,75,yes,5
571,1770684323,2026-02-09T16:45:23,26,74,yes,1
572,1770684323,2026-02-09T16:45:23,26,74,yes,3
573,1770684323,2026-02-09T16:45:23,26,74,yes,1
574,1770684323,2026-02-09T16:45:23,26,74,yes,63
575,1770684323,2026-02-09T16:45:23,26,74,yes,87
576,1770684323,2026-02-09T16:45:23,26,74,yes,22
577,1770684323,2026-02-09T16:45:23,26,74,yes,10
578,1770684323,2026-02-09T16:45:23,26,74,yes,18
579,1770684324,2026-02-09T16:45:24,26,74,yes,46
580,1770684325,2026-02-09T16:45:25,26,74,yes,7
581,1770684328,2026-02-09T16:45:28,26,74,yes,18
582,1770684329,2026-02-09T16:45:29,26,74,yes,18
583,1770684331,2026-02-09T16:45:31,26,74,yes,303
584,1770684331,2026-02-09T16:45:31,26,74,yes,200
585,1770684332,2026-02-09T16:45:32,25,75,no,12
586,1770684336,2026-02-09T16:45:36,25,75,yes,22
587,1770684341,2026-02-09T16:45:41,25,75,yes,92
588,1770684341,2026-02-09T16:45:41,25,75,yes,19
589,1770684343,2026-02-09T16:45:43,25,75,yes,10
590,1770684344,2026-02-09T16:45:44,25,75,yes,40
591,1770684345,2026-02-09T16:45:45,25,75,yes,400
592,1770684346,2026-02-09T16:45:46,25,75,yes,112
593,1770684346,2026-02-09T16:45:46,25,75,yes,3
594,1770684348,2026-02-09T16:45:48,25,75,yes,57
595,1770684351,2026-02-09T16:45:51,25,75,yes,3
596,1770684352,2026-02-09T16:45:52,25,75,yes,12
597,1770684352,2026-02-09T16:45:52,25,75,yes,6
598,1770684352,2026-02-09T16:45:52,25,75,yes,1
599,1770684352,2026-02-09T16:45:52,25,75,yes,15
600,1770684352,2026-02-09T16:45:52,25,75,yes,5
601,1770684352,2026-02-09T16:45:52,25,75,yes,11
602,1770684352,2026-02-09T16:45:52,25,75,yes,11
603,1770684352,2026-02-09T16:45:52,25,75,yes,13
604,1770684354,2026-02-09T16:45:54,25,75,yes,222
605,1770684356,2026-02-09T16:45:56,25,75,yes,9
606,1770684356,2026-02-09T16:45:56,25,75,yes,95
607,1770684358,2026-02-09T16:45:58,25,75,yes,38
608,1770684359,2026-02-09T16:45:59,25,75,yes,3
609,1770684360,2026-02-09T16:46:00,25,75,yes,380
610,1770684360,2026-02-09T16:46:00,25,75,yes,74
611,1770684363,2026-02-09T16:46:03,25,75,yes,558
612,1770684363,2026-02-09T16:46:03,25,75,yes,12
613,1770684363,2026-02-09T16:46:03,25,75,yes,5
614,1770684365,2026-02-09T16:46:05,25,75,yes,30
615,1770684365,2026-02-09T16:46:05,25,75,yes,152
616,1770684370,2026-02-09T16:46:10,25,75,yes,5
617,1770684370,2026-02-09T16:46:10,25,75,yes,175
618,1770684371,2026-02-09T16:46:11,25,75,yes,3800
619,1770684371,2026-02-09T16:46:11,25,75,yes,96
620,1770684371,2026-02-09T16:46:11,25,75,yes,3
621,1770684373,2026-02-09T16:46:13,25,75,yes,19
622,1770684374,2026-02-09T16:46:14,25,75,yes,37
623,1770684375,2026-02-09T16:46:15,25,75,yes,3
624,1770684375,2026-02-09T16:46:15,25,75,yes,19
625,1770684377,2026-02-09T16:46:17,25,75,yes,20
626,1770684378,2026-02-09T16:46:18,25,75,yes,33
627,1770684378,2026-02-09T16:46:18,25,75,yes,25
628,1770684381,2026-02-09T16:46:21,25,75,yes,190
629,1770684382,2026-02-09T16:46:22,25,75,yes,17
630,1770684383,2026-02-09T16:46:23,25,75,yes,3
631,1770684383,2026-02-09T16:46:23,25,75,yes,187
632,1770684384,2026-02-09T16:46:24,25,75,yes,74
633,1770684387,2026-02-09T16:46:27,25,75,yes,100
634,1770684388,2026-02-09T16:46:28,25,75,yes,76
635,1770684388,2026-02-09T16:46:28,25,75,yes,185
636,1770684391,2026-02-09T16:46:31,25,75,yes,76
637,1770684393,2026-02-09T16:46:33,25,75,yes,21
638,1770684394,2026-02-09T16:46:34,25,75,yes,7
639,1770684394,2026-02-09T16:46:34,25,75,yes,10
640,1770684394,2026-02-09T16:46:34,25,75,yes,5
641,1770684394,2026-02-09T16:46:34,25,75,yes,28
642,1770684396,2026-02-09T16:46:36,25,75,no,1
643,1770684398,2026-02-09T16:46:38,26,74,yes,12
644,1770684398,2026-02-09T16:46:38,26,74,yes,10
645,1770684398,2026-02-09T16:46:38,26,74,yes,9
646,1770684398,2026-02-09T16:46:38,26,74,yes,5
647,1770684401,2026-02-09T16:46:41,26,74,yes,7
648,1770684401,2026-02-09T16:46:41,26,74,yes,5
649,1770684401,2026-02-09T16:46:41,26,74,yes,41
650,1770684401,2026-02-09T16:46:41,26,74,yes,182
651,1770684403,2026-02-09T16:46:43,26,74,yes,91
652,1770684405,2026-02-09T16:46:45,26,74,yes,250
653,1770684406,2026-02-09T16:46:46,26,74,yes,17
654,1770684406,2026-02-09T16:46:46,26,74,yes,354
655,1770684406,2026-02-09T16:46:46,26,74,yes,36
656,1770684413,2026-02-09T16:46:53,26,74,yes,13
657,1770684413,2026-02-09T16:46:53,26,74,yes,6
658,1770684413,2026-02-09T16:46:53,26,74,yes,5
659,1770684417,2026-02-09T16:46:57,26,74,yes,18
660,1770684417,2026-02-09T16:46:57,26,74,yes,14
661,1770684417,2026-02-09T16:46:57,26,74,yes,18
662,1770684420,2026-02-09T16:47:00,25,75,no,11
663,1770684420,2026-02-09T16:47:00,25,75,no,5
664,1770684420,2026-02-09T16:47:00,26,74,yes,8
665,1770684420,2026-02-09T16:47:00,26,74,yes,6
666,1770684422,2026-02-09T16:47:02,25,75,yes,18
667,1770684424,2026-02-09T16:47:04,25,75,yes,7
668,1770684425,2026-02-09T16:47:05,25,75,yes,4
669,1770684425,2026-02-09T16:47:05,25,75,yes,18
670,1770684426,2026-02-09T16:47:06,25,75,yes,17
671,1770684426,2026-02-09T16:47:06,25,75,yes,22
672,1770684428,2026-02-09T16:47:08,25,75,yes,19
673,1770684428,2026-02-09T16:47:08,25,75,yes,21
674,1770684428,2026-02-09T16:47:08,25,75,yes,4
675,1770684428,2026-02-09T16:47:08,26,74,yes,17
676,1770684428,2026-02-09T16:47:08,26,74,yes,16
677,1770684428,2026-02-09T16:47:08,26,74,yes,5
678,1770684428,2026-02-09T16:47:08,26,74,yes,7
679,1770684428,2026-02-09T16:47:08,26,74,yes,58
680,1770684431,2026-02-09T16:47:11,25,75,yes,50
681,1770684432,2026-02-09T16:47:12,25,75,yes,19
682,1770684437,2026-02-09T16:47:17,25,75,yes,304
683,1770684438,2026-02-09T16:47:18,25,75,yes,19
684,1770684438,2026-02-09T16:47:18,25,75,yes,74
685,1770684438,2026-02-09T16:47:18,25,75,yes,49
686,1770684439,2026-02-09T16:47:19,24,76,no,83
687,1770684439,2026-02-09T16:47:19,24,76,no,13
688,1770684440,2026-02-09T16:47:20,24,76,yes,11
689,1770684443,2026-02-09T16:47:23,23,77,yes,28
690,1770684444,2026-02-09T16:47:24,23,77,yes,4
691,1770684444,2026-02-09T16:47:24,23,77,yes,3
692,1770684445,2026-02-09T16:47:25,23,77,yes,11
693,1770684446,2026-02-09T16:47:26,24,76,yes,20
694,1770684448,2026-02-09T16:47:28,24,76,yes,18
695,1770684448,2026-02-09T16:47:28,24,76,yes,100
696,1770684448,2026-02-09T16:47:28,24,76,yes,80
697,1770684449,2026-02-09T16:47:29,24,76,yes,500
698,1770684449,2026-02-09T16:47:29,24,76,yes,19
699,1770684451,2026-02-09T16:47:31,24,76,yes,19
700,1770684451,2026-02-09T16:47:31,24,76,yes,3
701,1770684451,2026-02-09T16:47:31,24,76,yes,16
702,1770684451,2026-02-09T16:47:31,24,76,yes,158
703,1770684453,2026-02-09T16:47:33,24,76,yes,98
704,1770684453,2026-02-09T16:47:33,24,76,yes,79
705,1770684455,2026-02-09T16:47:35,24,76,yes,19
706,1770684457,2026-02-09T16:47:37,24,76,yes,3
707,1770684457,2026-02-09T16:47:37,24,76,yes,3
708,1770684462,2026-02-09T16:47:42,24,76,yes,10
709,1770684462,2026-02-09T16:47:42,24,76,yes,1
710,1770684462,2026-02-09T16:47:42,25,75,yes,3
711,1770684462,2026-02-09T16:47:42,25,75,yes,6
712,1770684463,2026-02-09T16:47:43,24,76,yes,19
713,1770684467,2026-02-09T16:47:47,24,76,yes,9
714,1770684469,2026-02-09T16:47:49,24,76,yes,19
715,1770684469,2026-02-09T16:47:49,24,76,yes,11
716,1770684469,2026-02-09T16:47:49,24,76,yes,3
717,1770684469,2026-02-09T16:47:49,24,76,yes,26
718,1770684474,2026-02-09T16:47:54,24,76,yes,3
719,1770684474,2026-02-09T16:47:54,24,76,yes,1
720,1770684475,2026-02-09T16:47:55,24,76,yes,1
721,1770684477,2026-02-09T16:47:57,24,76,yes,96
722,1770684477,2026-02-09T16:47:57,24,76,yes,23
723,1770684478,2026-02-09T16:47:58,24,76,yes,57
724,1770684479,2026-02-09T16:47:59,24,76,yes,1582
725,1770684481,2026-02-09T16:48:01,24,76,yes,138
726,1770684483,2026-02-09T16:48:03,24,76,yes,5
727,1770684484,2026-02-09T16:48:04,24,76,yes,100
728,1770684484,2026-02-09T16:48:04,24,76,yes,59
729,1770684485,2026-02-09T16:48:05,24,76,yes,7
730,1770684486,2026-02-09T16:48:06,24,76,yes,1
731,1770684486,2026-02-09T16:48:06,24,76,yes,370
732,1770684488,2026-02-09T16:48:08,24,76,yes,192
733,1770684488,2026-02-09T16:48:08,24,76,yes,20
734,1770684488,2026-02-09T16:48:08,24,76,yes,38
735,1770684489,2026-02-09T16:48:09,24,76,yes,19
736,1770684491,2026-02-09T16:48:11,24,76,yes,192
737,1770684492,2026-02-09T16:48:12,24,76,yes,19
738,1770684492,2026-02-09T16:48:12,24,76,yes,1
739,1770684494,2026-02-09T16:48:14,24,76,yes,39
740,1770684494,2026-02-09T16:48:14,24,76,yes,10
741,1770684496,2026-02-09T16:48:16,24,76,yes,19
742,1770684497,2026-02-09T16:48:17,24,76,yes,76
743,1770684497,2026-02-09T16:48:17,23,77,no,13
744,1770684497,2026-02-09T16:48:17,23,77,yes,42
745,1770684498,2026-02-09T16:48:18,23,77,yes,7
746,1770684500,2026-02-09T16:48:20,23,77,yes,18
747,1770684500,2026-02-09T16:48:20,23,77,yes,19
748,1770684501,2026-02-09T16:48:21,23,77,yes,20
749,1770684503,2026-02-09T16:48:23,23,77,yes,100
750,1770684504,2026-02-09T16:48:24,23,77,yes,5
751,1770684505,2026-02-09T16:48:25,23,77,yes,20
752,1770684507,2026-02-09T16:48:27,22,78,no,1
753,1770684507,2026-02-09T16:48:27,23,77,yes,16
754,1770684507,2026-02-09T16:48:27,22,78,no,1
755,1770684509,2026-02-09T16:48:29,23,77,yes,7
756,1770684510,2026-02-09T16:48:30,23,77,yes,20
757,1770684511,2026-02-09T16:48:31,23,77,yes,4
758,1770684511,2026-02-09T16:48:31,23,77,yes,41
759,1770684513,2026-02-09T16:48:33,23,77,yes,8
760,1770684513,2026-02-09T16:48:33,23,77,yes,10
761,1770684513,2026-02-09T16:48:33,24,76,yes,18
762,1770684514,2026-02-09T16:48:34,24,76,yes,57
763,1770684517,2026-02-09T16:48:37,24,76,yes,8
764,1770684517,2026-02-09T16:48:37,24,76,yes,19
765,1770684517,2026-02-09T16:48:37,24,76,yes,3
766,1770684517,2026-02-09T16:48:37,24,76,yes,11
767,1770684520,2026-02-09T16:48:40,25,75,yes,2
768,1770684520,2026-02-09T16:48:40,25,75,yes,9
769,1770684521,2026-02-09T16:48:41,25,75,yes,38
770,1770684521,2026-02-09T16:48:41,25,75,yes,15
771,1770684522,2026-02-09T16:48:42,24,76,no,14
772,1770684522,2026-02-09T16:48:42,24,76,yes,3
773,1770684528,2026-02-09T16:48:48,24,76,yes,19
774,1770684529,2026-02-09T16:48:49,23,77,no,4
775,1770684529,2026-02-09T16:48:49,24,76,yes,96
776,1770684529,2026-02-09T16:48:49,24,76,yes,8
777,1770684530,2026-02-09T16:48:50,24,76,yes,395
778,1770684533,2026-02-09T16:48:53,24,76,yes,158
779,1770684533,2026-02-09T16:48:53,24,76,yes,19
780,1770684538,2026-02-09T16:48:58,23,77,no,9
781,1770684538,2026-02-09T16:48:58,23,77,no,5
782,1770684538,2026-02-09T16:48:58,23,77,no,14
783,1770684544,2026-02-09T16:49:04,22,78,yes,14
784,1770684547,2026-02-09T16:49:07,23,77,yes,12
785,1770684547,2026-02-09T16:49:07,23,77,yes,8
786,1770684547,2026-02-09T16:49:07,23,77,yes,41
787,1770684547,2026-02-09T16:49:07,23,77,yes,20
788,1770684548,2026-02-09T16:49:08,23,77,yes,82
789,1770684549,2026-02-09T16:49:09,23,77,yes,200
790,1770684553,2026-02-09T16:49:13,23,77,yes,12
791,1770684553,2026-02-09T16:49:13,23,77,yes,2
792,1770684556,2026-02-09T16:49:16,24,76,yes,7
793,1770684556,2026-02-09T16:49:16,24,76,yes,38
794,1770684556,2026-02-09T16:49:16,24,76,yes,3
795,1770684559,2026-02-09T16:49:19,24,76,yes,98
796,1770684559,2026-02-09T16:49:19,24,76,yes,39
797,1770684559,2026-02-09T16:49:19,24,76,yes,26
798,1770684560,2026-02-09T16:49:20,24,76,yes,6
799,1770684561,2026-02-09T16:49:21,24,76,yes,98
800,1770684563,2026-02-09T16:49:23,24,76,yes,63
801,1770684564,2026-02-09T16:49:24,24,76,yes,19
802,1770684575,2026-02-09T16:49:35,25,75,yes,7
803,1770684575,2026-02-09T16:49:35,25,75,yes,28
804,1770684575,2026-02-09T16:49:35,25,75,yes,37
805,1770684577,2026-02-09T16:49:37,25,75,yes,8
806,1770684577,2026-02-09T16:49:37,25,75,yes,30
807,1770684577,2026-02-09T16:49:37,25,75,yes,8
808,1770684577,2026-02-09T16:49:37,25,75,yes,13
809,1770684577,2026-02-09T16:49:37,25,75,yes,8
810,1770684577,2026-02-09T16:49:37,25,75,yes,22
811,1770684577,2026-02-09T16:49:37,25,75,yes,7
812,1770684577,2026-02-09T16:49:37,25,75,yes,14
813,1770684577,2026-02-09T16:49:37,25,75,yes,28
814,1770684580,2026-02-09T16:49:40,26,74,yes,20
815,1770684580,2026-02-09T16:49:40,26,74,yes,5
816,1770684580,2026-02-09T16:49:40,26,74,yes,12
817,1770684580,2026-02-09T16:49:40,26,74,yes,6
818,1770684580,2026-02-09T16:49:40,26,74,yes,33
819,1770684580,2026-02-09T16:49:40,26,74,yes,89
820,1770684580,2026-02-09T16:49:40,25,75,yes,18
821,1770684584,2026-02-09T16:49:44,25,75,yes,7
822,1770684586,2026-02-09T16:49:46,25,75,yes,949
823,1770684586,2026-02-09T16:49:46,25,75,yes,51
824,1770684587,2026-02-09T16:49:47,25,75,yes,41
825,1770684588,2026-02-09T16:49:48,25,75,yes,142
826,1770684593,2026-02-09T16:49:53,25,75,yes,27
827,1770684593,2026-02-09T16:49:53,25,75,yes,5
828,1770684597,2026-02-09T16:49:57,26,74,yes,14
829,1770684597,2026-02-09T16:49:57,26,74,yes,4
830,1770684597,2026-02-09T16:49:57,26,74,yes,16
831,1770684597,2026-02-09T16:49:57,26,74,yes,2
832,1770684598,2026-02-09T16:49:58,25,75,no,83
833,1770684598,2026-02-09T16:49:58,25,75,no,13
834,1770684598,2026-02-09T16:49:58,25,75,yes,500
835,1770684600,2026-02-09T16:50:00,25,75,yes,14
836,1770684602,2026-02-09T16:50:02,25,75,yes,13
837,1770684602,2026-02-09T16:50:02,25,75,yes,6
838,1770684604,2026-02-09T16:50:04,25,75,yes,10
839,1770684604,2026-02-09T16:50:04,25,75,yes,9
840,1770684605,2026-02-09T16:50:05,25,75,yes,11
841,1770684607,2026-02-09T16:50:07,25,75,yes,35
842,1770684608,2026-02-09T16:50:08,25,75,yes,7
843,1770684608,2026-02-09T16:50:08,25,75,yes,79
844,1770684609,2026-02-09T16:50:09,25,75,yes,200
845,1770684610,2026-02-09T16:50:10,25,75,yes,76
846,1770684613,2026-02-09T16:50:13,25,75,yes,36
847,1770684613,2026-02-09T16:50:13,25,75,yes,7
848,1770684613,2026-02-09T16:50:13,25,75,yes,55
849,1770684614,2026-02-09T16:50:14,25,75,yes,76
850,1770684616,2026-02-09T16:50:16,25,75,yes,60
851,1770684617,2026-02-09T16:50:17,25,75,yes,5
852,1770684617,2026-02-09T16:50:17,25,75,yes,17
853,1770684618,2026-02-09T16:50:18,25,75,yes,266
854,1770684620,2026-02-09T16:50:20,25,75,no,12
855,1770684622,2026-02-09T16:50:22,25,75,yes,13
856,1770684622,2026-02-09T16:50:22,25,75,yes,5
857,1770684623,2026-02-09T16:50:23,25,75,yes,11
858,1770684623,2026-02-09T16:50:23,25,75,yes,78
859,1770684624,2026-02-09T16:50:24,25,75,yes,38
860,1770684624,2026-02-09T16:50:24,25,75,yes,19
861,1770684626,2026-02-09T16:50:26,25,75,yes,35
862,1770684628,2026-02-09T16:50:28,25,75,yes,1
863,1770684630,2026-02-09T16:50:30,25,75,yes,50
864,1770684630,2026-02-09T16:50:30,25,75,yes,24
865,1770684631,2026-02-09T16:50:31,25,75,yes,370
866,1770684632,2026-02-09T16:50:32,25,75,yes,74
867,1770684633,2026-02-09T16:50:33,25,75,yes,76
868,1770684634,2026-02-09T16:50:34,25,75,yes,41
869,1770684636,2026-02-09T16:50:36,25,75,yes,3
870,1770684636,2026-02-09T16:50:36,25,75,yes,35
871,1770684636,2026-02-09T16:50:36,25,75,yes,33
872,1770684636,2026-02-09T16:50:36,25,75,yes,38
873,1770684636,2026-02-09T16:50:36,25,75,yes,5
874,1770684637,2026-02-09T16:50:37,25,75,yes,5
875,1770684637,2026-02-09T16:50:37,25,75,yes,98
876,1770684638,2026-02-09T16:50:38,25,75,yes,133
877,1770684641,2026-02-09T16:50:41,25,75,yes,1
878,1770684642,2026-02-09T16:50:42,25,75,yes,222
879,1770684644,2026-02-09T16:50:44,25,75,no,12
880,1770684646,2026-02-09T16:50:46,25,75,yes,3
881,1770684646,2026-02-09T16:50:46,25,75,yes,10
882,1770684648,2026-02-09T16:50:48,25,75,yes,18
883,1770684648,2026-02-09T16:50:48,25,75,yes,7
884,1770684650,2026-02-09T16:50:50,25,75,yes,100
885,1770684651,2026-02-09T16:50:51,25,75,yes,11
886,1770684652,2026-02-09T16:50:52,25,75,yes,57
887,1770684654,2026-02-09T16:50:54,25,75,yes,38
888,1770684655,2026-02-09T16:50:55,25,75,yes,10
889,1770684655,2026-02-09T16:50:55,25,75,yes,3
890,1770684656,2026-02-09T16:50:56,25,75,yes,1
891,1770684658,2026-02-09T16:50:58,25,75,yes,114
892,1770684658,2026-02-09T16:50:58,25,75,yes,10
893,1770684660,2026-02-09T16:51:00,25,75,no,13
894,1770684660,2026-02-09T16:51:00,25,75,no,500
895,1770684660,2026-02-09T16:51:00,25,75,no,85
896,1770684660,2026-02-09T16:51:00,26,74,yes,2
897,1770684660,2026-02-09T16:51:00,26,74,yes,8
898,1770684660,2026-02-09T16:51:00,26,74,yes,12
899,1770684660,2026-02-09T16:51:00,24,76,no,83
900,1770684660,2026-02-09T16:51:00,24,76,no,150
901,1770684660,2026-02-09T16:51:00,24,76,no,25
902,1770684660,2026-02-09T16:51:00,24,76,no,13
903,1770684660,2026-02-09T16:51:00,24,76,no,85
904,1770684660,2026-02-09T16:51:00,24,76,no,1968
905,1770684660,2026-02-09T16:51:00,24,76,no,500
906,1770684662,2026-02-09T16:51:02,25,75,yes,114
907,1770684662,2026-02-09T16:51:02,24,76,no,12
908,1770684662,2026-02-09T16:51:02,24,76,no,99
909,1770684663,2026-02-09T16:51:03,25,75,yes,14
910,1770684663,2026-02-09T16:51:03,25,75,yes,366
911,1770684663,2026-02-09T16:51:03,25,75,yes,38
912,1770684665,2026-02-09T16:51:05,25,75,yes,38
913,1770684665,2026-02-09T16:51:05,25,75,yes,1140
914,1770684667,2026-02-09T16:51:07,25,75,yes,7
915,1770684667,2026-02-09T16:51:07,25,75,yes,75
916,1770684668,2026-02-09T16:51:08,25,75,yes,76
917,1770684670,2026-02-09T16:51:10,25,75,yes,228
918,1770684670,2026-02-09T16:51:10,25,75,yes,152
919,1770684670,2026-02-09T16:51:10,24,76,no,13
920,1770684670,2026-02-09T16:51:10,24,76,no,50
921,1770684670,2026-02-09T16:51:10,24,76,no,500
922,1770684671,2026-02-09T16:51:11,24,76,yes,7
923,1770684672,2026-02-09T16:51:12,24,76,yes,6
924,1770684672,2026-02-09T16:51:12,24,76,yes,73
925,1770684673,2026-02-09T16:51:13,24,76,yes,21
926,1770684674,2026-02-09T16:51:14,23,77,no,1
927,1770684675,2026-02-09T16:51:15,24,76,yes,791
928,1770684675,2026-02-09T16:51:15,24,76,yes,1
929,1770684675,2026-02-09T16:51:15,24,76,yes,989
930,1770684675,2026-02-09T16:51:15,24,76,yes,1
931,1770684678,2026-02-09T16:51:18,24,76,yes,54
932,1770684678,2026-02-09T16:51:18,24,76,yes,12
933,1770684678,2026-02-09T16:51:18,24,76,yes,83
934,1770684678,2026-02-09T16:51:18,24,76,yes,25
935,1770684679,2026-02-09T16:51:19,24,76,yes,5
936,1770684680,2026-02-09T16:51:20,24,76,yes,13
937,1770684681,2026-02-09T16:51:21,23,77,no,13
938,1770684683,2026-02-09T16:51:23,23,77,yes,111
939,1770684684,2026-02-09T16:51:24,22,78,no,1
940,1770684684,2026-02-09T16:51:24,22,78,no,13
941,1770684686,2026-02-09T16:51:26,23,77,yes,22
942,1770684688,2026-02-09T16:51:28,23,77,yes,24
943,1770684691,2026-02-09T16:51:31,23,77,yes,500
944,1770684691,2026-02-09T16:51:31,23,77,yes,239
945,1770684692,2026-02-09T16:51:32,23,77,yes,247
946,1770684692,2026-02-09T16:51:32,23,77,yes,12
947,1770684692,2026-02-09T16:51:32,23,77,yes,6
948,1770684693,2026-02-09T16:51:33,23,77,yes,20
949,1770684693,2026-02-09T16:51:33,23,77,yes,31
950,1770684693,2026-02-09T16:51:33,23,77,yes,72
951,1770684693,2026-02-09T16:51:33,23,77,yes,412
952,1770684694,2026-02-09T16:51:34,23,77,yes,115
953,1770684697,2026-02-09T16:51:37,23,77,yes,200
954,1770684697,2026-02-09T16:51:37,23,77,yes,400
955,1770684698,2026-02-09T16:51:38,23,77,yes,1000
956,1770684700,2026-02-09T16:51:40,23,77,yes,65
957,1770684701,2026-02-09T16:51:41,23,77,yes,20
958,1770684701,2026-02-09T16:51:41,23,77,yes,70
959,1770684701,2026-02-09T16:51:41,23,77,yes,8
960,1770684704,2026-02-09T16:51:44,23,77,yes,20
961,1770684706,2026-02-09T16:51:46,22,78,no,1
962,1770684708,2026-02-09T16:51:48,23,77,yes,40
963,1770684710,2026-02-09T16:51:50,23,77,yes,16
964,1770684710,2026-02-09T16:51:50,23,77,yes,21
965,1770684711,2026-02-09T16:51:51,23,77,yes,200
966,1770684712,2026-02-09T16:51:52,23,77,yes,4
967,1770684714,2026-02-09T16:51:54,23,77,yes,41
968,1770684714,2026-02-09T16:51:54,23,77,yes,165
969,1770684717,2026-02-09T16:51:57,23,77,yes,104
970,1770684721,2026-02-09T16:52:01,23,77,yes,50
971,1770684724,2026-02-09T16:52:04,23,77,yes,556
972,1770684727,2026-02-09T16:52:07,23,77,yes,17
973,1770684729,2026-02-09T16:52:09,22,78,no,11
974,1770684732,2026-02-09T16:52:12,21,79,no,15
975,1770684732,2026-02-09T16:52:12,21,79,no,3
976,1770684732,2026-02-09T16:52:12,21,79,no,29
977,1770684734,2026-02-09T16:52:14,22,78,yes,86
978,1770684736,2026-02-09T16:52:16,22,78,yes,22
979,1770684736,2026-02-09T16:52:16,22,78,yes,43
980,1770684738,2026-02-09T16:52:18,22,78,yes,21
981,1770684739,2026-02-09T16:52:19,22,78,yes,10
982,1770684739,2026-02-09T16:52:19,22,78,yes,51
983,1770684740,2026-02-09T16:52:20,22,78,yes,20
984,1770684745,2026-02-09T16:52:25,22,78,yes,86
985,1770684746,2026-02-09T16:52:26,22,78,yes,100
986,1770684746,2026-02-09T16:52:26,22,78,yes,21
987,1770684747,2026-02-09T16:52:27,21,79,no,26
988,1770684757,2026-02-09T16:52:37,22,78,yes,142
989,1770684758,2026-02-09T16:52:38,22,78,yes,4
990,1770684760,2026-02-09T16:52:40,21,79,no,28
991,1770684764,2026-02-09T16:52:44,22,78,yes,4
992,1770684764,2026-02-09T16:52:44,22,78,yes,21
993,1770684765,2026-02-09T16:52:45,22,78,yes,21
994,1770684766,2026-02-09T16:52:46,22,78,yes,873
995,1770684766,2026-02-09T16:52:46,22,78,yes,127
996,1770684766,2026-02-09T16:52:46,22,78,yes,21
997,1770684769,2026-02-09T16:52:49,22,78,yes,21
998,1770684771,2026-02-09T16:52:51,22,78,yes,4
999,1770684775,2026-02-09T16:52:55,22,78,yes,21
1000,1770684779,2026-02-09T16:52:59,22,78,yes,41
1001,1770684779,2026-02-09T16:52:59,22,78,yes,20
1002,1770684780,2026-02-09T16:53:00,22,78,yes,107
1003,1770684780,2026-02-09T16:53:00,22,78,yes,208
1004,1770684781,2026-02-09T16:53:01,22,78,yes,1250
1005,1770684783,2026-02-09T16:53:03,22,78,yes,21
1006,1770684785,2026-02-09T16:53:05,22,78,yes,12
1007,1770684786,2026-02-09T16:53:06,22,78,yes,159
1008,1770684786,2026-02-09T16:53:06,22,78,yes,21
1009,1770684787,2026-02-09T16:53:07,22,78,yes,129
1010,1770684788,2026-02-09T16:53:08,22,78,yes,41
1011,1770684789,2026-02-09T16:53:09,22,78,yes,6
1012,1770684791,2026-02-09T16:53:11,22,78,yes,43
1013,1770684794,2026-02-09T16:53:14,22,78,yes,30
1014,1770684796,2026-02-09T16:53:16,21,79,no,6
1015,1770684799,2026-02-09T16:53:19,22,78,yes,16
1016,1770684799,2026-02-09T16:53:19,22,78,yes,6
1017,1770684800,2026-02-09T16:53:20,22,78,yes,215
1018,1770684801,2026-02-09T16:53:21,22,78,yes,21
1019,1770684802,2026-02-09T16:53:22,22,78,yes,80
1020,1770684803,2026-02-09T16:53:23,22,78,yes,21
1021,1770684803,2026-02-09T16:53:23,22,78,yes,50
1022,1770684809,2026-02-09T16:53:29,22,78,yes,43
1023,1770684810,2026-02-09T16:53:30,22,78,yes,100
1024,1770684816,2026-02-09T16:53:36,21,79,no,76
1025,1770684818,2026-02-09T16:53:38,22,78,yes,431
1026,1770684819,2026-02-09T16:53:39,22,78,yes,431
1027,1770684820,2026-02-09T16:53:40,22,78,yes,8
1028,1770684821,2026-02-09T16:53:41,22,78,yes,64
1029,1770684823,2026-02-09T16:53:43,22,78,yes,100
1030,1770684824,2026-02-09T16:53:44,22,78,yes,12
1031,1770684825,2026-02-09T16:53:45,22,78,yes,200
1032,1770684827,2026-02-09T16:53:47,22,78,yes,14
1033,1770684828,2026-02-09T16:53:48,22,78,yes,208
1034,1770684828,2026-02-09T16:53:48,22,78,yes,64
1035,1770684834,2026-02-09T16:53:54,22,78,yes,43
1036,1770684835,2026-02-09T16:53:55,22,78,yes,1
1037,1770684835,2026-02-09T16:53:55,22,78,yes,215
1038,1770684836,2026-02-09T16:53:56,22,78,yes,1
1039,1770684837,2026-02-09T16:53:57,22,78,yes,431
1040,1770684837,2026-02-09T16:53:57,22,78,yes,167
1041,1770684841,2026-02-09T16:54:01,22,78,yes,8
1042,1770684842,2026-02-09T16:54:02,22,78,yes,21
1043,1770684844,2026-02-09T16:54:04,22,78,yes,10
1044,1770684844,2026-02-09T16:54:04,22,78,yes,1
1045,1770684848,2026-02-09T16:54:08,22,78,yes,172
1046,1770684851,2026-02-09T16:54:11,22,78,yes,40
1047,1770684853,2026-02-09T16:54:13,22,78,yes,21
1048,1770684853,2026-02-09T16:54:13,22,78,yes,4
1049,1770684855,2026-02-09T16:54:15,22,78,yes,30
1050,1770684855,2026-02-09T16:54:15,22,78,yes,20
1051,1770684856,2026-02-09T16:54:16,21,79,no,24
1052,1770684858,2026-02-09T16:54:18,22,78,yes,2
1053,1770684859,2026-02-09T16:54:19,22,78,yes,8
1054,1770684861,2026-02-09T16:54:21,22,78,yes,416
1055,1770684861,2026-02-09T16:54:21,22,78,yes,8
1056,1770684863,2026-02-09T16:54:23,22,78,yes,104
1057,1770684863,2026-02-09T16:54:23,22,78,yes,21
1058,1770684865,2026-02-09T16:54:25,22,78,yes,32
1059,1770684866,2026-02-09T16:54:26,22,78,yes,27
1060,1770684868,2026-02-09T16:54:28,21,79,no,1
1061,1770684871,2026-02-09T16:54:31,22,78,yes,25
1062,1770684872,2026-02-09T16:54:32,22,78,yes,43
1063,1770684872,2026-02-09T16:54:32,21,79,no,160
1064,1770684872,2026-02-09T16:54:32,22,78,yes,43
1065,1770684873,2026-02-09T16:54:33,22,78,yes,30
1066,1770684877,2026-02-09T16:54:37,22,78,yes,5
1067,1770684877,2026-02-09T16:54:37,21,79,no,22
1068,1770684878,2026-02-09T16:54:38,22,78,yes,83
1069,1770684879,2026-02-09T16:54:39,22,78,yes,20
1070,1770684884,2026-02-09T16:54:44,22,78,yes,4
1071,1770684884,2026-02-09T16:54:44,22,78,yes,4
1072,1770684886,2026-02-09T16:54:46,22,78,yes,4
1073,1770684886,2026-02-09T16:54:46,23,77,yes,310
1074,1770684887,2026-02-09T16:54:47,23,77,yes,412
1075,1770684887,2026-02-09T16:54:47,23,77,yes,82
1076,1770684888,2026-02-09T16:54:48,23,77,yes,309
1077,1770684889,2026-02-09T16:54:49,23,77,yes,40
1078,1770684889,2026-02-09T16:54:49,23,77,yes,22
1079,1770684890,2026-02-09T16:54:50,23,77,yes,200
1080,1770684894,2026-02-09T16:54:54,23,77,yes,18
1081,1770684894,2026-02-09T16:54:54,23,77,yes,32
1082,1770684894,2026-02-09T16:54:54,23,77,yes,174
1083,1770684895,2026-02-09T16:54:55,23,77,yes,100
1084,1770684895,2026-02-09T16:54:55,23,77,yes,8
1085,1770684898,2026-02-09T16:54:58,23,77,yes,12
1086,1770684898,2026-02-09T16:54:58,23,77,yes,103
1087,1770684898,2026-02-09T16:54:58,23,77,yes,31
1088,1770684899,2026-02-09T16:54:59,23,77,yes,20
1089,1770684900,2026-02-09T16:55:00,23,77,yes,22
1090,1770684901,2026-02-09T16:55:01,23,77,yes,412
1091,1770684901,2026-02-09T16:55:01,23,77,yes,543
1092,1770684901,2026-02-09T16:55:01,23,77,yes,9
1093,1770684901,2026-02-09T16:55:01,23,77,yes,116
1094,1770684901,2026-02-09T16:55:01,23,77,yes,13
1095,1770684901,2026-02-09T16:55:01,23,77,yes,8
1096,1770684901,2026-02-09T16:55:01,23,77,yes,7
1097,1770684901,2026-02-09T16:55:01,23,77,yes,6
1098,1770684901,2026-02-09T16:55:01,23,77,yes,5
1099,1770684901,2026-02-09T16:55:01,23,77,yes,6
1100,1770684901,2026-02-09T16:55:01,23,77,yes,11
1101,1770684901,2026-02-09T16:55:01,23,77,yes,7
1102,1770684901,2026-02-09T16:55:01,23,77,yes,667
1103,1770684902,2026-02-09T16:55:02,23,77,yes,384
1104,1770684905,2026-02-09T16:55:05,23,77,yes,40
1105,1770684905,2026-02-09T16:55:05,23,77,yes,100
1106,1770684905,2026-02-09T16:55:05,23,77,yes,4
1107,1770684906,2026-02-09T16:55:06,23,77,yes,41
1108,1770684906,2026-02-09T16:55:06,23,77,yes,20
1109,1770684906,2026-02-09T16:55:06,23,77,yes,384
1110,1770684907,2026-02-09T16:55:07,23,77,yes,61
1111,1770684908,2026-02-09T16:55:08,23,77,yes,2000
1112,1770684908,2026-02-09T16:55:08,23,77,yes,20
1113,1770684908,2026-02-09T16:55:08,23,77,yes,4
1114,1770684908,2026-02-09T16:55:08,23,77,yes,23
1115,1770684909,2026-02-09T16:55:09,23,77,yes,20
1116,1770684910,2026-02-09T16:55:10,23,77,yes,33
1117,1770684911,2026-02-09T16:55:11,23,77,yes,8
1118,1770684911,2026-02-09T16:55:11,23,77,yes,8
1119,1770684912,2026-02-09T16:55:12,23,77,yes,119
1120,1770684913,2026-02-09T16:55:13,23,77,yes,20
1121,1770684914,2026-02-09T16:55:14,23,77,yes,6
1122,1770684916,2026-02-09T16:55:16,23,77,yes,16
1123,1770684917,2026-02-09T16:55:17,23,77,yes,61
1124,1770684918,2026-02-09T16:55:18,23,77,yes,12
1125,1770684920,2026-02-09T16:55:20,23,77,yes,41
1126,1770684921,2026-02-09T16:55:21,23,77,yes,20
1127,1770684922,2026-02-09T16:55:22,23,77,yes,100
1128,1770684922,2026-02-09T16:55:22,23,77,yes,119
1129,1770684927,2026-02-09T16:55:27,23,77,yes,20
1130,1770684928,2026-02-09T16:55:28,23,77,yes,20
1131,1770684929,2026-02-09T16:55:29,23,77,yes,100
1132,1770684930,2026-02-09T16:55:30,23,77,yes,8
1133,1770684931,2026-02-09T16:55:31,23,77,yes,16
1134,1770684932,2026-02-09T16:55:32,23,77,yes,38
1135,1770684935,2026-02-09T16:55:35,23,77,yes,907
1136,1770684936,2026-02-09T16:55:36,23,77,yes,4
1137,1770684936,2026-02-09T16:55:36,23,77,yes,20
1138,1770684937,2026-02-09T16:55:37,23,77,yes,20
1139,1770684938,2026-02-09T16:55:38,23,77,yes,57
1140,1770684941,2026-02-09T16:55:41,23,77,yes,20
1141,1770684942,2026-02-09T16:55:42,23,77,yes,84
1142,1770684943,2026-02-09T16:55:43,23,77,yes,20
1143,1770684946,2026-02-09T16:55:46,23,77,yes,20
1144,1770684946,2026-02-09T16:55:46,23,77,yes,38
1145,1770684948,2026-02-09T16:55:48,23,77,yes,4
1146,1770684951,2026-02-09T16:55:51,23,77,yes,24
1147,1770684952,2026-02-09T16:55:52,23,77,yes,185
1148,1770684954,2026-02-09T16:55:54,23,77,yes,4
1149,1770684954,2026-02-09T16:55:54,23,77,yes,4
1150,1770684956,2026-02-09T16:55:56,23,77,yes,100
1151,1770684957,2026-02-09T16:55:57,23,77,yes,96
1152,1770684959,2026-02-09T16:55:59,23,77,yes,20
1153,1770684960,2026-02-09T16:56:00,23,77,yes,247
1154,1770684963,2026-02-09T16:56:03,23,77,yes,5
1155,1770684968,2026-02-09T16:56:08,23,77,yes,41
1156,1770684969,2026-02-09T16:56:09,22,78,no,13
1157,1770684969,2026-02-09T16:56:09,22,78,no,20
1158,1770684971,2026-02-09T16:56:11,23,77,yes,144
1159,1770684978,2026-02-09T16:56:18,23,77,yes,12
1160,1770684978,2026-02-09T16:56:18,24,76,yes,1
1161,1770684978,2026-02-09T16:56:18,24,76,yes,15
1162,1770684978,2026-02-09T16:56:18,24,76,yes,95
1163,1770684979,2026-02-09T16:56:19,24,76,yes,66
1164,1770684979,2026-02-09T16:56:19,24,76,yes,25
1165,1770684982,2026-02-09T16:56:22,25,75,yes,83
1166,1770684982,2026-02-09T16:56:22,25,75,yes,4
1167,1770684982,2026-02-09T16:56:22,25,75,yes,77
1168,1770684982,2026-02-09T16:56:22,25,75,yes,19
1169,1770684983,2026-02-09T16:56:23,25,75,yes,38
1170,1770684983,2026-02-09T16:56:23,25,75,yes,38
1171,1770684983,2026-02-09T16:56:23,25,75,yes,4
1172,1770684984,2026-02-09T16:56:24,25,75,yes,50
1173,1770684984,2026-02-09T16:56:24,24,76,no,10
1174,1770684984,2026-02-09T16:56:24,24,76,no,10
1175,1770684985,2026-02-09T16:56:25,24,76,no,239
1176,1770684985,2026-02-09T16:56:25,24,76,no,14
1177,1770684987,2026-02-09T16:56:27,24,76,yes,39
1178,1770684988,2026-02-09T16:56:28,24,76,yes,197
1179,1770684992,2026-02-09T16:56:32,24,76,yes,105
1180,1770684992,2026-02-09T16:56:32,24,76,yes,19
1181,1770684994,2026-02-09T16:56:34,24,76,yes,79
1182,1770684994,2026-02-09T16:56:34,24,76,yes,89
1183,1770684996,2026-02-09T16:56:36,23,77,no,12
1184,1770684996,2026-02-09T16:56:36,23,77,yes,914
1185,1770684996,2026-02-09T16:56:36,23,77,yes,926
1186,1770684996,2026-02-09T16:56:36,23,77,yes,926
1187,1770684996,2026-02-09T16:56:36,24,76,yes,312
1188,1770685002,2026-02-09T16:56:42,23,77,yes,14
1189,1770685003,2026-02-09T16:56:43,23,77,yes,10
1190,1770685003,2026-02-09T16:56:43,23,77,yes,10
1191,1770685011,2026-02-09T16:56:51,23,77,yes,3
1192,1770685015,2026-02-09T16:56:55,25,75,yes,18
1193,1770685019,2026-02-09T16:56:59,24,76,yes,3
1194,1770685021,2026-02-09T16:57:01,24,76,yes,12
1195,1770685021,2026-02-09T16:57:01,24,76,yes,24
1196,1770685022,2026-02-09T16:57:02,24,76,yes,25
1197,1770685024,2026-02-09T16:57:04,24,76,yes,873
1198,1770685024,2026-02-09T16:57:04,24,76,yes,922
1199,1770685024,2026-02-09T16:57:04,24,76,yes,922
1200,1770685024,2026-02-09T16:57:04,24,76,yes,2283
1201,1770685024,2026-02-09T16:57:04,24,76,yes,98
1202,1770685025,2026-02-09T16:57:05,24,76,yes,3
1203,1770685025,2026-02-09T16:57:05,24,76,yes,19
1204,1770685026,2026-02-09T16:57:06,24,76,yes,19
1205,1770685026,2026-02-09T16:57:06,24,76,yes,59
1206,1770685027,2026-02-09T16:57:07,24,76,yes,39
1207,1770685027,2026-02-09T16:57:07,24,76,yes,118
1208,1770685029,2026-02-09T16:57:09,24,76,yes,3
1209,1770685029,2026-02-09T16:57:09,24,76,yes,769
1210,1770685029,2026-02-09T16:57:09,24,76,yes,98
1211,1770685031,2026-02-09T16:57:11,24,76,yes,25
1212,1770685031,2026-02-09T16:57:11,24,76,yes,49
1213,1770685032,2026-02-09T16:57:12,24,76,yes,197
1214,1770685032,2026-02-09T16:57:12,24,76,yes,19
1215,1770685033,2026-02-09T16:57:13,24,76,yes,11
1216,1770685033,2026-02-09T16:57:13,24,76,yes,1
1217,1770685034,2026-02-09T16:57:14,24,76,yes,10
1218,1770685042,2026-02-09T16:57:22,25,75,yes,7
1219,1770685042,2026-02-09T16:57:22,25,75,yes,2
1220,1770685042,2026-02-09T16:57:22,25,75,yes,3
1221,1770685044,2026-02-09T16:57:24,24,76,no,13
1222,1770685044,2026-02-09T16:57:24,24,76,no,60
1223,1770685044,2026-02-09T16:57:24,25,75,yes,7
1224,1770685045,2026-02-09T16:57:25,25,75,yes,107
1225,1770685051,2026-02-09T16:57:31,24,76,yes,97
1226,1770685053,2026-02-09T16:57:33,24,76,yes,11
1227,1770685054,2026-02-09T16:57:34,24,76,yes,2
1228,1770685054,2026-02-09T16:57:34,24,76,yes,37
1229,1770685054,2026-02-09T16:57:34,24,76,yes,19
1230,1770685054,2026-02-09T16:57:34,24,76,yes,19
1231,1770685056,2026-02-09T16:57:36,24,76,yes,51
1232,1770685060,2026-02-09T16:57:40,24,76,yes,7
1233,1770685061,2026-02-09T16:57:41,24,76,yes,7
1234,1770685062,2026-02-09T16:57:42,23,77,no,12
1235,1770685066,2026-02-09T16:57:46,23,77,yes,8
1236,1770685067,2026-02-09T16:57:47,23,77,yes,15
1237,1770685067,2026-02-09T16:57:47,23,77,yes,14
1238,1770685071,2026-02-09T16:57:51,24,76,yes,14
1239,1770685071,2026-02-09T16:57:51,24,76,yes,19
1240,1770685074,2026-02-09T16:57:54,24,76,yes,37
1241,1770685075,2026-02-09T16:57:55,24,76,yes,19
1242,1770685075,2026-02-09T16:57:55,25,75,yes,4
1243,1770685075,2026-02-09T16:57:55,25,75,yes,51
1244,1770685077,2026-02-09T16:57:57,24,76,yes,114
1245,1770685084,2026-02-09T16:58:04,25,75,yes,49
1246,1770685084,2026-02-09T16:58:04,25,75,yes,100
1247,1770685084,2026-02-09T16:58:04,24,76,no,13
1248,1770685084,2026-02-09T16:58:04,24,76,no,49
1249,1770685088,2026-02-09T16:58:08,25,75,yes,50
1250,1770685088,2026-02-09T16:58:08,25,75,yes,20
1251,1770685090,2026-02-09T16:58:10,25,75,yes,38
1252,1770685090,2026-02-09T16:58:10,25,75,yes,95
1253,1770685090,2026-02-09T16:58:10,25,75,yes,19
1254,1770685092,2026-02-09T16:58:12,25,75,yes,19
1255,1770685094,2026-02-09T16:58:14,25,75,yes,4
1256,1770685094,2026-02-09T16:58:14,25,75,yes,13
1257,1770685094,2026-02-09T16:58:14,25,75,yes,2
1258,1770685098,2026-02-09T16:58:18,26,74,yes,1
1259,1770685098,2026-02-09T16:58:18,26,74,yes,25
1260,1770685098,2026-02-09T16:58:18,26,74,yes,167
1261,1770685102,2026-02-09T16:58:22,27,73,yes,1
1262,1770685102,2026-02-09T16:58:22,27,73,yes,2
1263,1770685102,2026-02-09T16:58:22,27,73,yes,14
1264,1770685103,2026-02-09T16:58:23,26,74,yes,9
1265,1770685107,2026-02-09T16:58:27,27,73,yes,5
1266,1770685107,2026-02-09T16:58:27,27,73,yes,5
1267,1770685107,2026-02-09T16:58:27,26,74,yes,80
1268,1770685108,2026-02-09T16:58:28,26,74,yes,35
1269,1770685108,2026-02-09T16:58:28,26,74,yes,344
1270,1770685109,2026-02-09T16:58:29,26,74,yes,27
1271,1770685109,2026-02-09T16:58:29,27,73,yes,3
1272,1770685109,2026-02-09T16:58:29,27,73,yes,1
1273,1770685109,2026-02-09T16:58:29,27,73,yes,40
1274,1770685111,2026-02-09T16:58:31,25,75,no,13
1275,1770685111,2026-02-09T16:58:31,25,75,no,83
1276,1770685111,2026-02-09T16:58:31,25,75,no,150
1277,1770685111,2026-02-09T16:58:31,25,75,no,154
1278,1770685112,2026-02-09T16:58:32,27,73,yes,10
1279,1770685112,2026-02-09T16:58:32,26,74,yes,1000
1280,1770685113,2026-02-09T16:58:33,26,74,yes,14
1281,1770685113,2026-02-09T16:58:33,26,74,yes,20
1282,1770685113,2026-02-09T16:58:33,26,74,yes,7
1283,1770685114,2026-02-09T16:58:34,26,74,yes,352
1284,1770685115,2026-02-09T16:58:35,26,74,yes,36
1285,1770685115,2026-02-09T16:58:35,26,74,yes,50
1286,1770685116,2026-02-09T16:58:36,25,75,no,12
1287,1770685117,2026-02-09T16:58:37,26,74,yes,14
1288,1770685117,2026-02-09T16:58:37,26,74,yes,4
1289,1770685121,2026-02-09T16:58:41,26,74,yes,1
1290,1770685121,2026-02-09T16:58:41,26,74,yes,6
1291,1770685122,2026-02-09T16:58:42,26,74,yes,14
1292,1770685122,2026-02-09T16:58:42,26,74,yes,93
1293,1770685122,2026-02-09T16:58:42,26,74,yes,36
1294,1770685124,2026-02-09T16:58:44,25,75,yes,36
1295,1770685125,2026-02-09T16:58:45,25,75,yes,38
1296,1770685125,2026-02-09T16:58:45,25,75,yes,19
1297,1770685125,2026-02-09T16:58:45,25,75,yes,1
1298,1770685126,2026-02-09T16:58:46,25,75,yes,38
1299,1770685127,2026-02-09T16:58:47,25,75,yes,29
1300,1770685128,2026-02-09T16:58:48,25,75,yes,3
1301,1770685128,2026-02-09T16:58:48,25,75,yes,3
1302,1770685128,2026-02-09T16:58:48,25,75,yes,200
1303,1770685130,2026-02-09T16:58:50,25,75,yes,3
1304,1770685130,2026-02-09T16:58:50,25,75,yes,19
1305,1770685130,2026-02-09T16:58:50,25,75,yes,76
1306,1770685130,2026-02-09T16:58:50,25,75,yes,7
1307,1770685131,2026-02-09T16:58:51,25,75,yes,11
1308,1770685134,2026-02-09T16:58:54,25,75,yes,37
1309,1770685135,2026-02-09T16:58:55,25,75,yes,26
1310,1770685135,2026-02-09T16:58:55,25,75,yes,12
1311,1770685135,2026-02-09T16:58:55,25,75,yes,39
1312,1770685136,2026-02-09T16:58:56,25,75,yes,200
1313,1770685137,2026-02-09T16:58:57,25,75,yes,76
1314,1770685138,2026-02-09T16:58:58,25,75,yes,185
1315,1770685138,2026-02-09T16:58:58,25,75,yes,3
1316,1770685138,2026-02-09T16:58:58,25,75,yes,31
1317,1770685138,2026-02-09T16:58:58,25,75,yes,3
1318,1770685138,2026-02-09T16:58:58,25,75,yes,1000
1319,1770685139,2026-02-09T16:58:59,25,75,yes,19
1320,1770685142,2026-02-09T16:59:02,25,75,yes,55
1321,1770685143,2026-02-09T16:59:03,25,75,yes,100
1322,1770685147,2026-02-09T16:59:07,25,75,yes,37
1323,1770685148,2026-02-09T16:59:08,25,75,yes,38
1324,1770685151,2026-02-09T16:59:11,25,75,yes,9
1325,1770685153,2026-02-09T16:59:13,25,75,yes,1
1326,1770685153,2026-02-09T16:59:13,25,75,yes,71
1327,1770685154,2026-02-09T16:59:14,25,75,yes,296
1328,1770685155,2026-02-09T16:59:15,25,75,yes,38
1329,1770685155,2026-02-09T16:59:15,24,76,no,12
1330,1770685155,2026-02-09T16:59:15,24,76,no,37
1331,1770685156,2026-02-09T16:59:16,25,75,yes,92
1332,1770685156,2026-02-09T16:59:16,25,75,yes,76
1333,1770685158,2026-02-09T16:59:18,25,75,yes,76
1334,1770685161,2026-02-09T16:59:21,24,76,no,50
1335,1770685162,2026-02-09T16:59:22,25,75,yes,71
1336,1770685162,2026-02-09T16:59:22,25,75,yes,19
1337,1770685164,2026-02-09T16:59:24,25,75,yes,1200
1338,1770685165,2026-02-09T16:59:25,25,75,yes,165
1339,1770685167,2026-02-09T16:59:27,25,75,yes,3
1340,1770685171,2026-02-09T16:59:31,25,75,yes,19
1341,1770685172,2026-02-09T16:59:32,24,76,no,119
1342,1770685173,2026-02-09T16:59:33,25,75,yes,7
1343,1770685173,2026-02-09T16:59:33,25,75,yes,38
1344,1770685173,2026-02-09T16:59:33,25,75,yes,6
1345,1770685174,2026-02-09T16:59:34,25,75,yes,1
1346,1770685176,2026-02-09T16:59:36,25,75,yes,19
1347,1770685178,2026-02-09T16:59:38,25,75,yes,5
1348,1770685180,2026-02-09T16:59:40,24,76,no,25
1349,1770685180,2026-02-09T16:59:40,25,75,yes,380
1350,1770685186,2026-02-09T16:59:46,25,75,yes,5
1351,1770685186,2026-02-09T16:59:46,25,75,yes,13
1352,1770685186,2026-02-09T16:59:46,25,75,yes,1
1353,1770685186,2026-02-09T16:59:46,25,75,yes,5
1354,1770685186,2026-02-09T16:59:46,25,75,yes,9
1355,1770685186,2026-02-09T16:59:46,25,75,yes,2
1356,1770685186,2026-02-09T16:59:46,24,76,no,8
1357,1770685187,2026-02-09T16:59:47,25,75,yes,71
1358,1770685189,2026-02-09T16:59:49,25,75,yes,19
1359,1770685190,2026-02-09T16:59:50,25,75,yes,13
1360,1770685190,2026-02-09T16:59:50,25,75,yes,4
1361,1770685190,2026-02-09T16:59:50,25,75,yes,76
1362,1770685193,2026-02-09T16:59:53,25,75,yes,7
1363,1770685195,2026-02-09T16:59:55,24,76,no,4
1364,1770685195,2026-02-09T16:59:55,24,76,no,329
1365,1770685196,2026-02-09T16:59:56,26,74,yes,9
1366,1770685198,2026-02-09T16:59:58,26,74,yes,1
1367,1770685198,2026-02-09T16:59:58,26,74,yes,13
1368,1770685198,2026-02-09T16:59:58,26,74,yes,799
1369,1770685198,2026-02-09T16:59:58,26,74,yes,18
1370,1770685200,2026-02-09T17:00:00,26,74,yes,5
1371,1770685200,2026-02-09T17:00:00,26,74,yes,1
1372,1770685200,2026-02-09T17:00:00,26,74,yes,3
1373,1770685204,2026-02-09T17:00:04,26,74,yes,10
1374,1770685204,2026-02-09T17:00:04,26,74,yes,3
1375,1770685206,2026-02-09T17:00:06,26,74,yes,19
1376,1770685207,2026-02-09T17:00:07,26,74,yes,103
1377,1770685210,2026-02-09T17:00:10,26,74,yes,2
1378,1770685212,2026-02-09T17:00:12,26,74,yes,7
1379,1770685213,2026-02-09T17:00:13,26,74,yes,3
1380,1770685215,2026-02-09T17:00:15,26,74,yes,36
1381,1770685221,2026-02-09T17:00:21,26,74,yes,36
1382,1770685223,2026-02-09T17:00:23,26,74,yes,73
1383,1770685224,2026-02-09T17:00:24,25,75,no,14
1384,1770685224,2026-02-09T17:00:24,25,75,no,81
1385,1770685225,2026-02-09T17:00:25,26,74,yes,13
1386,1770685225,2026-02-09T17:00:25,26,74,yes,20
1387,1770685225,2026-02-09T17:00:25,26,74,yes,365
1388,1770685227,2026-02-09T17:00:27,26,74,yes,7
1389,1770685227,2026-02-09T17:00:27,26,74,yes,73
1390,1770685228,2026-02-09T17:00:28,26,74,yes,178
1391,1770685228,2026-02-09T17:00:28,26,74,yes,35
1392,1770685230,2026-02-09T17:00:30,26,74,yes,71
1393,1770685230,2026-02-09T17:00:30,26,74,yes,36
1394,1770685231,2026-02-09T17:00:31,25,75,no,9
1395,1770685232,2026-02-09T17:00:32,26,74,yes,2
1396,1770685232,2026-02-09T17:00:32,26,74,yes,71
1397,1770685235,2026-02-09T17:00:35,26,74,yes,5
1398,1770685235,2026-02-09T17:00:35,26,74,yes,1
1399,1770685237,2026-02-09T17:00:37,26,74,yes,12
1400,1770685237,2026-02-09T17:00:37,26,74,yes,6
1401,1770685237,2026-02-09T17:00:37,26,74,yes,6
1402,1770685237,2026-02-09T17:00:37,26,74,yes,14
1403,1770685238,2026-02-09T17:00:38,26,74,yes,365
1404,1770685240,2026-02-09T17:00:40,27,73,yes,2
1405,1770685240,2026-02-09T17:00:40,27,73,yes,4
1406,1770685240,2026-02-09T17:00:40,27,73,yes,1
1407,1770685240,2026-02-09T17:00:40,27,73,yes,11
1408,1770685240,2026-02-09T17:00:40,27,73,yes,154
1409,1770685245,2026-02-09T17:00:45,26,74,no,4
1410,1770685246,2026-02-09T17:00:46,27,73,yes,17
1411,1770685246,2026-02-09T17:00:46,27,73,yes,8
1412,1770685246,2026-02-09T17:00:46,27,73,yes,12
1413,1770685248,2026-02-09T17:00:48,27,73,yes,176
1414,1770685249,2026-02-09T17:00:49,27,73,yes,105
1415,1770685253,2026-02-09T17:00:53,27,73,yes,17
1416,1770685253,2026-02-09T17:00:53,27,73,yes,17
1417,1770685254,2026-02-09T17:00:54,27,73,yes,35
1418,1770685255,2026-02-09T17:00:55,26,74,no,25
1419,1770685255,2026-02-09T17:00:55,27,73,yes,38
1420,1770685255,2026-02-09T17:00:55,27,73,yes,35
1421,1770685257,2026-02-09T17:00:57,27,73,yes,17
1422,1770685265,2026-02-09T17:01:05,27,73,yes,176
1423,1770685266,2026-02-09T17:01:06,27,73,yes,10
1424,1770685266,2026-02-09T17:01:06,27,73,yes,176
1425,1770685267,2026-02-09T17:01:07,27,73,yes,88
1426,1770685270,2026-02-09T17:01:10,27,73,yes,52
1427,1770685273,2026-02-09T17:01:13,26,74,no,14
1428,1770685273,2026-02-09T17:01:13,26,74,no,1
1429,1770685273,2026-02-09T17:01:13,27,73,yes,7
1430,1770685275,2026-02-09T17:01:15,27,73,yes,50
1431,1770685275,2026-02-09T17:01:15,27,73,yes,1
1432,1770685276,2026-02-09T17:01:16,27,73,yes,8
1433,1770685277,2026-02-09T17:01:17,27,73,yes,1
1434,1770685279,2026-02-09T17:01:19,27,73,yes,50
1435,1770685280,2026-02-09T17:01:20,27,73,yes,10
1436,1770685281,2026-02-09T17:01:21,27,73,yes,176
1437,1770685283,2026-02-09T17:01:23,27,73,yes,17
1438,1770685284,2026-02-09T17:01:24,27,73,yes,70
1439,1770685284,2026-02-09T17:01:24,27,73,yes,17
1440,1770685284,2026-02-09T17:01:24,27,73,yes,103
1441,1770685284,2026-02-09T17:01:24,27,73,yes,3
1442,1770685285,2026-02-09T17:01:25,27,73,yes,49
1443,1770685285,2026-02-09T17:01:25,27,73,yes,20
1444,1770685286,2026-02-09T17:01:26,27,73,yes,34
1445,1770685286,2026-02-09T17:01:26,27,73,yes,17
1446,1770685286,2026-02-09T17:01:26,27,73,yes,17
1447,1770685288,2026-02-09T17:01:28,27,73,yes,88
1448,1770685289,2026-02-09T17:01:29,27,73,yes,14
1449,1770685289,2026-02-09T17:01:29,27,73,yes,70
1450,1770685290,2026-02-09T17:01:30,27,73,yes,35
1451,1770685290,2026-02-09T17:01:30,27,73,yes,10
1452,1770685292,2026-02-09T17:01:32,27,73,yes,120
1453,1770685292,2026-02-09T17:01:32,27,73,yes,18
1454,1770685292,2026-02-09T17:01:32,27,73,yes,426
1455,1770685294,2026-02-09T17:01:34,27,73,yes,214
1456,1770685294,2026-02-09T17:01:34,27,73,yes,17
1457,1770685294,2026-02-09T17:01:34,27,73,yes,3
1458,1770685295,2026-02-09T17:01:35,26,74,no,200
1459,1770685296,2026-02-09T17:01:36,27,73,yes,70
1460,1770685299,2026-02-09T17:01:39,27,73,yes,112
1461,1770685300,2026-02-09T17:01:40,27,73,yes,35
1462,1770685300,2026-02-09T17:01:40,27,73,yes,100
1463,1770685302,2026-02-09T17:01:42,27,73,yes,3
1464,1770685302,2026-02-09T17:01:42,27,73,yes,3
1465,1770685304,2026-02-09T17:01:44,27,73,yes,172
1466,1770685304,2026-02-09T17:01:44,27,73,yes,77
1467,1770685305,2026-02-09T17:01:45,26,74,no,30
1468,1770685305,2026-02-09T17:01:45,27,73,yes,3
1469,1770685305,2026-02-09T17:01:45,27,73,yes,28
1470,1770685309,2026-02-09T17:01:49,27,73,yes,6
1471,1770685309,2026-02-09T17:01:49,27,73,yes,1
1472,1770685309,2026-02-09T17:01:49,27,73,yes,8
1473,1770685309,2026-02-09T17:01:49,27,73,yes,12
1474,1770685309,2026-02-09T17:01:49,27,73,yes,25
1475,1770685309,2026-02-09T17:01:49,27,73,yes,70
1476,1770685311,2026-02-09T17:01:51,27,73,yes,2
1477,1770685311,2026-02-09T17:01:51,27,73,yes,66
1478,1770685313,2026-02-09T17:01:53,27,73,yes,250
1479,1770685313,2026-02-09T17:01:53,27,73,yes,10
1480,1770685313,2026-02-09T17:01:53,27,73,yes,17
1481,1770685314,2026-02-09T17:01:54,27,73,yes,103
1482,1770685314,2026-02-09T17:01:54,27,73,yes,66
1483,1770685316,2026-02-09T17:01:56,27,73,yes,70
1484,1770685316,2026-02-09T17:01:56,27,73,yes,20
1485,1770685316,2026-02-09T17:01:56,27,73,yes,3
1486,1770685317,2026-02-09T17:01:57,27,73,yes,26
1487,1770685320,2026-02-09T17:02:00,27,73,yes,35
1488,1770685320,2026-02-09T17:02:00,27,73,yes,52
1489,1770685321,2026-02-09T17:02:01,27,73,yes,17
1490,1770685323,2026-02-09T17:02:03,27,73,yes,688
1491,1770685323,2026-02-09T17:02:03,27,73,yes,3105
1492,1770685325,2026-02-09T17:02:05,26,74,no,13
1493,1770685325,2026-02-09T17:02:05,26,74,no,28
1494,1770685326,2026-02-09T17:02:06,27,73,yes,100
1495,1770685326,2026-02-09T17:02:06,27,73,yes,17
1496,1770685327,2026-02-09T17:02:07,27,73,yes,862
1497,1770685327,2026-02-09T17:02:07,27,73,yes,105
1498,1770685327,2026-02-09T17:02:07,27,73,yes,10
1499,1770685328,2026-02-09T17:02:08,27,73,yes,15
1500,1770685328,2026-02-09T17:02:08,27,73,yes,528
1501,1770685331,2026-02-09T17:02:11,27,73,yes,63
1502,1770685335,2026-02-09T17:02:15,27,73,yes,3
1503,1770685335,2026-02-09T17:02:15,27,73,yes,70
1504,1770685336,2026-02-09T17:02:16,27,73,yes,7
1505,1770685337,2026-02-09T17:02:17,27,73,yes,88
1506,1770685337,2026-02-09T17:02:17,27,73,yes,2
1507,1770685340,2026-02-09T17:02:20,27,73,yes,7
1508,1770685341,2026-02-09T17:02:21,27,73,yes,2
1509,1770685341,2026-02-09T17:02:21,27,73,yes,14
1510,1770685341,2026-02-09T17:02:21,27,73,yes,19
1511,1770685343,2026-02-09T17:02:23,27,73,yes,15
1512,1770685343,2026-02-09T17:02:23,27,73,yes,289
1513,1770685346,2026-02-09T17:02:26,26,74,no,72
1514,1770685346,2026-02-09T17:02:26,26,74,no,14
1515,1770685346,2026-02-09T17:02:26,26,74,no,50
1516,1770685348,2026-02-09T17:02:28,25,75,no,11
1517,1770685350,2026-02-09T17:02:30,26,74,yes,10
1518,1770685350,2026-02-09T17:02:30,26,74,yes,8
1519,1770685350,2026-02-09T17:02:30,26,74,yes,2
1520,1770685351,2026-02-09T17:02:31,26,74,yes,11
1521,1770685351,2026-02-09T17:02:31,26,74,yes,198
1522,1770685352,2026-02-09T17:02:32,26,74,yes,10
1523,1770685352,2026-02-09T17:02:32,26,74,yes,18
1524,1770685362,2026-02-09T17:02:42,26,74,yes,5
1525,1770685362,2026-02-09T17:02:42,26,74,yes,7
1526,1770685363,2026-02-09T17:02:43,25,75,no,89
1527,1770685363,2026-02-09T17:02:43,25,75,no,14
1528,1770685363,2026-02-09T17:02:43,25,75,yes,10
1529,1770685364,2026-02-09T17:02:44,25,75,yes,50
1530,1770685365,2026-02-09T17:02:45,25,75,yes,18
1531,1770685366,2026-02-09T17:02:46,25,75,yes,19
1532,1770685368,2026-02-09T17:02:48,25,75,yes,10
1533,1770685369,2026-02-09T17:02:49,25,75,yes,19
1534,1770685371,2026-02-09T17:02:51,25,75,yes,38
1535,1770685372,2026-02-09T17:02:52,25,75,yes,100
1536,1770685374,2026-02-09T17:02:54,25,75,yes,19
1537,1770685374,2026-02-09T17:02:54,25,75,yes,20
1538,1770685374,2026-02-09T17:02:54,25,75,yes,38
1539,1770685375,2026-02-09T17:02:55,25,75,yes,87
1540,1770685378,2026-02-09T17:02:58,25,75,yes,13
1541,1770685378,2026-02-09T17:02:58,25,75,yes,329
1542,1770685378,2026-02-09T17:02:58,25,75,yes,20
1543,1770685379,2026-02-09T17:02:59,25,75,yes,38
1544,1770685380,2026-02-09T17:03:00,25,75,yes,760
1545,1770685385,2026-02-09T17:03:05,25,75,yes,100
1546,1770685385,2026-02-09T17:03:05,24,76,no,12
1547,1770685386,2026-02-09T17:03:06,24,76,yes,22
1548,1770685386,2026-02-09T17:03:06,24,76,yes,58
1549,1770685387,2026-02-09T17:03:07,24,76,yes,14
1550,1770685387,2026-02-09T17:03:07,24,76,yes,86
1551,1770685387,2026-02-09T17:03:07,24,76,yes,40
1552,1770685389,2026-02-09T17:03:09,24,76,yes,3
1553,1770685389,2026-02-09T17:03:09,24,76,yes,1
1554,1770685390,2026-02-09T17:03:10,24,76,yes,1
1555,1770685392,2026-02-09T17:03:12,24,76,yes,197
1556,1770685393,2026-02-09T17:03:13,24,76,yes,395
1557,1770685397,2026-02-09T17:03:17,24,76,yes,3
1558,1770685397,2026-02-09T17:03:17,24,76,yes,39
1559,1770685397,2026-02-09T17:03:17,24,76,yes,7
1560,1770685398,2026-02-09T17:03:18,24,76,yes,21
1561,1770685399,2026-02-09T17:03:19,24,76,yes,59
1562,1770685400,2026-02-09T17:03:20,24,76,yes,19
1563,1770685400,2026-02-09T17:03:20,24,76,yes,597
1564,1770685403,2026-02-09T17:03:23,24,76,yes,39
1565,1770685404,2026-02-09T17:03:24,24,76,yes,11
1566,1770685410,2026-02-09T17:03:30,24,76,yes,19
1567,1770685412,2026-02-09T17:03:32,24,76,yes,19
1568,1770685414,2026-02-09T17:03:34,24,76,yes,14
1569,1770685415,2026-02-09T17:03:35,24,76,yes,39
1570,1770685420,2026-02-09T17:03:40,24,76,yes,197
1571,1770685421,2026-02-09T17:03:41,23,77,no,1
1572,1770685421,2026-02-09T17:03:41,24,76,yes,19
1573,1770685422,2026-02-09T17:03:42,23,77,no,1
1574,1770685424,2026-02-09T17:03:44,24,76,yes,3
1575,1770685427,2026-02-09T17:03:47,24,76,yes,1
1576,1770685430,2026-02-09T17:03:50,24,76,yes,12
1577,1770685430,2026-02-09T17:03:50,24,76,yes,488
1578,1770685442,2026-02-09T17:04:02,24,76,yes,19
1579,1770685443,2026-02-09T17:04:03,24,76,yes,76
1580,1770685448,2026-02-09T17:04:08,24,76,yes,7
1581,1770685448,2026-02-09T17:04:08,24,76,yes,39
1582,1770685449,2026-02-09T17:04:09,24,76,yes,19
1583,1770685450,2026-02-09T17:04:10,24,76,yes,3
1584,1770685451,2026-02-09T17:04:11,24,76,yes,38
1585,1770685451,2026-02-09T17:04:11,23,77,no,12
1586,1770685451,2026-02-09T17:04:11,23,77,no,12
1587,1770685453,2026-02-09T17:04:13,24,76,yes,1
1588,1770685453,2026-02-09T17:04:13,24,76,yes,1154
1589,1770685453,2026-02-09T17:04:13,24,76,yes,824
1590,1770685454,2026-02-09T17:04:14,24,76,yes,74
1591,1770685455,2026-02-09T17:04:15,24,76,yes,21
1592,1770685456,2026-02-09T17:04:16,23,77,no,100
1593,1770685459,2026-02-09T17:04:19,24,76,yes,19
1594,1770685462,2026-02-09T17:04:22,24,76,yes,8
1595,1770685462,2026-02-09T17:04:22,24,76,yes,98
1596,1770685466,2026-02-09T17:04:26,24,76,yes,39
1597,1770685469,2026-02-09T17:04:29,24,76,yes,74
1598,1770685469,2026-02-09T17:04:29,24,76,yes,7
1599,1770685470,2026-02-09T17:04:30,24,76,yes,49
1600,1770685472,2026-02-09T17:04:32,24,76,yes,23
1601,1770685474,2026-02-09T17:04:34,24,76,yes,19
1602,1770685477,2026-02-09T17:04:37,23,77,no,103
1603,1770685478,2026-02-09T17:04:38,23,77,no,304
1604,1770685485,2026-02-09T17:04:45,24,76,yes,59
1605,1770685486,2026-02-09T17:04:46,24,76,yes,39
1606,1770685487,2026-02-09T17:04:47,24,76,yes,57
1607,1770685487,2026-02-09T17:04:47,24,76,yes,18
1608,1770685488,2026-02-09T17:04:48,24,76,yes,32
1609,1770685488,2026-02-09T17:04:48,24,76,yes,98
1610,1770685489,2026-02-09T17:04:49,24,76,yes,2
1611,1770685492,2026-02-09T17:04:52,23,77,no,2
1612,1770685496,2026-02-09T17:04:56,24,76,yes,25
1613,1770685497,2026-02-09T17:04:57,23,77,no,1
1614,1770685502,2026-02-09T17:05:02,24,76,yes,39
1615,1770685505,2026-02-09T17:05:05,24,76,yes,19
1616,1770685506,2026-02-09T17:05:06,24,76,yes,27
1617,1770685507,2026-02-09T17:05:07,24,76,yes,1
1618,1770685511,2026-02-09T17:05:11,23,77,no,19
1619,1770685511,2026-02-09T17:05:11,24,76,yes,395
1620,1770685516,2026-02-09T17:05:16,24,76,yes,19
1621,1770685518,2026-02-09T17:05:18,24,76,yes,384
1622,1770685520,2026-02-09T17:05:20,24,76,yes,16
1623,1770685520,2026-02-09T17:05:20,24,76,yes,19
1624,1770685521,2026-02-09T17:05:21,24,76,yes,19
1625,1770685521,2026-02-09T17:05:21,24,76,yes,64
1626,1770685528,2026-02-09T17:05:28,24,76,yes,37
1627,1770685531,2026-02-09T17:05:31,24,76,yes,192
1628,1770685532,2026-02-09T17:05:32,24,76,yes,19
1629,1770685537,2026-02-09T17:05:37,24,76,yes,1
1630,1770685538,2026-02-09T17:05:38,24,76,yes,19
1631,1770685539,2026-02-09T17:05:39,24,76,yes,11
1632,1770685543,2026-02-09T17:05:43,24,76,yes,4
1633,1770685552,2026-02-09T17:05:52,24,76,yes,9
1634,1770685553,2026-02-09T17:05:53,24,76,yes,38
1635,1770685555,2026-02-09T17:05:55,23,77,no,73
1636,1770685556,2026-02-09T17:05:56,24,76,yes,39
1637,1770685559,2026-02-09T17:05:59,24,76,yes,18
1638,1770685560,2026-02-09T17:06:00,24,76,yes,98
1639,1770685560,2026-02-09T17:06:00,24,76,yes,21
1640,1770685563,2026-02-09T17:06:03,24,76,yes,126
1641,1770685563,2026-02-09T17:06:03,24,76,yes,40
1642,1770685569,2026-02-09T17:06:09,24,76,yes,3
1643,1770685571,2026-02-09T17:06:11,24,76,yes,31
1644,1770685574,2026-02-09T17:06:14,24,76,yes,77
1645,1770685574,2026-02-09T17:06:14,24,76,yes,39
1646,1770685575,2026-02-09T17:06:15,24,76,yes,19
1647,1770685577,2026-02-09T17:06:17,24,76,yes,118
1648,1770685577,2026-02-09T17:06:17,24,76,yes,200
1649,1770685577,2026-02-09T17:06:17,24,76,yes,300
1650,1770685579,2026-02-09T17:06:19,24,76,yes,19
1651,1770685580,2026-02-09T17:06:20,24,76,yes,20
1652,1770685581,2026-02-09T17:06:21,24,76,yes,100
1653,1770685585,2026-02-09T17:06:25,24,76,yes,27
1654,1770685589,2026-02-09T17:06:29,24,76,yes,39
1655,1770685590,2026-02-09T17:06:30,24,76,yes,523
1656,1770685592,2026-02-09T17:06:32,24,76,yes,19
1657,1770685596,2026-02-09T17:06:36,24,76,yes,98
1658,1770685597,2026-02-09T17:06:37,24,76,yes,4
1659,1770685600,2026-02-09T17:06:40,24,76,yes,7
1660,1770685600,2026-02-09T17:06:40,24,76,yes,38
1661,1770685601,2026-02-09T17:06:41,24,76,yes,39
1662,1770685602,2026-02-09T17:06:42,24,76,yes,845
1663,1770685603,2026-02-09T17:06:43,24,76,yes,38
1664,1770685604,2026-02-09T17:06:44,24,76,yes,19
1665,1770685606,2026-02-09T17:06:46,24,76,yes,530
1666,1770685607,2026-02-09T17:06:47,24,76,yes,2
1667,1770685608,2026-02-09T17:06:48,24,76,yes,11
1668,1770685611,2026-02-09T17:06:51,24,76,yes,19
1669,1770685612,2026-02-09T17:06:52,24,76,yes,23
1670,1770685613,2026-02-09T17:06:53,24,76,yes,53
1671,1770685613,2026-02-09T17:06:53,24,76,yes,1844
1672,1770685613,2026-02-09T17:06:53,24,76,yes,12
1673,1770685613,2026-02-09T17:06:53,24,76,yes,1877
1674,1770685613,2026-02-09T17:06:53,24,76,yes,1900
1675,1770685614,2026-02-09T17:06:54,25,75,yes,8
1676,1770685614,2026-02-09T17:06:54,25,75,yes,6
1677,1770685614,2026-02-09T17:06:54,25,75,yes,19
1678,1770685623,2026-02-09T17:07:03,26,74,yes,10
1679,1770685627,2026-02-09T17:07:07,27,73,yes,10
1680,1770685627,2026-02-09T17:07:07,25,75,no,13
1681,1770685627,2026-02-09T17:07:07,25,75,no,34
1682,1770685628,2026-02-09T17:07:08,27,73,yes,3
1683,1770685628,2026-02-09T17:07:08,27,73,yes,5
1684,1770685628,2026-02-09T17:07:08,27,73,yes,3
1685,1770685628,2026-02-09T17:07:08,27,73,yes,10
1686,1770685628,2026-02-09T17:07:08,27,73,yes,10
1687,1770685628,2026-02-09T17:07:08,27,73,yes,10
1688,1770685628,2026-02-09T17:07:08,27,73,yes,6
1689,1770685628,2026-02-09T17:07:08,27,73,yes,11
1690,1770685628,2026-02-09T17:07:08,27,73,yes,13
1691,1770685628,2026-02-09T17:07:08,27,73,yes,5
1692,1770685628,2026-02-09T17:07:08,27,73,yes,8
1693,1770685628,2026-02-09T17:07:08,27,73,yes,76
1694,1770685628,2026-02-09T17:07:08,27,73,yes,6
1695,1770685628,2026-02-09T17:07:08,27,73,yes,13
1696,1770685628,2026-02-09T17:07:08,27,73,yes,25
1697,1770685628,2026-02-09T17:07:08,27,73,yes,6
1698,1770685631,2026-02-09T17:07:11,28,72,yes,1
1699,1770685631,2026-02-09T17:07:11,28,72,yes,9
1700,1770685631,2026-02-09T17:07:11,28,72,yes,14
1701,1770685631,2026-02-09T17:07:11,28,72,yes,50
1702,1770685631,2026-02-09T17:07:11,28,72,yes,21
1703,1770685631,2026-02-09T17:07:11,28,72,yes,17
1704,1770685638,2026-02-09T17:07:18,28,72,yes,100
1705,1770685638,2026-02-09T17:07:18,28,72,yes,6
1706,1770685639,2026-02-09T17:07:19,28,72,yes,68
1707,1770685639,2026-02-09T17:07:19,27,73,no,10
1708,1770685639,2026-02-09T17:07:19,27,73,no,12
1709,1770685639,2026-02-09T17:07:19,27,73,no,9
1710,1770685642,2026-02-09T17:07:22,28,72,yes,880
1711,1770685642,2026-02-09T17:07:22,28,72,yes,140
1712,1770685642,2026-02-09T17:07:22,28,72,yes,102
1713,1770685643,2026-02-09T17:07:23,27,73,no,64
1714,1770685646,2026-02-09T17:07:26,28,72,yes,51
1715,1770685648,2026-02-09T17:07:28,28,72,yes,4
1716,1770685648,2026-02-09T17:07:28,28,72,yes,2
1717,1770685648,2026-02-09T17:07:28,27,73,no,14
1718,1770685648,2026-02-09T17:07:28,27,73,no,100
1719,1770685648,2026-02-09T17:07:28,26,74,no,9
1720,1770685648,2026-02-09T17:07:28,28,72,yes,1700
1721,1770685648,2026-02-09T17:07:28,27,73,yes,10
1722,1770685648,2026-02-09T17:07:28,28,72,yes,70
1723,1770685652,2026-02-09T17:07:32,27,73,yes,17
1724,1770685654,2026-02-09T17:07:34,26,74,no,13
1725,1770685654,2026-02-09T17:07:34,26,74,no,50
1726,1770685655,2026-02-09T17:07:35,27,73,yes,17
1727,1770685656,2026-02-09T17:07:36,25,75,no,13
1728,1770685656,2026-02-09T17:07:36,24,76,no,13
1729,1770685662,2026-02-09T17:07:42,24,76,yes,7
1730,1770685662,2026-02-09T17:07:42,24,76,yes,11
1731,1770685663,2026-02-09T17:07:43,24,76,yes,79
1732,1770685663,2026-02-09T17:07:43,24,76,yes,79
1733,1770685664,2026-02-09T17:07:44,24,76,yes,197
1734,1770685665,2026-02-09T17:07:45,24,76,yes,39
1735,1770685665,2026-02-09T17:07:45,24,76,yes,7
1736,1770685666,2026-02-09T17:07:46,24,76,yes,39
1737,1770685667,2026-02-09T17:07:47,24,76,yes,19
1738,1770685668,2026-02-09T17:07:48,23,77,no,13
1739,1770685668,2026-02-09T17:07:48,23,77,no,25
1740,1770685671,2026-02-09T17:07:51,23,77,yes,50
1741,1770685673,2026-02-09T17:07:53,23,77,yes,20
1742,1770685673,2026-02-09T17:07:53,23,77,yes,54
1743,1770685673,2026-02-09T17:07:53,23,77,yes,7
1744,1770685674,2026-02-09T17:07:54,23,77,yes,5
1745,1770685674,2026-02-09T17:07:54,23,77,yes,47
1746,1770685674,2026-02-09T17:07:54,23,77,yes,20
1747,1770685674,2026-02-09T17:07:54,23,77,yes,2
1748,1770685675,2026-02-09T17:07:55,23,77,yes,47
1749,1770685676,2026-02-09T17:07:56,23,77,yes,4
1750,1770685677,2026-02-09T17:07:57,23,77,yes,20
1751,1770685677,2026-02-09T17:07:57,23,77,yes,4
1752,1770685677,2026-02-09T17:07:57,23,77,yes,82
1753,1770685681,2026-02-09T17:08:01,23,77,yes,200
1754,1770685683,2026-02-09T17:08:03,23,77,yes,4
1755,1770685683,2026-02-09T17:08:03,23,77,yes,40
1756,1770685684,2026-02-09T17:08:04,23,77,yes,100
1757,1770685685,2026-02-09T17:08:05,23,77,yes,160
1758,1770685685,2026-02-09T17:08:05,23,77,yes,1
1759,1770685686,2026-02-09T17:08:06,23,77,yes,11
1760,1770685686,2026-02-09T17:08:06,23,77,yes,92
1761,1770685689,2026-02-09T17:08:09,23,77,yes,6
1762,1770685689,2026-02-09T17:08:09,23,77,yes,1
1763,1770685689,2026-02-09T17:08:09,23,77,yes,20
1764,1770685690,2026-02-09T17:08:10,23,77,yes,41
1765,1770685691,2026-02-09T17:08:11,23,77,yes,20
1766,1770685693,2026-02-09T17:08:13,23,77,yes,20
1767,1770685699,2026-02-09T17:08:19,23,77,yes,123
1768,1770685702,2026-02-09T17:08:22,23,77,yes,7
1769,1770685703,2026-02-09T17:08:23,23,77,yes,41
1770,1770685706,2026-02-09T17:08:26,23,77,yes,40
1771,1770685707,2026-02-09T17:08:27,23,77,yes,40
1772,1770685707,2026-02-09T17:08:27,23,77,yes,408
1773,1770685708,2026-02-09T17:08:28,23,77,yes,12
1774,1770685708,2026-02-09T17:08:28,23,77,yes,15
1775,1770685709,2026-02-09T17:08:29,22,78,no,20
1776,1770685709,2026-02-09T17:08:29,22,78,no,13
1777,1770685709,2026-02-09T17:08:29,22,78,no,5
1778,1770685715,2026-02-09T17:08:35,22,78,yes,416
1779,1770685717,2026-02-09T17:08:37,22,78,yes,433
1780,1770685717,2026-02-09T17:08:37,22,78,yes,429
1781,1770685717,2026-02-09T17:08:37,21,79,no,40
1782,1770685718,2026-02-09T17:08:38,22,78,yes,68
1783,1770685719,2026-02-09T17:08:39,22,78,yes,4
1784,1770685719,2026-02-09T17:08:39,22,78,yes,43
1785,1770685721,2026-02-09T17:08:41,22,78,yes,21
1786,1770685724,2026-02-09T17:08:44,22,78,yes,1
1787,1770685725,2026-02-09T17:08:45,22,78,yes,1
1788,1770685726,2026-02-09T17:08:46,22,78,yes,8
1789,1770685729,2026-02-09T17:08:49,22,78,yes,10
1790,1770685730,2026-02-09T17:08:50,22,78,yes,104
1791,1770685730,2026-02-09T17:08:50,22,78,yes,20
1792,1770685732,2026-02-09T17:08:52,22,78,yes,21
1793,1770685733,2026-02-09T17:08:53,22,78,yes,8
1794,1770685734,2026-02-09T17:08:54,22,78,yes,1
1795,1770685737,2026-02-09T17:08:57,22,78,yes,12
1796,1770685745,2026-02-09T17:09:05,22,78,yes,10
1797,1770685745,2026-02-09T17:09:05,22,78,yes,14
1798,1770685745,2026-02-09T17:09:05,22,78,yes,45
1799,1770685745,2026-02-09T17:09:05,22,78,yes,8
1800,1770685745,2026-02-09T17:09:05,22,78,yes,1
1801,1770685745,2026-02-09T17:09:05,22,78,yes,8
1802,1770685749,2026-02-09T17:09:09,22,78,yes,21
1803,1770685751,2026-02-09T17:09:11,22,78,yes,21
1804,1770685752,2026-02-09T17:09:12,22,78,yes,36
1805,1770685753,2026-02-09T17:09:13,22,78,yes,64
1806,1770685754,2026-02-09T17:09:14,22,78,yes,43
1807,1770685757,2026-02-09T17:09:17,22,78,yes,4
1808,1770685758,2026-02-09T17:09:18,22,78,yes,40
1809,1770685758,2026-02-09T17:09:18,22,78,yes,500
1810,1770685760,2026-02-09T17:09:20,22,78,yes,2
1811,1770685761,2026-02-09T17:09:21,22,78,yes,3
1812,1770685761,2026-02-09T17:09:21,21,79,no,55
1813,1770685761,2026-02-09T17:09:21,21,79,no,50
1814,1770685761,2026-02-09T17:09:21,21,79,no,100
1815,1770685761,2026-02-09T17:09:21,21,79,no,5
1816,1770685761,2026-02-09T17:09:21,21,79,no,1
1817,1770685761,2026-02-09T17:09:21,21,79,no,13
1818,1770685766,2026-02-09T17:09:26,21,79,yes,8
1819,1770685767,2026-02-09T17:09:27,20,80,no,10
1820,1770685767,2026-02-09T17:09:27,20,80,no,5
1821,1770685767,2026-02-09T17:09:27,20,80,no,1
1822,1770685767,2026-02-09T17:09:27,20,80,no,1
1823,1770685767,2026-02-09T17:09:27,20,80,no,150
1824,1770685767,2026-02-09T17:09:27,20,80,no,10
1825,1770685767,2026-02-09T17:09:27,20,80,no,10
1826,1770685767,2026-02-09T17:09:27,20,80,no,10
1827,1770685767,2026-02-09T17:09:27,20,80,no,10
1828,1770685767,2026-02-09T17:09:27,20,80,no,14
1829,1770685767,2026-02-09T17:09:27,20,80,no,150
1830,1770685768,2026-02-09T17:09:28,21,79,yes,225
1831,1770685768,2026-02-09T17:09:28,20,80,yes,4
1832,1770685770,2026-02-09T17:09:30,20,80,yes,434
1833,1770685770,2026-02-09T17:09:30,20,80,yes,1
1834,1770685771,2026-02-09T17:09:31,20,80,yes,23
1835,1770685772,2026-02-09T17:09:32,20,80,yes,59
1836,1770685772,2026-02-09T17:09:32,20,80,yes,221
1837,1770685773,2026-02-09T17:09:33,20,80,yes,14
1838,1770685773,2026-02-09T17:09:33,20,80,yes,9
1839,1770685774,2026-02-09T17:09:34,20,80,yes,4
1840,1770685777,2026-02-09T17:09:37,20,80,yes,4
1841,1770685778,2026-02-09T17:09:38,19,81,no,39
1842,1770685779,2026-02-09T17:09:39,20,80,yes,6
1843,1770685780,2026-02-09T17:09:40,20,80,no,7
1844,1770685781,2026-02-09T17:09:41,21,79,yes,12
1845,1770685781,2026-02-09T17:09:41,21,79,yes,50
1846,1770685781,2026-02-09T17:09:41,21,79,yes,25
1847,1770685781,2026-02-09T17:09:41,21,79,yes,3
1848,1770685782,2026-02-09T17:09:42,21,79,yes,22
1849,1770685782,2026-02-09T17:09:42,20,80,no,3
1850,1770685782,2026-02-09T17:09:42,20,80,no,14
1851,1770685782,2026-02-09T17:09:42,20,80,no,3
1852,1770685784,2026-02-09T17:09:44,21,79,yes,2
1853,1770685784,2026-02-09T17:09:44,21,79,yes,15
1854,1770685786,2026-02-09T17:09:46,20,80,no,147
1855,1770685786,2026-02-09T17:09:46,20,80,no,14
1856,1770685787,2026-02-09T17:09:47,20,80,yes,10
1857,1770685789,2026-02-09T17:09:49,20,80,yes,15
1858,1770685789,2026-02-09T17:09:49,20,80,yes,5
1859,1770685790,2026-02-09T17:09:50,20,80,yes,9
1860,1770685790,2026-02-09T17:09:50,20,80,yes,38
1861,1770685792,2026-02-09T17:09:52,20,80,yes,62
1862,1770685792,2026-02-09T17:09:52,19,81,no,77
1863,1770685792,2026-02-09T17:09:52,19,81,no,139
1864,1770685792,2026-02-09T17:09:52,19,81,no,1
1865,1770685792,2026-02-09T17:09:52,19,81,no,100
1866,1770685792,2026-02-09T17:09:52,19,81,no,14
1867,1770685792,2026-02-09T17:09:52,19,81,no,150
1868,1770685792,2026-02-09T17:09:52,19,81,yes,1500
1869,1770685794,2026-02-09T17:09:54,19,81,yes,4
1870,1770685794,2026-02-09T17:09:54,19,81,yes,6
1871,1770685794,2026-02-09T17:09:54,19,81,yes,18
1872,1770685794,2026-02-09T17:09:54,18,82,no,25
1873,1770685794,2026-02-09T17:09:54,18,82,no,5
1874,1770685794,2026-02-09T17:09:54,18,82,no,800
1875,1770685794,2026-02-09T17:09:54,18,82,no,50
1876,1770685794,2026-02-09T17:09:54,18,82,no,1
1877,1770685794,2026-02-09T17:09:54,18,82,no,14
1878,1770685794,2026-02-09T17:09:54,18,82,no,150
1879,1770685795,2026-02-09T17:09:55,18,82,yes,10
1880,1770685795,2026-02-09T17:09:55,18,82,yes,14
1881,1770685795,2026-02-09T17:09:55,19,81,yes,16
1882,1770685795,2026-02-09T17:09:55,18,82,no,10
1883,1770685795,2026-02-09T17:09:55,18,82,no,877
1884,1770685795,2026-02-09T17:09:55,19,81,yes,300
1885,1770685795,2026-02-09T17:09:55,19,81,yes,238
1886,1770685799,2026-02-09T17:09:59,19,81,yes,227
1887,1770685800,2026-02-09T17:10:00,19,81,yes,4
1888,1770685801,2026-02-09T17:10:01,19,81,yes,2
1889,1770685803,2026-02-09T17:10:03,18,82,no,13
1890,1770685803,2026-02-09T17:10:03,18,82,no,150
1891,1770685804,2026-02-09T17:10:04,18,82,yes,124
1892,1770685805,2026-02-09T17:10:05,18,82,yes,13
1893,1770685805,2026-02-09T17:10:05,18,82,yes,62
1894,1770685805,2026-02-09T17:10:05,17,83,no,23
1895,1770685805,2026-02-09T17:10:05,17,83,no,25
1896,1770685805,2026-02-09T17:10:05,17,83,no,14
1897,1770685805,2026-02-09T17:10:05,17,83,no,150
1898,1770685805,2026-02-09T17:10:05,17,83,no,345
1899,1770685805,2026-02-09T17:10:05,18,82,yes,25
1900,1770685805,2026-02-09T17:10:05,17,83,no,50
1901,1770685806,2026-02-09T17:10:06,18,82,yes,76
1902,1770685806,2026-02-09T17:10:06,18,82,yes,924
1903,1770685806,2026-02-09T17:10:06,18,82,yes,12
1904,1770685806,2026-02-09T17:10:06,18,82,yes,483
1905,1770685806,2026-02-09T17:10:06,18,82,yes,465
1906,1770685806,2026-02-09T17:10:06,18,82,yes,26
1907,1770685807,2026-02-09T17:10:07,17,83,no,4
1908,1770685809,2026-02-09T17:10:09,18,82,yes,39
1909,1770685809,2026-02-09T17:10:09,18,82,yes,13
1910,1770685809,2026-02-09T17:10:09,18,82,yes,48
1911,1770685811,2026-02-09T17:10:11,17,83,no,133
1912,1770685811,2026-02-09T17:10:11,18,82,yes,99
1913,1770685812,2026-02-09T17:10:12,18,82,yes,24
1914,1770685812,2026-02-09T17:10:12,18,82,yes,11
1915,1770685812,2026-02-09T17:10:12,18,82,yes,14
1916,1770685812,2026-02-09T17:10:12,18,82,yes,12
1917,1770685812,2026-02-09T17:10:12,18,82,yes,868
1918,1770685812,2026-02-09T17:10:12,18,82,yes,868
1919,1770685812,2026-02-09T17:10:12,18,82,yes,868
1920,1770685812,2026-02-09T17:10:12,18,82,yes,335
1921,1770685812,2026-02-09T17:10:12,17,83,no,153
1922,1770685813,2026-02-09T17:10:13,18,82,yes,23
1923,1770685813,2026-02-09T17:10:13,18,82,yes,12
1924,1770685813,2026-02-09T17:10:13,18,82,yes,50
1925,1770685813,2026-02-09T17:10:13,18,82,yes,438
1926,1770685815,2026-02-09T17:10:15,18,82,yes,5
1927,1770685816,2026-02-09T17:10:16,18,82,yes,9
1928,1770685817,2026-02-09T17:10:17,17,83,no,32
1929,1770685818,2026-02-09T17:10:18,17,83,no,41
1930,1770685818,2026-02-09T17:10:18,18,82,yes,2
1931,1770685819,2026-02-09T17:10:19,17,83,no,185
1932,1770685819,2026-02-09T17:10:19,18,82,yes,4
1933,1770685819,2026-02-09T17:10:19,18,82,yes,1
1934,1770685822,2026-02-09T17:10:22,18,82,yes,11
1935,1770685822,2026-02-09T17:10:22,18,82,yes,3
1936,1770685824,2026-02-09T17:10:24,18,82,no,24
1937,1770685826,2026-02-09T17:10:26,19,81,yes,25
1938,1770685826,2026-02-09T17:10:26,19,81,yes,14
1939,1770685826,2026-02-09T17:10:26,20,80,yes,5
1940,1770685826,2026-02-09T17:10:26,20,80,yes,5
1941,1770685830,2026-02-09T17:10:30,18,82,no,12
1942,1770685830,2026-02-09T17:10:30,18,82,no,8
1943,1770685830,2026-02-09T17:10:30,18,82,no,5
1944,1770685830,2026-02-09T17:10:30,18,82,no,411
1945,1770685830,2026-02-09T17:10:30,18,82,no,19
1946,1770685830,2026-02-09T17:10:30,18,82,no,10
1947,1770685833,2026-02-09T17:10:33,18,82,no,19
1948,1770685835,2026-02-09T17:10:35,19,81,yes,10
1949,1770685835,2026-02-09T17:10:35,19,81,yes,10
1950,1770685835,2026-02-09T17:10:35,19,81,yes,12
1951,1770685835,2026-02-09T17:10:35,19,81,yes,19
1952,1770685835,2026-02-09T17:10:35,19,81,yes,24
1953,1770685837,2026-02-09T17:10:37,19,81,yes,5
1954,1770685838,2026-02-09T17:10:38,18,82,no,18
1955,1770685840,2026-02-09T17:10:40,19,81,yes,14
1956,1770685840,2026-02-09T17:10:40,19,81,yes,9
1957,1770685840,2026-02-09T17:10:40,19,81,yes,13
1958,1770685841,2026-02-09T17:10:41,19,81,yes,249
1959,1770685851,2026-02-09T17:10:51,19,81,yes,49
1960,1770685851,2026-02-09T17:10:51,19,81,yes,251
1961,1770685851,2026-02-09T17:10:51,19,81,yes,3749
1962,1770685854,2026-02-09T17:10:54,19,81,yes,4
1963,1770685855,2026-02-09T17:10:55,18,82,no,395
1964,1770685861,2026-02-09T17:11:01,18,82,no,15
1965,1770685862,2026-02-09T17:11:02,18,82,no,50
1966,1770685862,2026-02-09T17:11:02,19,81,yes,2
1967,1770685862,2026-02-09T17:11:02,19,81,yes,1
1968,1770685862,2026-02-09T17:11:02,19,81,yes,21
1969,1770685862,2026-02-09T17:11:02,18,82,no,63
1970,1770685862,2026-02-09T17:11:02,18,82,no,1
1971,1770685862,2026-02-09T17:11:02,19,81,yes,24
1972,1770685864,2026-02-09T17:11:04,19,81,yes,9
1973,1770685864,2026-02-09T17:11:04,19,81,yes,2
1974,1770685864,2026-02-09T17:11:04,19,81,yes,10
1975,1770685864,2026-02-09T17:11:04,19,81,yes,3
1976,1770685864,2026-02-09T17:11:04,19,81,yes,4
1977,1770685864,2026-02-09T17:11:04,19,81,yes,25
1978,1770685866,2026-02-09T17:11:06,19,81,no,47
1979,1770685866,2026-02-09T17:11:06,19,81,no,10
1980,1770685866,2026-02-09T17:11:06,19,81,no,14
1981,1770685867,2026-02-09T17:11:07,18,82,no,79
1982,1770685867,2026-02-09T17:11:07,18,82,no,10
1983,1770685867,2026-02-09T17:11:07,18,82,no,85
1984,1770685867,2026-02-09T17:11:07,18,82,no,5
1985,1770685871,2026-02-09T17:11:11,18,82,no,9
1986,1770685872,2026-02-09T17:11:12,19,81,yes,9
1987,1770685873,2026-02-09T17:11:13,18,82,no,1
1988,1770685873,2026-02-09T17:11:13,18,82,no,89
1989,1770685873,2026-02-09T17:11:13,19,81,yes,498
1990,1770685876,2026-02-09T17:11:16,18,82,no,2000
1991,1770685876,2026-02-09T17:11:16,19,81,yes,57
1992,1770685877,2026-02-09T17:11:17,19,81,yes,24
1993,1770685877,2026-02-09T17:11:17,19,81,yes,89
1994,1770685877,2026-02-09T17:11:17,19,81,yes,9
1995,1770685878,2026-02-09T17:11:18,18,82,no,125
1996,1770685879,2026-02-09T17:11:19,19,81,yes,10
1997,1770685879,2026-02-09T17:11:19,19,81,yes,49
1998,1770685882,2026-02-09T17:11:22,18,82,no,286
1999,1770685882,2026-02-09T17:11:22,18,82,no,14
2000,1770685882,2026-02-09T17:11:22,18,82,yes,10
2001,1770685883,2026-02-09T17:11:23,17,83,no,18
2002,1770685883,2026-02-09T17:11:23,18,82,yes,23
2003,1770685883,2026-02-09T17:11:23,18,82,yes,47
2004,1770685884,2026-02-09T17:11:24,18,82,yes,10
2005,1770685884,2026-02-09T17:11:24,18,82,yes,525
2006,1770685888,2026-02-09T17:11:28,18,82,yes,5
2007,1770685889,2026-02-09T17:11:29,18,82,yes,2
2008,1770685890,2026-02-09T17:11:30,18,82,yes,10
2009,1770685890,2026-02-09T17:11:30,18,82,yes,16
2010,1770685893,2026-02-09T17:11:33,17,83,no,47
2011,1770685894,2026-02-09T17:11:34,17,83,no,162
2012,1770685895,2026-02-09T17:11:35,18,82,yes,50
2013,1770685895,2026-02-09T17:11:35,18,82,yes,12
2014,1770685895,2026-02-09T17:11:35,18,82,yes,10
2015,1770685895,2026-02-09T17:11:35,18,82,yes,2
2016,1770685898,2026-02-09T17:11:38,18,82,yes,1
2017,1770685898,2026-02-09T17:11:38,18,82,yes,14
2018,1770685898,2026-02-09T17:11:38,18,82,yes,3
2019,1770685898,2026-02-09T17:11:38,19,81,yes,4
2020,1770685898,2026-02-09T17:11:38,19,81,yes,2
2021,1770685898,2026-02-09T17:11:38,19,81,yes,4
2022,1770685898,2026-02-09T17:11:38,19,81,yes,4
2023,1770685898,2026-02-09T17:11:38,19,81,yes,89
2024,1770685898,2026-02-09T17:11:38,18,82,yes,2
2025,1770685903,2026-02-09T17:11:43,18,82,yes,8
2026,1770685903,2026-02-09T17:11:43,18,82,yes,3
2027,1770685903,2026-02-09T17:11:43,19,81,yes,14
2028,1770685904,2026-02-09T17:11:44,18,82,no,10
2029,1770685904,2026-02-09T17:11:44,19,81,yes,95
2030,1770685906,2026-02-09T17:11:46,18,82,no,3
2031,1770685906,2026-02-09T17:11:46,18,82,no,18
2032,1770685906,2026-02-09T17:11:46,19,81,yes,6
2033,1770685906,2026-02-09T17:11:46,19,81,yes,495
2034,1770685907,2026-02-09T17:11:47,18,82,no,2
2035,1770685909,2026-02-09T17:11:49,18,82,no,36
2036,1770685910,2026-02-09T17:11:50,19,81,yes,47
2037,1770685910,2026-02-09T17:11:50,19,81,yes,9
2038,1770685911,2026-02-09T17:11:51,19,81,yes,29
2039,1770685915,2026-02-09T17:11:55,19,81,yes,22
2040,1770685919,2026-02-09T17:11:59,18,82,no,12
2041,1770685919,2026-02-09T17:11:59,17,83,no,117
2042,1770685920,2026-02-09T17:12:00,18,82,no,10
2043,1770685920,2026-02-09T17:12:00,18,82,no,14
2044,1770685920,2026-02-09T17:12:00,18,82,no,91
2045,1770685922,2026-02-09T17:12:02,19,81,yes,26
2046,1770685922,2026-02-09T17:12:02,19,81,yes,228
2047,1770685922,2026-02-09T17:12:02,19,81,yes,319
2048,1770685926,2026-02-09T17:12:06,18,82,no,57
2049,1770685927,2026-02-09T17:12:07,18,82,no,74
2050,1770685933,2026-02-09T17:12:13,19,81,yes,4
2051,1770685933,2026-02-09T17:12:13,19,81,yes,2
2052,1770685933,2026-02-09T17:12:13,19,81,yes,14
2053,1770685933,2026-02-09T17:12:13,19,81,yes,2
2054,1770685933,2026-02-09T17:12:13,19,81,yes,2
2055,1770685934,2026-02-09T17:12:14,18,82,no,14
2056,1770685934,2026-02-09T17:12:14,18,82,no,25
2057,1770685934,2026-02-09T17:12:14,18,82,no,150
2058,1770685934,2026-02-09T17:12:14,18,82,no,535
2059,1770685934,2026-02-09T17:12:14,18,82,no,2500
2060,1770685938,2026-02-09T17:12:18,18,82,no,12
2061,1770685938,2026-02-09T17:12:18,17,83,no,27
2062,1770685939,2026-02-09T17:12:19,19,81,yes,13
2063,1770685939,2026-02-09T17:12:19,19,81,yes,7
2064,1770685939,2026-02-09T17:12:19,19,81,yes,54
2065,1770685939,2026-02-09T17:12:19,19,81,yes,481
2066,1770685939,2026-02-09T17:12:19,19,81,yes,515
2067,1770685941,2026-02-09T17:12:21,19,81,yes,2
2068,1770685941,2026-02-09T17:12:21,19,81,yes,3
2069,1770685941,2026-02-09T17:12:21,19,81,yes,34
2070,1770685941,2026-02-09T17:12:21,19,81,yes,14
2071,1770685941,2026-02-09T17:12:21,19,81,yes,71
2072,1770685942,2026-02-09T17:12:22,19,81,yes,49
2073,1770685946,2026-02-09T17:12:26,19,81,yes,24
2074,1770685946,2026-02-09T17:12:26,19,81,yes,9
2075,1770685946,2026-02-09T17:12:26,19,81,yes,9
2076,1770685947,2026-02-09T17:12:27,19,81,yes,4
2077,1770685948,2026-02-09T17:12:28,18,82,no,12
2078,1770685948,2026-02-09T17:12:28,17,83,yes,10
2079,1770685950,2026-02-09T17:12:30,17,83,yes,5
2080,1770685953,2026-02-09T17:12:33,17,83,yes,55
2081,1770685953,2026-02-09T17:12:33,16,84,no,56
2082,1770685953,2026-02-09T17:12:33,16,84,no,13
2083,1770685953,2026-02-09T17:12:33,16,84,no,79
2084,1770685955,2026-02-09T17:12:35,17,83,yes,100
2085,1770685955,2026-02-09T17:12:35,16,84,no,1
2086,1770685955,2026-02-09T17:12:35,17,83,yes,14
2087,1770685955,2026-02-09T17:12:35,17,83,yes,20
2088,1770685955,2026-02-09T17:12:35,17,83,yes,5
2089,1770685955,2026-02-09T17:12:35,17,83,yes,5000
2090,1770685957,2026-02-09T17:12:37,17,83,yes,10
2091,1770685957,2026-02-09T17:12:37,17,83,yes,579
2092,1770685958,2026-02-09T17:12:38,17,83,yes,27
2093,1770685959,2026-02-09T17:12:39,17,83,yes,10
2094,1770685959,2026-02-09T17:12:39,17,83,yes,4
2095,1770685959,2026-02-09T17:12:39,17,83,yes,3
2096,1770685959,2026-02-09T17:12:39,17,83,yes,9
2097,1770685960,2026-02-09T17:12:40,18,82,yes,203
2098,1770685960,2026-02-09T17:12:40,18,82,yes,12
2099,1770685961,2026-02-09T17:12:41,18,82,no,22
2100,1770685963,2026-02-09T17:12:43,18,82,no,22
2101,1770685965,2026-02-09T17:12:45,18,82,no,5
2102,1770685966,2026-02-09T17:12:46,18,82,no,25
2103,1770685966,2026-02-09T17:12:46,18,82,no,11
2104,1770685967,2026-02-09T17:12:47,19,81,yes,200
2105,1770685968,2026-02-09T17:12:48,18,82,no,3
2106,1770685968,2026-02-09T17:12:48,18,82,no,73
2107,1770685972,2026-02-09T17:12:52,19,81,yes,4
2108,1770685972,2026-02-09T17:12:52,18,82,no,327
2109,1770685972,2026-02-09T17:12:52,18,82,no,95
2110,1770685974,2026-02-09T17:12:54,18,82,no,1
2111,1770685974,2026-02-09T17:12:54,18,82,no,380
2112,1770685974,2026-02-09T17:12:54,18,82,no,258
2113,1770685975,2026-02-09T17:12:55,19,81,yes,8
2114,1770685975,2026-02-09T17:12:55,20,80,yes,5
2115,1770685975,2026-02-09T17:12:55,20,80,yes,34
2116,1770685979,2026-02-09T17:12:59,18,82,no,209
2117,1770685981,2026-02-09T17:13:01,19,81,yes,4
2118,1770685981,2026-02-09T17:13:01,20,80,yes,64
2119,1770685982,2026-02-09T17:13:02,19,81,no,5
2120,1770685983,2026-02-09T17:13:03,20,80,yes,473
2121,1770685985,2026-02-09T17:13:05,20,80,yes,22
2122,1770685986,2026-02-09T17:13:06,19,81,no,20
2123,1770685986,2026-02-09T17:13:06,19,81,no,14
2124,1770685986,2026-02-09T17:13:06,18,82,no,6
2125,1770685986,2026-02-09T17:13:06,20,80,yes,23
2126,1770685991,2026-02-09T17:13:11,20,80,yes,25
2127,1770685993,2026-02-09T17:13:13,20,80,yes,94
2128,1770685994,2026-02-09T17:13:14,20,80,yes,24
2129,1770685995,2026-02-09T17:13:15,20,80,yes,1
2130,1770685996,2026-02-09T17:13:16,20,80,yes,8
2131,1770685997,2026-02-09T17:13:17,20,80,yes,48
2132,1770686001,2026-02-09T17:13:21,20,80,yes,5
2133,1770686001,2026-02-09T17:13:21,20,80,yes,6
2134,1770686005,2026-02-09T17:13:25,20,80,yes,49
2135,1770686005,2026-02-09T17:13:25,20,80,yes,23
2136,1770686009,2026-02-09T17:13:29,20,80,yes,236
2137,1770686011,2026-02-09T17:13:31,20,80,yes,5
2138,1770686016,2026-02-09T17:13:36,20,80,yes,36
2139,1770686017,2026-02-09T17:13:37,20,80,yes,1
2140,1770686017,2026-02-09T17:13:37,20,80,yes,21
2141,1770686022,2026-02-09T17:13:42,19,81,no,12
2142,1770686022,2026-02-09T17:13:42,18,82,no,177
2143,1770686029,2026-02-09T17:13:49,20,80,yes,23
2144,1770686031,2026-02-09T17:13:51,20,80,yes,14
2145,1770686034,2026-02-09T17:13:54,20,80,yes,473
2146,1770686035,2026-02-09T17:13:55,20,80,yes,1178
2147,1770686045,2026-02-09T17:14:05,20,80,yes,47
2148,1770686045,2026-02-09T17:14:05,20,80,yes,150
2149,1770686045,2026-02-09T17:14:05,19,81,no,1
2150,1770686047,2026-02-09T17:14:07,20,80,yes,23
2151,1770686051,2026-02-09T17:14:11,19,81,no,5
2152,1770686051,2026-02-09T17:14:11,20,80,yes,23
2153,1770686051,2026-02-09T17:14:11,20,80,yes,9
2154,1770686057,2026-02-09T17:14:17,20,80,yes,94
2155,1770686057,2026-02-09T17:14:17,20,80,yes,454
2156,1770686058,2026-02-09T17:14:18,20,80,yes,4
2157,1770686061,2026-02-09T17:14:21,19,81,no,13
2158,1770686062,2026-02-09T17:14:22,19,81,yes,4
2159,1770686065,2026-02-09T17:14:25,19,81,yes,118
2160,1770686067,2026-02-09T17:14:27,19,81,yes,28
2161,1770686068,2026-02-09T17:14:28,19,81,yes,236
2162,1770686072,2026-02-09T17:14:32,19,81,yes,13
2163,1770686074,2026-02-09T17:14:34,20,80,yes,2
2164,1770686074,2026-02-09T17:14:34,20,80,yes,3
2165,1770686074,2026-02-09T17:14:34,20,80,yes,1
2166,1770686074,2026-02-09T17:14:34,20,80,yes,36
2167,1770686080,2026-02-09T17:14:40,20,80,yes,14
2168,1770686080,2026-02-09T17:14:40,20,80,yes,7
2169,1770686080,2026-02-09T17:14:40,20,80,yes,1
2170,1770686080,2026-02-09T17:14:40,20,80,yes,4
2171,1770686081,2026-02-09T17:14:41,19,81,no,18
2172,1770686082,2026-02-09T17:14:42,20,80,yes,473
2173,1770686082,2026-02-09T17:14:42,19,81,no,60
2174,1770686084,2026-02-09T17:14:44,19,81,no,1
2175,1770686084,2026-02-09T17:14:44,20,80,yes,47
2176,1770686088,2026-02-09T17:14:48,20,80,yes,9
2177,1770686090,2026-02-09T17:14:50,20,80,yes,4543
2178,1770686091,2026-02-09T17:14:51,20,80,yes,85
2179,1770686094,2026-02-09T17:14:54,20,80,yes,4
2180,1770686095,2026-02-09T17:14:55,20,80,yes,47
2181,1770686096,2026-02-09T17:14:56,19,81,no,8
2182,1770686096,2026-02-09T17:14:56,19,81,no,12
2183,1770686098,2026-02-09T17:14:58,19,81,yes,90
2184,1770686098,2026-02-09T17:14:58,19,81,yes,9
2185,1770686098,2026-02-09T17:14:58,19,81,yes,18
2186,1770686099,2026-02-09T17:14:59,19,81,yes,42
2187,1770686104,2026-02-09T17:15:04,19,81,yes,30
2188,1770686111,2026-02-09T17:15:11,18,82,no,25
2189,1770686111,2026-02-09T17:15:11,18,82,no,17
2190,1770686111,2026-02-09T17:15:11,19,81,yes,237
2191,1770686115,2026-02-09T17:15:15,19,81,yes,10
2192,1770686115,2026-02-09T17:15:15,19,81,yes,13
2193,1770686117,2026-02-09T17:15:17,19,81,yes,1
2194,1770686117,2026-02-09T17:15:17,20,80,yes,3
2195,1770686118,2026-02-09T17:15:18,20,80,yes,4
2196,1770686121,2026-02-09T17:15:21,20,80,yes,13
2197,1770686121,2026-02-09T17:15:21,20,80,yes,6
2198,1770686121,2026-02-09T17:15:21,20,80,yes,5
2199,1770686121,2026-02-09T17:15:21,20,80,yes,70
2200,1770686122,2026-02-09T17:15:22,20,80,yes,200
2201,1770686123,2026-02-09T17:15:23,20,80,yes,12
2202,1770686123,2026-02-09T17:15:23,20,80,yes,35
2203,1770686131,2026-02-09T17:15:31,20,80,yes,212
2204,1770686131,2026-02-09T17:15:31,20,80,yes,1
2205,1770686136,2026-02-09T17:15:36,19,81,no,10
2206,1770686136,2026-02-09T17:15:36,19,81,no,14
2207,1770686136,2026-02-09T17:15:36,19,81,no,100
2208,1770686137,2026-02-09T17:15:37,18,82,no,197
2209,1770686138,2026-02-09T17:15:38,19,81,yes,4
2210,1770686138,2026-02-09T17:15:38,19,81,yes,9
2211,1770686138,2026-02-09T17:15:38,19,81,yes,91
2212,1770686138,2026-02-09T17:15:38,19,81,yes,71
2213,1770686139,2026-02-09T17:15:39,19,81,yes,74
2214,1770686139,2026-02-09T17:15:39,19,81,yes,23
2215,1770686147,2026-02-09T17:15:47,19,81,yes,11
2216,1770686147,2026-02-09T17:15:47,19,81,yes,2
2217,1770686151,2026-02-09T17:15:51,19,81,yes,10
2218,1770686151,2026-02-09T17:15:51,19,81,yes,12
2219,1770686151,2026-02-09T17:15:51,20,80,yes,1
2220,1770686156,2026-02-09T17:15:56,20,80,yes,9
2221,1770686159,2026-02-09T17:15:59,20,80,yes,236
2222,1770686160,2026-02-09T17:16:00,20,80,yes,4
2223,1770686160,2026-02-09T17:16:00,20,80,yes,11
2224,1770686160,2026-02-09T17:16:00,20,80,yes,15
2225,1770686160,2026-02-09T17:16:00,20,80,yes,8
2226,1770686160,2026-02-09T17:16:00,20,80,yes,4
2227,1770686160,2026-02-09T17:16:00,20,80,yes,4
2228,1770686160,2026-02-09T17:16:00,20,80,yes,49
2229,1770686160,2026-02-09T17:16:00,20,80,yes,7
2230,1770686165,2026-02-09T17:16:05,20,80,yes,18
2231,1770686166,2026-02-09T17:16:06,19,81,no,10
2232,1770686166,2026-02-09T17:16:06,19,81,no,13
2233,1770686166,2026-02-09T17:16:06,19,81,yes,10
2234,1770686169,2026-02-09T17:16:09,18,82,no,10
2235,1770686169,2026-02-09T17:16:09,19,81,yes,49
2236,1770686171,2026-02-09T17:16:11,19,81,yes,9
2237,1770686171,2026-02-09T17:16:11,19,81,yes,50
2238,1770686172,2026-02-09T17:16:12,19,81,yes,24
2239,1770686173,2026-02-09T17:16:13,19,81,yes,25
2240,1770686173,2026-02-09T17:16:13,19,81,yes,9
2241,1770686174,2026-02-09T17:16:14,19,81,yes,4
2242,1770686176,2026-02-09T17:16:16,19,81,yes,10
2243,1770686180,2026-02-09T17:16:20,20,80,yes,50
2244,1770686181,2026-02-09T17:16:21,20,80,yes,331
2245,1770686182,2026-02-09T17:16:22,20,80,yes,45
2246,1770686182,2026-02-09T17:16:22,20,80,yes,5
2247,1770686185,2026-02-09T17:16:25,20,80,yes,23
2248,1770686187,2026-02-09T17:16:27,19,81,no,10
2249,1770686187,2026-02-09T17:16:27,19,81,no,7
2250,1770686187,2026-02-09T17:16:27,20,80,yes,47
2251,1770686189,2026-02-09T17:16:29,19,81,no,5
2252,1770686194,2026-02-09T17:16:34,19,81,yes,50
2253,1770686195,2026-02-09T17:16:35,19,81,yes,95
2254,1770686196,2026-02-09T17:16:36,19,81,yes,24
2255,1770686196,2026-02-09T17:16:36,19,81,yes,249
2256,1770686196,2026-02-09T17:16:36,19,81,yes,24
2257,1770686197,2026-02-09T17:16:37,19,81,yes,227
2258,1770686198,2026-02-09T17:16:38,19,81,yes,24
2259,1770686199,2026-02-09T17:16:39,19,81,yes,153
2260,1770686199,2026-02-09T17:16:39,19,81,yes,323
2261,1770686200,2026-02-09T17:16:40,18,82,no,40
2262,1770686202,2026-02-09T17:16:42,19,81,yes,15
2263,1770686203,2026-02-09T17:16:43,19,81,yes,13
2264,1770686203,2026-02-09T17:16:43,19,81,yes,100
2265,1770686209,2026-02-09T17:16:49,21,79,yes,2
2266,1770686209,2026-02-09T17:16:49,21,79,yes,1
2267,1770686209,2026-02-09T17:16:49,21,79,yes,87
2268,1770686214,2026-02-09T17:16:54,21,79,yes,45
2269,1770686216,2026-02-09T17:16:56,20,80,no,10
2270,1770686216,2026-02-09T17:16:56,20,80,no,13
2271,1770686216,2026-02-09T17:16:56,19,81,no,26
2272,1770686219,2026-02-09T17:16:59,21,79,yes,112
2273,1770686219,2026-02-09T17:16:59,21,79,yes,9
2274,1770686220,2026-02-09T17:17:00,20,80,yes,26
2275,1770686220,2026-02-09T17:17:00,20,80,yes,13
2276,1770686220,2026-02-09T17:17:00,20,80,yes,26
2277,1770686220,2026-02-09T17:17:00,20,80,yes,47
2278,1770686222,2026-02-09T17:17:02,20,80,yes,92
2279,1770686223,2026-02-09T17:17:03,20,80,yes,189
2280,1770686223,2026-02-09T17:17:03,20,80,yes,473
2281,1770686225,2026-02-09T17:17:05,20,80,yes,94
2282,1770686226,2026-02-09T17:17:06,20,80,yes,13
2283,1770686226,2026-02-09T17:17:06,20,80,yes,5
2284,1770686226,2026-02-09T17:17:06,20,80,yes,3
2285,1770686226,2026-02-09T17:17:06,20,80,yes,1
2286,1770686228,2026-02-09T17:17:08,20,80,yes,2
2287,1770686228,2026-02-09T17:17:08,20,80,yes,5000
2288,1770686228,2026-02-09T17:17:08,20,80,yes,877
2289,1770686228,2026-02-09T17:17:08,20,80,yes,877
2290,1770686228,2026-02-09T17:17:08,20,80,yes,877
2291,1770686228,2026-02-09T17:17:08,20,80,yes,9
2292,1770686228,2026-02-09T17:17:08,20,80,no,10
2293,1770686232,2026-02-09T17:17:12,21,79,yes,22
2294,1770686233,2026-02-09T17:17:13,21,79,yes,13
2295,1770686233,2026-02-09T17:17:13,21,79,yes,12
2296,1770686233,2026-02-09T17:17:13,21,79,yes,13
2297,1770686233,2026-02-09T17:17:13,22,78,yes,75
2298,1770686233,2026-02-09T17:17:13,22,78,yes,170
2299,1770686233,2026-02-09T17:17:13,22,78,yes,1
2300,1770686233,2026-02-09T17:17:13,22,78,yes,4
2301,1770686233,2026-02-09T17:17:13,22,78,yes,3
2302,1770686233,2026-02-09T17:17:13,22,78,yes,139
2303,1770686239,2026-02-09T17:17:19,21,79,no,10
2304,1770686239,2026-02-09T17:17:19,21,79,no,13
2305,1770686239,2026-02-09T17:17:19,21,79,no,25
2306,1770686239,2026-02-09T17:17:19,21,79,no,23
2307,1770686239,2026-02-09T17:17:19,22,78,yes,40
2308,1770686240,2026-02-09T17:17:20,22,78,yes,12
2309,1770686240,2026-02-09T17:17:20,22,78,yes,4
2310,1770686241,2026-02-09T17:17:21,22,78,yes,19
2311,1770686241,2026-02-09T17:17:21,22,78,yes,31
2312,1770686242,2026-02-09T17:17:22,22,78,yes,104
2313,1770686244,2026-02-09T17:17:24,21,79,no,31
2314,1770686244,2026-02-09T17:17:24,22,78,yes,40
2315,1770686244,2026-02-09T17:17:24,22,78,yes,107
2316,1770686245,2026-02-09T17:17:25,22,78,yes,17
2317,1770686245,2026-02-09T17:17:25,22,78,yes,1
2318,1770686245,2026-02-09T17:17:25,22,78,yes,7
2319,1770686247,2026-02-09T17:17:27,22,78,yes,107
2320,1770686247,2026-02-09T17:17:27,22,78,yes,43
2321,1770686249,2026-02-09T17:17:29,22,78,yes,80
2322,1770686251,2026-02-09T17:17:31,22,78,yes,107
2323,1770686251,2026-02-09T17:17:31,22,78,yes,21
2324,1770686251,2026-02-09T17:17:31,22,78,yes,43
2325,1770686252,2026-02-09T17:17:32,22,78,yes,142
2326,1770686252,2026-02-09T17:17:32,22,78,yes,8
2327,1770686252,2026-02-09T17:17:32,22,78,yes,3
2328,1770686252,2026-02-09T17:17:32,22,78,yes,18
2329,1770686253,2026-02-09T17:17:33,22,78,yes,57
2330,1770686253,2026-02-09T17:17:33,22,78,yes,6
2331,1770686253,2026-02-09T17:17:33,22,78,yes,1
2332,1770686253,2026-02-09T17:17:33,22,78,yes,2
2333,1770686253,2026-02-09T17:17:33,22,78,yes,4
2334,1770686253,2026-02-09T17:17:33,23,77,yes,2
2335,1770686255,2026-02-09T17:17:35,22,78,yes,5
2336,1770686255,2026-02-09T17:17:35,22,78,yes,10
2337,1770686255,2026-02-09T17:17:35,22,78,yes,4
2338,1770686255,2026-02-09T17:17:35,22,78,yes,231
2339,1770686255,2026-02-09T17:17:35,22,78,yes,20
2340,1770686255,2026-02-09T17:17:35,22,78,yes,49
2341,1770686255,2026-02-09T17:17:35,22,78,yes,15
2342,1770686256,2026-02-09T17:17:36,22,78,yes,6
2343,1770686256,2026-02-09T17:17:36,22,78,yes,28
2344,1770686260,2026-02-09T17:17:40,22,78,yes,1
2345,1770686261,2026-02-09T17:17:41,22,78,yes,46
2346,1770686261,2026-02-09T17:17:41,23,77,yes,2
2347,1770686261,2026-02-09T17:17:41,23,77,yes,5
2348,1770686261,2026-02-09T17:17:41,23,77,yes,4
2349,1770686261,2026-02-09T17:17:41,23,77,yes,3
2350,1770686261,2026-02-09T17:17:41,23,77,yes,148
2351,1770686261,2026-02-09T17:17:41,22,78,yes,6
2352,1770686261,2026-02-09T17:17:41,22,78,yes,10
2353,1770686263,2026-02-09T17:17:43,22,78,yes,9
2354,1770686264,2026-02-09T17:17:44,22,78,yes,8
2355,1770686264,2026-02-09T17:17:44,22,78,yes,42
2356,1770686264,2026-02-09T17:17:44,22,78,yes,10
2357,1770686264,2026-02-09T17:17:44,22,78,yes,4
2358,1770686264,2026-02-09T17:17:44,22,78,yes,3
2359,1770686264,2026-02-09T17:17:44,23,77,yes,25
2360,1770686264,2026-02-09T17:17:44,22,78,yes,10
2361,1770686265,2026-02-09T17:17:45,22,78,yes,12
2362,1770686265,2026-02-09T17:17:45,22,78,yes,3
2363,1770686267,2026-02-09T17:17:47,22,78,yes,12
2364,1770686271,2026-02-09T17:17:51,22,78,yes,38
2365,1770686271,2026-02-09T17:17:51,22,78,yes,5
2366,1770686272,2026-02-09T17:17:52,22,78,yes,1
2367,1770686272,2026-02-09T17:17:52,22,78,yes,3
2368,1770686272,2026-02-09T17:17:52,22,78,yes,3
2369,1770686272,2026-02-09T17:17:52,22,78,yes,5
2370,1770686272,2026-02-09T17:17:52,22,78,yes,3
2371,1770686272,2026-02-09T17:17:52,22,78,yes,53
2372,1770686273,2026-02-09T17:17:53,22,78,yes,22
2373,1770686273,2026-02-09T17:17:53,22,78,yes,4
2374,1770686273,2026-02-09T17:17:53,22,78,yes,8
2375,1770686275,2026-02-09T17:17:55,22,78,no,14
2376,1770686275,2026-02-09T17:17:55,21,79,no,8
2377,1770686279,2026-02-09T17:17:59,22,78,no,12
2378,1770686279,2026-02-09T17:17:59,22,78,no,18
2379,1770686279,2026-02-09T17:17:59,20,80,no,10
2380,1770686280,2026-02-09T17:18:00,21,79,yes,41
2381,1770686280,2026-02-09T17:18:00,21,79,yes,20
2382,1770686280,2026-02-09T17:18:00,21,79,yes,16
2383,1770686280,2026-02-09T17:18:00,21,79,yes,38
2384,1770686281,2026-02-09T17:18:01,21,79,yes,12
2385,1770686281,2026-02-09T17:18:01,21,79,yes,29
2386,1770686281,2026-02-09T17:18:01,21,79,yes,9
2387,1770686282,2026-02-09T17:18:02,22,78,yes,11
2388,1770686282,2026-02-09T17:18:02,22,78,yes,18
2389,1770686282,2026-02-09T17:18:02,22,78,yes,12
2390,1770686282,2026-02-09T17:18:02,23,77,yes,9
2391,1770686283,2026-02-09T17:18:03,22,78,yes,8
2392,1770686291,2026-02-09T17:18:11,23,77,yes,10
2393,1770686292,2026-02-09T17:18:12,23,77,yes,20
2394,1770686293,2026-02-09T17:18:13,23,77,yes,115
2395,1770686294,2026-02-09T17:18:14,23,77,yes,829
2396,1770686294,2026-02-09T17:18:14,23,77,yes,983
2397,1770686294,2026-02-09T17:18:14,23,77,yes,983
2398,1770686294,2026-02-09T17:18:14,23,77,yes,7
2399,1770686294,2026-02-09T17:18:14,23,77,yes,13
2400,1770686294,2026-02-09T17:18:14,23,77,yes,25
2401,1770686294,2026-02-09T17:18:14,23,77,yes,3
2402,1770686294,2026-02-09T17:18:14,23,77,yes,10
2403,1770686294,2026-02-09T17:18:14,23,77,yes,7
2404,1770686294,2026-02-09T17:18:14,23,77,yes,34
2405,1770686294,2026-02-09T17:18:14,23,77,yes,100
2406,1770686295,2026-02-09T17:18:15,23,77,yes,886
2407,1770686295,2026-02-09T17:18:15,23,77,yes,1020
2408,1770686295,2026-02-09T17:18:15,23,77,yes,1020
2409,1770686295,2026-02-09T17:18:15,24,76,yes,3
2410,1770686295,2026-02-09T17:18:15,24,76,yes,1143
2411,1770686296,2026-02-09T17:18:16,23,77,yes,7
2412,1770686298,2026-02-09T17:18:18,23,77,yes,19
2413,1770686299,2026-02-09T17:18:19,24,76,yes,6
2414,1770686300,2026-02-09T17:18:20,24,76,yes,10
2415,1770686300,2026-02-09T17:18:20,25,75,yes,9
2416,1770686300,2026-02-09T17:18:20,24,76,no,10
2417,1770686301,2026-02-09T17:18:21,24,76,no,3
2418,1770686301,2026-02-09T17:18:21,23,77,no,7
2419,1770686301,2026-02-09T17:18:21,24,76,yes,10
2420,1770686303,2026-02-09T17:18:23,24,76,yes,25
2421,1770686303,2026-02-09T17:18:23,25,75,yes,4
2422,1770686303,2026-02-09T17:18:23,26,74,yes,6
2423,1770686306,2026-02-09T17:18:26,25,75,yes,9
2424,1770686307,2026-02-09T17:18:27,25,75,yes,7
2425,1770686308,2026-02-09T17:18:28,25,75,yes,9
2426,1770686308,2026-02-09T17:18:28,25,75,yes,183
2427,1770686308,2026-02-09T17:18:28,24,76,no,10
2428,1770686308,2026-02-09T17:18:28,24,76,no,14
2429,1770686308,2026-02-09T17:18:28,24,76,yes,75
2430,1770686310,2026-02-09T17:18:30,24,76,yes,190
2431,1770686310,2026-02-09T17:18:30,24,76,yes,96
2432,1770686311,2026-02-09T17:18:31,24,76,yes,635
2433,1770686311,2026-02-09T17:18:31,24,76,yes,12
2434,1770686311,2026-02-09T17:18:31,24,76,yes,1020
2435,1770686311,2026-02-09T17:18:31,24,76,yes,333
2436,1770686311,2026-02-09T17:18:31,24,76,yes,25
2437,1770686311,2026-02-09T17:18:31,24,76,yes,10
2438,1770686311,2026-02-09T17:18:31,24,76,yes,4
2439,1770686311,2026-02-09T17:18:31,24,76,yes,25
2440,1770686311,2026-02-09T17:18:31,24,76,yes,67
2441,1770686311,2026-02-09T17:18:31,24,76,yes,39
2442,1770686312,2026-02-09T17:18:32,24,76,yes,17
2443,1770686313,2026-02-09T17:18:33,24,76,yes,197
2444,1770686314,2026-02-09T17:18:34,24,76,yes,259
2445,1770686315,2026-02-09T17:18:35,24,76,yes,100
2446,1770686315,2026-02-09T17:18:35,24,76,yes,10
2447,1770686319,2026-02-09T17:18:39,24,76,yes,19
2448,1770686319,2026-02-09T17:18:39,24,76,yes,43
2449,1770686320,2026-02-09T17:18:40,24,76,yes,5
2450,1770686320,2026-02-09T17:18:40,24,76,yes,33
2451,1770686321,2026-02-09T17:18:41,24,76,yes,832
2452,1770686321,2026-02-09T17:18:41,24,76,yes,168
2453,1770686322,2026-02-09T17:18:42,24,76,yes,7
2454,1770686323,2026-02-09T17:18:43,24,76,yes,39
2455,1770686323,2026-02-09T17:18:43,24,76,yes,61
2456,1770686324,2026-02-09T17:18:44,24,76,yes,7
2457,1770686324,2026-02-09T17:18:44,24,76,yes,39
2458,1770686325,2026-02-09T17:18:45,24,76,yes,79
2459,1770686328,2026-02-09T17:18:48,23,77,no,6
2460,1770686330,2026-02-09T17:18:50,24,76,yes,39
2461,1770686330,2026-02-09T17:18:50,24,76,yes,1
2462,1770686333,2026-02-09T17:18:53,24,76,yes,2
2463,1770686333,2026-02-09T17:18:53,24,76,yes,19
2464,1770686334,2026-02-09T17:18:54,24,76,yes,19
2465,1770686335,2026-02-09T17:18:55,24,76,yes,23
2466,1770686341,2026-02-09T17:19:01,23,77,no,4
2467,1770686341,2026-02-09T17:19:01,23,77,no,14
2468,1770686341,2026-02-09T17:19:01,23,77,no,10
2469,1770686341,2026-02-09T17:19:01,23,77,no,10
2470,1770686341,2026-02-09T17:19:01,23,77,no,10
2471,1770686341,2026-02-09T17:19:01,23,77,no,10
2472,1770686341,2026-02-09T17:19:01,22,78,no,114
2473,1770686341,2026-02-09T17:19:01,24,76,yes,59
2474,1770686342,2026-02-09T17:19:02,23,77,yes,11
2475,1770686342,2026-02-09T17:19:02,23,77,yes,25
2476,1770686342,2026-02-09T17:19:02,23,77,yes,27
2477,1770686343,2026-02-09T17:19:03,23,77,yes,208
2478,1770686344,2026-02-09T17:19:04,22,78,no,14
2479,1770686346,2026-02-09T17:19:06,21,79,no,24
2480,1770686346,2026-02-09T17:19:06,21,79,no,39
2481,1770686350,2026-02-09T17:19:10,22,78,yes,86
2482,1770686350,2026-02-09T17:19:10,22,78,yes,8
2483,1770686350,2026-02-09T17:19:10,22,78,yes,21
2484,1770686350,2026-02-09T17:19:10,22,78,yes,8
2485,1770686351,2026-02-09T17:19:11,22,78,yes,43
2486,1770686353,2026-02-09T17:19:13,22,78,yes,21
2487,1770686354,2026-02-09T17:19:14,22,78,yes,4
2488,1770686354,2026-02-09T17:19:14,22,78,yes,21
2489,1770686355,2026-02-09T17:19:15,22,78,yes,8
2490,1770686356,2026-02-09T17:19:16,22,78,yes,625
2491,1770686357,2026-02-09T17:19:17,22,78,yes,43
2492,1770686359,2026-02-09T17:19:19,22,78,yes,14
2493,1770686359,2026-02-09T17:19:19,23,77,yes,5
2494,1770686359,2026-02-09T17:19:19,23,77,yes,1
2495,1770686359,2026-02-09T17:19:19,23,77,yes,3
2496,1770686359,2026-02-09T17:19:19,23,77,yes,4
2497,1770686359,2026-02-09T17:19:19,23,77,yes,117
2498,1770686361,2026-02-09T17:19:21,23,77,yes,8
2499,1770686361,2026-02-09T17:19:21,23,77,yes,66
2500,1770686362,2026-02-09T17:19:22,23,77,yes,82
2501,1770686363,2026-02-09T17:19:23,23,77,yes,100
2502,1770686365,2026-02-09T17:19:25,23,77,yes,9
2503,1770686365,2026-02-09T17:19:25,23,77,yes,30
2504,1770686367,2026-02-09T17:19:27,23,77,yes,10
2505,1770686368,2026-02-09T17:19:28,22,78,no,13
2506,1770686368,2026-02-09T17:19:28,22,78,yes,20
2507,1770686370,2026-02-09T17:19:30,22,78,yes,1
2508,1770686370,2026-02-09T17:19:30,22,78,yes,4
2509,1770686372,2026-02-09T17:19:32,22,78,yes,399
2510,1770686374,2026-02-09T17:19:34,21,79,no,12
2511,1770686375,2026-02-09T17:19:35,20,80,no,25
2512,1770686375,2026-02-09T17:19:35,20,80,no,14
2513,1770686377,2026-02-09T17:19:37,19,81,no,20
2514,1770686378,2026-02-09T17:19:38,20,80,yes,23
2515,1770686380,2026-02-09T17:19:40,20,80,yes,13
2516,1770686380,2026-02-09T17:19:40,20,80,yes,1
2517,1770686383,2026-02-09T17:19:43,20,80,yes,23
2518,1770686384,2026-02-09T17:19:44,20,80,yes,1
2519,1770686384,2026-02-09T17:19:44,20,80,yes,8
2520,1770686386,2026-02-09T17:19:46,20,80,yes,11
2521,1770686386,2026-02-09T17:19:46,20,80,yes,6
2522,1770686386,2026-02-09T17:19:46,20,80,yes,14
2523,1770686386,2026-02-09T17:19:46,20,80,yes,73
2524,1770686387,2026-02-09T17:19:47,20,80,yes,227
2525,1770686391,2026-02-09T17:19:51,20,80,yes,7
2526,1770686391,2026-02-09T17:19:51,20,80,yes,9
2527,1770686392,2026-02-09T17:19:52,20,80,yes,9
2528,1770686393,2026-02-09T17:19:53,20,80,yes,4
2529,1770686394,2026-02-09T17:19:54,20,80,yes,14
2530,1770686396,2026-02-09T17:19:56,20,80,yes,7
2531,1770686397,2026-02-09T17:19:57,20,80,yes,189
2532,1770686397,2026-02-09T17:19:57,20,80,yes,40
2533,1770686400,2026-02-09T17:20:00,20,80,yes,4
2534,1770686401,2026-02-09T17:20:01,20,80,yes,6
2535,1770686401,2026-02-09T17:20:01,20,80,yes,8
2536,1770686401,2026-02-09T17:20:01,20,80,yes,17
2537,1770686401,2026-02-09T17:20:01,20,80,yes,12
2538,1770686401,2026-02-09T17:20:01,21,79,yes,4
2539,1770686409,2026-02-09T17:20:09,21,79,yes,4
2540,1770686410,2026-02-09T17:20:10,21,79,yes,32
2541,1770686410,2026-02-09T17:20:10,22,78,yes,1
2542,1770686410,2026-02-09T17:20:10,22,78,yes,4
2543,1770686410,2026-02-09T17:20:10,22,78,yes,36
2544,1770686412,2026-02-09T17:20:12,20,80,no,13
2545,1770686412,2026-02-09T17:20:12,20,80,no,8
2546,1770686414,2026-02-09T17:20:14,22,78,yes,21
2547,1770686415,2026-02-09T17:20:15,21,79,yes,62
2548,1770686416,2026-02-09T17:20:16,21,79,yes,80
2549,1770686416,2026-02-09T17:20:16,21,79,yes,21
2550,1770686419,2026-02-09T17:20:19,21,79,yes,22
2551,1770686419,2026-02-09T17:20:19,21,79,yes,112
2552,1770686420,2026-02-09T17:20:20,21,79,yes,6
2553,1770686420,2026-02-09T17:20:20,21,79,yes,13
2554,1770686422,2026-02-09T17:20:22,21,79,yes,22
2555,1770686423,2026-02-09T17:20:23,21,79,yes,10
2556,1770686424,2026-02-09T17:20:24,21,79,yes,2
2557,1770686424,2026-02-09T17:20:24,21,79,yes,14
2558,1770686425,2026-02-09T17:20:25,22,78,yes,12
2559,1770686427,2026-02-09T17:20:27,22,78,yes,6
2560,1770686427,2026-02-09T17:20:27,22,78,yes,2
2561,1770686427,2026-02-09T17:20:27,22,78,yes,3
2562,1770686427,2026-02-09T17:20:27,22,78,yes,96
2563,1770686428,2026-02-09T17:20:28,22,78,yes,20
2564,1770686428,2026-02-09T17:20:28,22,78,yes,107
2565,1770686428,2026-02-09T17:20:28,22,78,yes,4
2566,1770686430,2026-02-09T17:20:30,22,78,yes,5
2567,1770686430,2026-02-09T17:20:30,22,78,yes,21
2568,1770686430,2026-02-09T17:20:30,22,78,yes,8
2569,1770686431,2026-02-09T17:20:31,22,78,yes,8
2570,1770686433,2026-02-09T17:20:33,22,78,yes,21
2571,1770686433,2026-02-09T17:20:33,22,78,yes,200
2572,1770686433,2026-02-09T17:20:33,22,78,yes,8
2573,1770686434,2026-02-09T17:20:34,22,78,yes,80
2574,1770686435,2026-02-09T17:20:35,22,78,yes,20
2575,1770686438,2026-02-09T17:20:38,22,78,yes,83
2576,1770686438,2026-02-09T17:20:38,22,78,yes,107
2577,1770686443,2026-02-09T17:20:43,23,77,yes,2
2578,1770686443,2026-02-09T17:20:43,23,77,yes,2
2579,1770686443,2026-02-09T17:20:43,23,77,yes,3
2580,1770686443,2026-02-09T17:20:43,23,77,yes,12
2581,1770686443,2026-02-09T17:20:43,23,77,yes,3
2582,1770686443,2026-02-09T17:20:43,23,77,yes,16
2583,1770686444,2026-02-09T17:20:44,23,77,yes,24
2584,1770686444,2026-02-09T17:20:44,23,77,yes,110
2585,1770686444,2026-02-09T17:20:44,23,77,yes,150
2586,1770686444,2026-02-09T17:20:44,23,77,yes,4
2587,1770686444,2026-02-09T17:20:44,23,77,yes,18
2588,1770686446,2026-02-09T17:20:46,24,76,yes,11
2589,1770686447,2026-02-09T17:20:47,24,76,yes,3
2590,1770686451,2026-02-09T17:20:51,23,77,no,4
2591,1770686451,2026-02-09T17:20:51,24,76,yes,15
2592,1770686452,2026-02-09T17:20:52,24,76,yes,19
2593,1770686452,2026-02-09T17:20:52,24,76,yes,7
2594,1770686456,2026-02-09T17:20:56,24,76,yes,15
2595,1770686461,2026-02-09T17:21:01,24,76,yes,3
2596,1770686461,2026-02-09T17:21:01,24,76,yes,166
2597,1770686462,2026-02-09T17:21:02,24,76,yes,79
2598,1770686463,2026-02-09T17:21:03,24,76,yes,4
2599,1770686465,2026-02-09T17:21:05,24,76,yes,19
2600,1770686471,2026-02-09T17:21:11,24,76,yes,7
2601,1770686472,2026-02-09T17:21:12,23,77,no,10
2602,1770686472,2026-02-09T17:21:12,23,77,no,537
2603,1770686473,2026-02-09T17:21:13,24,76,yes,79
2604,1770686475,2026-02-09T17:21:15,24,76,yes,185
2605,1770686475,2026-02-09T17:21:15,24,76,yes,19
2606,1770686476,2026-02-09T17:21:16,23,77,no,99
2607,1770686476,2026-02-09T17:21:16,24,76,yes,98
2608,1770686477,2026-02-09T17:21:17,24,76,yes,7
2609,1770686478,2026-02-09T17:21:18,24,76,yes,19
2610,1770686479,2026-02-09T17:21:19,24,76,yes,328
2611,1770686480,2026-02-09T17:21:20,24,76,yes,92
2612,1770686481,2026-02-09T17:21:21,24,76,yes,100
2613,1770686481,2026-02-09T17:21:21,24,76,yes,76
2614,1770686482,2026-02-09T17:21:22,24,76,yes,15
2615,1770686482,2026-02-09T17:21:22,24,76,yes,395
2616,1770686482,2026-02-09T17:21:22,24,76,yes,5
2617,1770686482,2026-02-09T17:21:22,24,76,yes,59
2618,1770686483,2026-02-09T17:21:23,24,76,yes,197
2619,1770686486,2026-02-09T17:21:26,23,77,no,20
2620,1770686486,2026-02-09T17:21:26,24,76,yes,19
2621,1770686487,2026-02-09T17:21:27,24,76,yes,395
2622,1770686488,2026-02-09T17:21:28,24,76,yes,20
2623,1770686488,2026-02-09T17:21:28,24,76,yes,4
2624,1770686489,2026-02-09T17:21:29,24,76,yes,15
2625,1770686489,2026-02-09T17:21:29,24,76,yes,11
2626,1770686490,2026-02-09T17:21:30,24,76,yes,7
2627,1770686491,2026-02-09T17:21:31,24,76,yes,9
2628,1770686491,2026-02-09T17:21:31,24,76,yes,3
2629,1770686492,2026-02-09T17:21:32,24,76,yes,59
2630,1770686493,2026-02-09T17:21:33,24,76,yes,2
2631,1770686493,2026-02-09T17:21:33,24,76,yes,442
2632,1770686494,2026-02-09T17:21:34,24,76,yes,39
2633,1770686494,2026-02-09T17:21:34,24,76,yes,9
2634,1770686495,2026-02-09T17:21:35,23,77,no,25
2635,1770686495,2026-02-09T17:21:35,23,77,no,12
2636,1770686495,2026-02-09T17:21:35,23,77,no,1133
2637,1770686495,2026-02-09T17:21:35,24,76,yes,96
2638,1770686495,2026-02-09T17:21:35,24,76,yes,19
2639,1770686496,2026-02-09T17:21:36,24,76,yes,185
2640,1770686497,2026-02-09T17:21:37,24,76,yes,10
2641,1770686497,2026-02-09T17:21:37,24,76,yes,3
2642,1770686502,2026-02-09T17:21:42,23,77,yes,4
2643,1770686502,2026-02-09T17:21:42,23,77,yes,100
2644,1770686503,2026-02-09T17:21:43,23,77,yes,1000
2645,1770686504,2026-02-09T17:21:44,23,77,yes,12
2646,1770686504,2026-02-09T17:21:44,23,77,yes,8
2647,1770686504,2026-02-09T17:21:44,23,77,yes,7
2648,1770686504,2026-02-09T17:21:44,23,77,yes,96
2649,1770686504,2026-02-09T17:21:44,23,77,yes,41
2650,1770686505,2026-02-09T17:21:45,23,77,yes,123
2651,1770686505,2026-02-09T17:21:45,23,77,yes,16
2652,1770686509,2026-02-09T17:21:49,23,77,yes,3
2653,1770686509,2026-02-09T17:21:49,23,77,yes,17
2654,1770686510,2026-02-09T17:21:50,23,77,yes,400
2655,1770686510,2026-02-09T17:21:50,22,78,no,12
2656,1770686510,2026-02-09T17:21:50,22,78,no,45
2657,1770686510,2026-02-09T17:21:50,22,78,no,45
2658,1770686511,2026-02-09T17:21:51,22,78,yes,20
2659,1770686512,2026-02-09T17:21:52,22,78,yes,80
2660,1770686512,2026-02-09T17:21:52,22,78,yes,12
2661,1770686513,2026-02-09T17:21:53,22,78,yes,25
2662,1770686513,2026-02-09T17:21:53,22,78,yes,66
2663,1770686513,2026-02-09T17:21:53,22,78,yes,36
2664,1770686514,2026-02-09T17:21:54,22,78,yes,16
2665,1770686514,2026-02-09T17:21:54,22,78,yes,20
2666,1770686515,2026-02-09T17:21:55,22,78,yes,28
2667,1770686517,2026-02-09T17:21:57,22,78,yes,100
2668,1770686518,2026-02-09T17:21:58,22,78,yes,60
2669,1770686518,2026-02-09T17:21:58,22,78,yes,8
2670,1770686519,2026-02-09T17:21:59,21,79,no,80
2671,1770686519,2026-02-09T17:21:59,22,78,yes,83
2672,1770686521,2026-02-09T17:22:01,22,78,yes,21
2673,1770686521,2026-02-09T17:22:01,21,79,no,4
2674,1770686521,2026-02-09T17:22:01,21,79,no,6
2675,1770686521,2026-02-09T17:22:01,22,78,yes,12
2676,1770686521,2026-02-09T17:22:01,22,78,yes,150
2677,1770686522,2026-02-09T17:22:02,22,78,yes,43
2678,1770686523,2026-02-09T17:22:03,22,78,yes,20
2679,1770686524,2026-02-09T17:22:04,22,78,yes,100
2680,1770686525,2026-02-09T17:22:05,22,78,yes,21
2681,1770686526,2026-02-09T17:22:06,22,78,yes,20
2682,1770686527,2026-02-09T17:22:07,22,78,yes,21
2683,1770686527,2026-02-09T17:22:07,22,78,yes,86
2684,1770686529,2026-02-09T17:22:09,22,78,yes,13
2685,1770686529,2026-02-09T17:22:09,22,78,yes,28
2686,1770686530,2026-02-09T17:22:10,22,78,yes,100
2687,1770686531,2026-02-09T17:22:11,22,78,yes,21
2688,1770686533,2026-02-09T17:22:13,22,78,yes,100
2689,1770686533,2026-02-09T17:22:13,22,78,yes,21
2690,1770686534,2026-02-09T17:22:14,22,78,yes,12
2691,1770686535,2026-02-09T17:22:15,22,78,yes,64
2692,1770686539,2026-02-09T17:22:19,22,78,yes,12
2693,1770686540,2026-02-09T17:22:20,22,78,yes,12
2694,1770686541,2026-02-09T17:22:21,22,78,yes,21
2695,1770686543,2026-02-09T17:22:23,22,78,yes,1
2696,1770686543,2026-02-09T17:22:23,22,78,yes,3
2697,1770686543,2026-02-09T17:22:23,22,78,yes,8
2698,1770686544,2026-02-09T17:22:24,22,78,yes,17
2699,1770686545,2026-02-09T17:22:25,22,78,yes,86
2700,1770686546,2026-02-09T17:22:26,22,78,yes,83
2701,1770686547,2026-02-09T17:22:27,22,78,yes,21
2702,1770686548,2026-02-09T17:22:28,22,78,yes,4
2703,1770686549,2026-02-09T17:22:29,22,78,yes,500
2704,1770686550,2026-02-09T17:22:30,21,79,no,7
2705,1770686551,2026-02-09T17:22:31,21,79,yes,43
2706,1770686551,2026-02-09T17:22:31,21,79,yes,21
2707,1770686552,2026-02-09T17:22:32,21,79,yes,22
2708,1770686552,2026-02-09T17:22:32,21,79,yes,80
2709,1770686555,2026-02-09T17:22:35,20,80,no,107
2710,1770686555,2026-02-09T17:22:35,21,79,yes,1
2711,1770686555,2026-02-09T17:22:35,21,79,yes,173
2712,1770686556,2026-02-09T17:22:36,20,80,no,30
2713,1770686557,2026-02-09T17:22:37,21,79,yes,451
2714,1770686561,2026-02-09T17:22:41,21,79,yes,90
2715,1770686566,2026-02-09T17:22:46,20,80,no,863
2716,1770686566,2026-02-09T17:22:46,20,80,no,12
2717,1770686567,2026-02-09T17:22:47,20,80,yes,13
2718,1770686567,2026-02-09T17:22:47,20,80,yes,9
2719,1770686568,2026-02-09T17:22:48,20,80,yes,5
2720,1770686568,2026-02-09T17:22:48,20,80,yes,41
2721,1770686568,2026-02-09T17:22:48,20,80,yes,22
2722,1770686569,2026-02-09T17:22:49,20,80,yes,9
2723,1770686570,2026-02-09T17:22:50,20,80,yes,5
2724,1770686570,2026-02-09T17:22:50,20,80,yes,4
2725,1770686573,2026-02-09T17:22:53,20,80,yes,2
2726,1770686573,2026-02-09T17:22:53,20,80,yes,5
2727,1770686573,2026-02-09T17:22:53,20,80,yes,4
2728,1770686573,2026-02-09T17:22:53,20,80,yes,131
2729,1770686574,2026-02-09T17:22:54,20,80,yes,47
2730,1770686575,2026-02-09T17:22:55,20,80,yes,47
2731,1770686588,2026-02-09T17:23:08,20,80,yes,10
2732,1770686589,2026-02-09T17:23:09,19,81,no,13
2733,1770686589,2026-02-09T17:23:09,19,81,no,62
2734,1770686592,2026-02-09T17:23:12,20,80,yes,27
2735,1770686593,2026-02-09T17:23:13,20,80,yes,47
2736,1770686595,2026-02-09T17:23:15,20,80,yes,47
2737,1770686596,2026-02-09T17:23:16,20,80,yes,12
2738,1770686596,2026-02-09T17:23:16,20,80,yes,100
2739,1770686596,2026-02-09T17:23:16,20,80,yes,25
2740,1770686596,2026-02-09T17:23:16,20,80,yes,3
2741,1770686596,2026-02-09T17:23:16,20,80,yes,14
2742,1770686596,2026-02-09T17:23:16,20,80,yes,5
2743,1770686596,2026-02-09T17:23:16,20,80,yes,6
2744,1770686596,2026-02-09T17:23:16,20,80,yes,1108
2745,1770686598,2026-02-09T17:23:18,20,80,yes,23
2746,1770686598,2026-02-09T17:23:18,20,80,yes,22
2747,1770686602,2026-02-09T17:23:22,20,80,yes,9
2748,1770686603,2026-02-09T17:23:23,20,80,yes,23
2749,1770686603,2026-02-09T17:23:23,20,80,yes,159
2750,1770686603,2026-02-09T17:23:23,20,80,yes,137
2751,1770686608,2026-02-09T17:23:28,20,80,yes,25
2752,1770686609,2026-02-09T17:23:29,20,80,yes,94
2753,1770686610,2026-02-09T17:23:30,20,80,yes,4
2754,1770686611,2026-02-09T17:23:31,20,80,yes,4
2755,1770686612,2026-02-09T17:23:32,19,81,no,10
2756,1770686616,2026-02-09T17:23:36,21,79,yes,2
2757,1770686616,2026-02-09T17:23:36,21,79,yes,11
2758,1770686620,2026-02-09T17:23:40,21,79,yes,4
2759,1770686620,2026-02-09T17:23:40,21,79,yes,5
2760,1770686621,2026-02-09T17:23:41,21,79,yes,2
2761,1770686621,2026-02-09T17:23:41,21,79,yes,9
2762,1770686621,2026-02-09T17:23:41,21,79,yes,11
2763,1770686623,2026-02-09T17:23:43,20,80,no,12
2764,1770686623,2026-02-09T17:23:43,20,80,no,3
2765,1770686624,2026-02-09T17:23:44,21,79,yes,1
2766,1770686624,2026-02-09T17:23:44,21,79,yes,7
2767,1770686624,2026-02-09T17:23:44,21,79,yes,14
2768,1770686624,2026-02-09T17:23:44,21,79,yes,100
2769,1770686625,2026-02-09T17:23:45,21,79,yes,9
2770,1770686625,2026-02-09T17:23:45,21,79,yes,4
2771,1770686625,2026-02-09T17:23:45,20,80,no,13
2772,1770686627,2026-02-09T17:23:47,21,79,yes,54
2773,1770686627,2026-02-09T17:23:47,21,79,yes,45
2774,1770686630,2026-02-09T17:23:50,21,79,yes,22
2775,1770686637,2026-02-09T17:23:57,21,79,yes,10
2776,1770686637,2026-02-09T17:23:57,21,79,yes,98
2777,1770686637,2026-02-09T17:23:57,20,80,no,14
2778,1770686637,2026-02-09T17:23:57,20,80,yes,20
2779,1770686640,2026-02-09T17:24:00,19,81,no,4
2780,1770686641,2026-02-09T17:24:01,20,80,yes,1
2781,1770686644,2026-02-09T17:24:04,20,80,yes,50
2782,1770686644,2026-02-09T17:24:04,20,80,yes,100
2783,1770686651,2026-02-09T17:24:11,20,80,yes,47
2784,1770686651,2026-02-09T17:24:11,20,80,yes,43
2785,1770686652,2026-02-09T17:24:12,20,80,yes,23
2786,1770686654,2026-02-09T17:24:14,19,81,no,81
2787,1770686655,2026-02-09T17:24:15,19,81,no,4
2788,1770686658,2026-02-09T17:24:18,19,81,no,150
2789,1770686659,2026-02-09T17:24:19,20,80,yes,236
2790,1770686659,2026-02-09T17:24:19,19,81,no,13
2791,1770686661,2026-02-09T17:24:21,19,81,yes,47
2792,1770686662,2026-02-09T17:24:22,19,81,yes,23
2793,1770686665,2026-02-09T17:24:25,19,81,yes,39
2794,1770686665,2026-02-09T17:24:25,19,81,yes,10
2795,1770686665,2026-02-09T17:24:25,19,81,yes,4
2796,1770686665,2026-02-09T17:24:25,19,81,yes,1
2797,1770686665,2026-02-09T17:24:25,19,81,yes,44
2798,1770686668,2026-02-09T17:24:28,19,81,yes,23
2799,1770686670,2026-02-09T17:24:30,19,81,yes,1
2800,1770686670,2026-02-09T17:24:30,19,81,yes,13
2801,1770686670,2026-02-09T17:24:30,18,82,no,80
2802,1770686670,2026-02-09T17:24:30,19,81,yes,5
2803,1770686670,2026-02-09T17:24:30,19,81,yes,2
2804,1770686672,2026-02-09T17:24:32,19,81,yes,2
2805,1770686672,2026-02-09T17:24:32,19,81,yes,8
2806,1770686672,2026-02-09T17:24:32,19,81,yes,13
2807,1770686672,2026-02-09T17:24:32,18,82,no,52
2808,1770686672,2026-02-09T17:24:32,19,81,yes,69
2809,1770686673,2026-02-09T17:24:33,18,82,no,20
2810,1770686674,2026-02-09T17:24:34,18,82,no,98
2811,1770686674,2026-02-09T17:24:34,18,82,no,30
2812,1770686674,2026-02-09T17:24:34,18,82,no,14
2813,1770686675,2026-02-09T17:24:35,18,82,no,22
2814,1770686676,2026-02-09T17:24:36,19,81,yes,149
2815,1770686681,2026-02-09T17:24:41,19,81,yes,44
2816,1770686682,2026-02-09T17:24:42,19,81,yes,24
2817,1770686683,2026-02-09T17:24:43,19,81,yes,22
2818,1770686683,2026-02-09T17:24:43,18,82,no,114
2819,1770686683,2026-02-09T17:24:43,18,82,no,14
2820,1770686683,2026-02-09T17:24:43,18,82,no,150
2821,1770686683,2026-02-09T17:24:43,18,82,no,25
2822,1770686689,2026-02-09T17:24:49,18,82,yes,5
2823,1770686690,2026-02-09T17:24:50,18,82,yes,7
2824,1770686694,2026-02-09T17:24:54,19,81,yes,14
2825,1770686694,2026-02-09T17:24:54,19,81,yes,9
2826,1770686694,2026-02-09T17:24:54,19,81,yes,12
2827,1770686700,2026-02-09T17:25:00,20,80,yes,3
2828,1770686700,2026-02-09T17:25:00,20,80,yes,20
2829,1770686700,2026-02-09T17:25:00,20,80,yes,22
2830,1770686700,2026-02-09T17:25:00,20,80,yes,104
2831,1770686700,2026-02-09T17:25:00,19,81,no,5
2832,1770686700,2026-02-09T17:25:00,20,80,yes,23
2833,1770686702,2026-02-09T17:25:02,19,81,no,8
2834,1770686702,2026-02-09T17:25:02,19,81,no,92
2835,1770686703,2026-02-09T17:25:03,20,80,yes,7
2836,1770686710,2026-02-09T17:25:10,20,80,yes,101
2837,1770686710,2026-02-09T17:25:10,20,80,yes,93
2838,1770686716,2026-02-09T17:25:16,19,81,no,395
2839,1770686716,2026-02-09T17:25:16,20,80,yes,78
2840,1770686720,2026-02-09T17:25:20,20,80,yes,23
2841,1770686721,2026-02-09T17:25:21,20,80,yes,14
2842,1770686721,2026-02-09T17:25:21,20,80,yes,8
2843,1770686721,2026-02-09T17:25:21,20,80,yes,6
2844,1770686721,2026-02-09T17:25:21,20,80,yes,12
2845,1770686721,2026-02-09T17:25:21,20,80,yes,3
2846,1770686721,2026-02-09T17:25:21,20,80,yes,51
2847,1770686723,2026-02-09T17:25:23,20,80,yes,236
2848,1770686726,2026-02-09T17:25:26,20,80,yes,12
2849,1770686734,2026-02-09T17:25:34,20,80,yes,9
2850,1770686735,2026-02-09T17:25:35,20,80,yes,100
2851,1770686742,2026-02-09T17:25:42,20,80,yes,1
2852,1770686742,2026-02-09T17:25:42,20,80,yes,22
2853,1770686745,2026-02-09T17:25:45,20,80,yes,15
2854,1770686745,2026-02-09T17:25:45,20,80,yes,23
2855,1770686747,2026-02-09T17:25:47,20,80,yes,4
2856,1770686749,2026-02-09T17:25:49,20,80,yes,130
2857,1770686751,2026-02-09T17:25:51,20,80,yes,9
2858,1770686751,2026-02-09T17:25:51,20,80,yes,4
2859,1770686752,2026-02-09T17:25:52,20,80,yes,15
2860,1770686754,2026-02-09T17:25:54,19,81,no,13
2861,1770686756,2026-02-09T17:25:56,19,81,yes,12
2862,1770686756,2026-02-09T17:25:56,19,81,yes,13
2863,1770686756,2026-02-09T17:25:56,19,81,yes,9
2864,1770686759,2026-02-09T17:25:59,19,81,yes,23
2865,1770686762,2026-02-09T17:26:02,18,82,no,4
2866,1770686762,2026-02-09T17:26:02,18,82,no,8
2867,1770686762,2026-02-09T17:26:02,18,82,no,150
2868,1770686762,2026-02-09T17:26:02,18,82,no,150
2869,1770686762,2026-02-09T17:26:02,19,81,yes,42
2870,1770686762,2026-02-09T17:26:02,19,81,yes,7
2871,1770686764,2026-02-09T17:26:04,18,82,yes,4
2872,1770686765,2026-02-09T17:26:05,17,83,no,12
2873,1770686765,2026-02-09T17:26:05,17,83,yes,24
2874,1770686767,2026-02-09T17:26:07,17,83,yes,222
2875,1770686768,2026-02-09T17:26:08,17,83,yes,22
2876,1770686768,2026-02-09T17:26:08,17,83,yes,22
2877,1770686770,2026-02-09T17:26:10,17,83,yes,1
2878,1770686772,2026-02-09T17:26:12,17,83,yes,5
2879,1770686773,2026-02-09T17:26:13,17,83,yes,100
2880,1770686773,2026-02-09T17:26:13,17,83,yes,50
2881,1770686773,2026-02-09T17:26:13,17,83,yes,27
2882,1770686774,2026-02-09T17:26:14,17,83,yes,785
2883,1770686774,2026-02-09T17:26:14,17,83,yes,1012
2884,1770686774,2026-02-09T17:26:14,17,83,yes,1012
2885,1770686774,2026-02-09T17:26:14,17,83,yes,14
2886,1770686774,2026-02-09T17:26:14,17,83,yes,79
2887,1770686774,2026-02-09T17:26:14,17,83,yes,24
2888,1770686774,2026-02-09T17:26:14,17,83,yes,5000
2889,1770686774,2026-02-09T17:26:14,17,83,yes,300
2890,1770686778,2026-02-09T17:26:18,18,82,yes,13
2891,1770686781,2026-02-09T17:26:21,18,82,no,44
2892,1770686790,2026-02-09T17:26:30,19,81,yes,4
2893,1770686790,2026-02-09T17:26:30,19,81,yes,6
2894,1770686790,2026-02-09T17:26:30,19,81,yes,4
2895,1770686790,2026-02-09T17:26:30,19,81,yes,15
2896,1770686790,2026-02-09T17:26:30,19,81,yes,4
2897,1770686792,2026-02-09T17:26:32,19,81,yes,14
2898,1770686792,2026-02-09T17:26:32,18,82,no,12
2899,1770686794,2026-02-09T17:26:34,18,82,no,24
2900,1770686794,2026-02-09T17:26:34,18,82,no,12
2901,1770686797,2026-02-09T17:26:37,19,81,yes,5
2902,1770686798,2026-02-09T17:26:38,19,81,yes,7
2903,1770686798,2026-02-09T17:26:38,19,81,yes,10
2904,1770686798,2026-02-09T17:26:38,19,81,yes,9
2905,1770686801,2026-02-09T17:26:41,19,81,yes,4
2906,1770686802,2026-02-09T17:26:42,18,82,no,12
2907,1770686805,2026-02-09T17:26:45,18,82,yes,13
2908,1770686805,2026-02-09T17:26:45,18,82,yes,31
2909,1770686809,2026-02-09T17:26:49,18,82,no,40
2910,1770686811,2026-02-09T17:26:51,19,81,yes,7
2911,1770686812,2026-02-09T17:26:52,20,80,yes,12
2912,1770686812,2026-02-09T17:26:52,20,80,yes,33
2913,1770686813,2026-02-09T17:26:53,18,82,no,1
2914,1770686814,2026-02-09T17:26:54,18,82,no,21
2915,1770686819,2026-02-09T17:26:59,19,81,yes,7
2916,1770686820,2026-02-09T17:27:00,19,81,yes,249
2917,1770686820,2026-02-09T17:27:00,19,81,yes,12
2918,1770686821,2026-02-09T17:27:01,19,81,yes,25
2919,1770686821,2026-02-09T17:27:01,19,81,yes,2
2920,1770686827,2026-02-09T17:27:07,19,81,yes,49
2921,1770686828,2026-02-09T17:27:08,19,81,yes,14
2922,1770686829,2026-02-09T17:27:09,19,81,yes,3
2923,1770686831,2026-02-09T17:27:11,18,82,no,20
2924,1770686832,2026-02-09T17:27:12,19,81,yes,24
2925,1770686837,2026-02-09T17:27:17,19,81,yes,24
2926,1770686840,2026-02-09T17:27:20,19,81,yes,9
2927,1770686840,2026-02-09T17:27:20,18,82,no,4
2928,1770686842,2026-02-09T17:27:22,19,81,yes,90
2929,1770686845,2026-02-09T17:27:25,19,81,yes,24
2930,1770686847,2026-02-09T17:27:27,19,81,yes,9
2931,1770686848,2026-02-09T17:27:28,19,81,yes,14
2932,1770686849,2026-02-09T17:27:29,19,81,yes,9
2933,1770686851,2026-02-09T17:27:31,19,81,yes,49
2934,1770686851,2026-02-09T17:27:31,19,81,yes,24
2935,1770686853,2026-02-09T17:27:33,19,81,yes,4
2936,1770686853,2026-02-09T17:27:33,19,81,yes,25
2937,1770686854,2026-02-09T17:27:34,19,81,yes,24
2938,1770686857,2026-02-09T17:27:37,19,81,yes,30
2939,1770686857,2026-02-09T17:27:37,19,81,yes,4
2940,1770686858,2026-02-09T17:27:38,19,81,yes,476
2941,1770686873,2026-02-09T17:27:53,19,81,yes,4
2942,1770686876,2026-02-09T17:27:56,18,82,no,79
2943,1770686877,2026-02-09T17:27:57,19,81,yes,9
2944,1770686878,2026-02-09T17:27:58,19,81,yes,24
2945,1770686881,2026-02-09T17:28:01,19,81,yes,20
2946,1770686882,2026-02-09T17:28:02,19,81,yes,1190
2947,1770686884,2026-02-09T17:28:04,19,81,yes,9
2948,1770686888,2026-02-09T17:28:08,19,81,yes,9
2949,1770686889,2026-02-09T17:28:09,19,81,yes,50
2950,1770686893,2026-02-09T17:28:13,19,81,yes,74
2951,1770686897,2026-02-09T17:28:17,19,81,yes,24
2952,1770686898,2026-02-09T17:28:18,19,81,yes,150
2953,1770686900,2026-02-09T17:28:20,19,81,yes,54
2954,1770686911,2026-02-09T17:28:31,18,82,no,39
2955,1770686912,2026-02-09T17:28:32,19,81,yes,47
2956,1770686915,2026-02-09T17:28:35,19,81,yes,5
2957,1770686916,2026-02-09T17:28:36,19,81,yes,499
2958,1770686919,2026-02-09T17:28:39,19,81,yes,9
2959,1770686921,2026-02-09T17:28:41,19,81,yes,22
2960,1770686922,2026-02-09T17:28:42,19,81,yes,9
2961,1770686924,2026-02-09T17:28:44,19,81,yes,23
2962,1770686925,2026-02-09T17:28:45,19,81,yes,24
2963,1770686926,2026-02-09T17:28:46,19,81,yes,94
2964,1770686931,2026-02-09T17:28:51,19,81,yes,34
2965,1770686932,2026-02-09T17:28:52,19,81,yes,74
2966,1770686935,2026-02-09T17:28:55,19,81,yes,747
2967,1770686942,2026-02-09T17:29:02,19,81,yes,4
2968,1770686943,2026-02-09T17:29:03,19,81,yes,14
2969,1770686944,2026-02-09T17:29:04,19,81,yes,74
2970,1770686947,2026-02-09T17:29:07,19,81,yes,49
2971,1770686947,2026-02-09T17:29:07,18,82,no,19
2972,1770686947,2026-02-09T17:29:07,19,81,yes,9
2973,1770686949,2026-02-09T17:29:09,19,81,yes,124
2974,1770686957,2026-02-09T17:29:17,18,82,no,4
2975,1770686958,2026-02-09T17:29:18,19,81,yes,2
2976,1770686959,2026-02-09T17:29:19,19,81,yes,200
2977,1770686960,2026-02-09T17:29:20,19,81,yes,24
2978,1770686964,2026-02-09T17:29:24,19,81,yes,3
2979,1770686965,2026-02-09T17:29:25,19,81,yes,5
2980,1770686966,2026-02-09T17:29:26,19,81,yes,23
2981,1770686968,2026-02-09T17:29:28,19,81,yes,14
2982,1770686968,2026-02-09T17:29:28,19,81,yes,24
2983,1770686970,2026-02-09T17:29:30,19,81,yes,4
2984,1770686972,2026-02-09T17:29:32,19,81,yes,19
2985,1770686972,2026-02-09T17:29:32,19,81,yes,124
2986,1770686979,2026-02-09T17:29:39,19,81,yes,4
2987,1770686984,2026-02-09T17:29:44,19,81,yes,5
2988,1770686990,2026-02-09T17:29:50,19,81,yes,4
2989,1770686991,2026-02-09T17:29:51,19,81,yes,4
2990,1770686992,2026-02-09T17:29:52,19,81,yes,9
2991,1770686997,2026-02-09T17:29:57,19,81,yes,25
2992,1770687001,2026-02-09T17:30:01,19,81,yes,4
2993,1770687005,2026-02-09T17:30:05,18,82,no,86
2994,1770687016,2026-02-09T17:30:16,18,82,no,380
2995,1770687021,2026-02-09T17:30:21,18,82,no,398
2996,1770687021,2026-02-09T17:30:21,18,82,no,541
2997,1770687022,2026-02-09T17:30:22,19,81,yes,24
2998,1770687023,2026-02-09T17:30:23,18,82,no,10
2999,1770687025,2026-02-09T17:30:25,19,81,yes,35
3000,1770687027,2026-02-09T17:30:27,19,81,yes,71
3001,1770687029,2026-02-09T17:30:29,19,81,yes,100
3002,1770687034,2026-02-09T17:30:34,19,81,yes,49
3003,1770687035,2026-02-09T17:30:35,18,82,no,4
3004,1770687041,2026-02-09T17:30:41,18,82,yes,105
3005,1770687043,2026-02-09T17:30:43,18,82,yes,40
3006,1770687046,2026-02-09T17:30:46,18,82,yes,52
3007,1770687048,2026-02-09T17:30:48,17,83,no,4
3008,1770687049,2026-02-09T17:30:49,18,82,yes,15
3009,1770687056,2026-02-09T17:30:56,18,82,yes,50
3010,1770687057,2026-02-09T17:30:57,18,82,yes,19
3011,1770687059,2026-02-09T17:30:59,18,82,yes,14
3012,1770687059,2026-02-09T17:30:59,18,82,yes,2
3013,1770687059,2026-02-09T17:30:59,18,82,yes,1
3014,1770687059,2026-02-09T17:30:59,18,82,yes,1
3015,1770687059,2026-02-09T17:30:59,18,82,yes,7
3016,1770687060,2026-02-09T17:31:00,17,83,no,6
3017,1770687060,2026-02-09T17:31:00,17,83,no,15
3018,1770687060,2026-02-09T17:31:00,17,83,no,12
3019,1770687060,2026-02-09T17:31:00,17,83,no,347
3020,1770687060,2026-02-09T17:31:00,18,82,yes,68
3021,1770687060,2026-02-09T17:31:00,18,82,yes,32
3022,1770687060,2026-02-09T17:31:00,18,82,yes,105
3023,1770687065,2026-02-09T17:31:05,17,83,no,13
3024,1770687065,2026-02-09T17:31:05,16,84,no,35
3025,1770687067,2026-02-09T17:31:07,17,83,yes,30
3026,1770687068,2026-02-09T17:31:08,17,83,yes,15
3027,1770687069,2026-02-09T17:31:09,17,83,yes,4
3028,1770687069,2026-02-09T17:31:09,16,84,no,12
3029,1770687069,2026-02-09T17:31:09,16,84,no,25
3030,1770687069,2026-02-09T17:31:09,15,85,no,67
3031,1770687069,2026-02-09T17:31:09,15,85,no,1133
3032,1770687070,2026-02-09T17:31:10,17,83,yes,8
3033,1770687070,2026-02-09T17:31:10,17,83,yes,7
3034,1770687070,2026-02-09T17:31:10,17,83,yes,1
3035,1770687072,2026-02-09T17:31:12,17,83,yes,1
3036,1770687072,2026-02-09T17:31:12,17,83,yes,7
3037,1770687075,2026-02-09T17:31:15,17,83,yes,8
3038,1770687075,2026-02-09T17:31:15,17,83,yes,6
3039,1770687075,2026-02-09T17:31:15,17,83,yes,5
3040,1770687083,2026-02-09T17:31:23,17,83,yes,23
3041,1770687084,2026-02-09T17:31:24,17,83,yes,2
3042,1770687085,2026-02-09T17:31:25,17,83,yes,222
3043,1770687088,2026-02-09T17:31:28,17,83,yes,11
3044,1770687091,2026-02-09T17:31:31,17,83,yes,15
3045,1770687096,2026-02-09T17:31:36,17,83,yes,25
3046,1770687096,2026-02-09T17:31:36,17,83,yes,2
3047,1770687096,2026-02-09T17:31:36,17,83,yes,1
3048,1770687096,2026-02-09T17:31:36,17,83,no,1
3049,1770687098,2026-02-09T17:31:38,17,83,no,12
3050,1770687098,2026-02-09T17:31:38,16,84,no,26
3051,1770687100,2026-02-09T17:31:40,17,83,yes,128
3052,1770687100,2026-02-09T17:31:40,17,83,yes,13
3053,1770687100,2026-02-09T17:31:40,17,83,yes,4
3054,1770687100,2026-02-09T17:31:40,17,83,yes,1
3055,1770687100,2026-02-09T17:31:40,18,82,yes,1
3056,1770687100,2026-02-09T17:31:40,18,82,yes,1
3057,1770687100,2026-02-09T17:31:40,18,82,yes,1
3058,1770687100,2026-02-09T17:31:40,18,82,yes,3
3059,1770687100,2026-02-09T17:31:40,18,82,yes,71
3060,1770687100,2026-02-09T17:31:40,18,82,yes,78
3061,1770687101,2026-02-09T17:31:41,16,84,no,13
3062,1770687101,2026-02-09T17:31:41,14,86,no,11
3063,1770687106,2026-02-09T17:31:46,17,83,yes,1
3064,1770687106,2026-02-09T17:31:46,17,83,yes,14
3065,1770687107,2026-02-09T17:31:47,17,83,yes,72
3066,1770687107,2026-02-09T17:31:47,16,84,no,21
3067,1770687114,2026-02-09T17:31:54,17,83,yes,43
3068,1770687117,2026-02-09T17:31:57,16,84,no,14
3069,1770687117,2026-02-09T17:31:57,16,84,no,62
3070,1770687117,2026-02-09T17:31:57,17,83,yes,11
3071,1770687121,2026-02-09T17:32:01,16,84,no,30
3072,1770687124,2026-02-09T17:32:04,17,83,yes,12
3073,1770687125,2026-02-09T17:32:05,17,83,yes,26
3074,1770687129,2026-02-09T17:32:09,17,83,yes,2
3075,1770687129,2026-02-09T17:32:09,17,83,yes,14
3076,1770687131,2026-02-09T17:32:11,17,83,yes,105
3077,1770687134,2026-02-09T17:32:14,17,83,yes,766
3078,1770687134,2026-02-09T17:32:14,17,83,yes,871
3079,1770687134,2026-02-09T17:32:14,17,83,yes,871
3080,1770687134,2026-02-09T17:32:14,17,83,yes,1
3081,1770687134,2026-02-09T17:32:14,17,83,yes,1
3082,1770687134,2026-02-09T17:32:14,17,83,yes,14
3083,1770687137,2026-02-09T17:32:17,19,81,yes,150
3084,1770687137,2026-02-09T17:32:17,19,81,yes,1
3085,1770687137,2026-02-09T17:32:17,19,81,yes,4
3086,1770687137,2026-02-09T17:32:17,19,81,yes,3
3087,1770687137,2026-02-09T17:32:17,19,81,yes,2
3088,1770687138,2026-02-09T17:32:18,20,80,yes,3
3089,1770687138,2026-02-09T17:32:18,20,80,yes,62
3090,1770687139,2026-02-09T17:32:19,19,81,no,26
3091,1770687139,2026-02-09T17:32:19,19,81,no,63
3092,1770687142,2026-02-09T17:32:22,19,81,no,52
3093,1770687146,2026-02-09T17:32:26,19,81,no,12
3094,1770687147,2026-02-09T17:32:27,19,81,yes,8
3095,1770687151,2026-02-09T17:32:31,19,81,yes,15
3096,1770687151,2026-02-09T17:32:31,19,81,yes,408
3097,1770687154,2026-02-09T17:32:34,19,81,yes,26
3098,1770687156,2026-02-09T17:32:36,19,81,yes,99
3099,1770687158,2026-02-09T17:32:38,19,81,yes,12
3100,1770687159,2026-02-09T17:32:39,19,81,yes,45
3101,1770687160,2026-02-09T17:32:40,19,81,yes,5
3102,1770687160,2026-02-09T17:32:40,19,81,yes,9
3103,1770687163,2026-02-09T17:32:43,19,81,yes,1
3104,1770687164,2026-02-09T17:32:44,19,81,yes,10
3105,1770687164,2026-02-09T17:32:44,19,81,yes,8
3106,1770687164,2026-02-09T17:32:44,19,81,yes,3
3107,1770687164,2026-02-09T17:32:44,19,81,yes,3
3108,1770687165,2026-02-09T17:32:45,19,81,yes,2
3109,1770687170,2026-02-09T17:32:50,21,79,yes,8
3110,1770687171,2026-02-09T17:32:51,21,79,yes,9
3111,1770687174,2026-02-09T17:32:54,20,80,yes,14
3112,1770687174,2026-02-09T17:32:54,20,80,yes,45
3113,1770687176,2026-02-09T17:32:56,20,80,yes,21
3114,1770687176,2026-02-09T17:32:56,20,80,yes,29
3115,1770687177,2026-02-09T17:32:57,20,80,yes,4
3116,1770687178,2026-02-09T17:32:58,20,80,yes,384
3117,1770687178,2026-02-09T17:32:58,20,80,yes,326
3118,1770687178,2026-02-09T17:32:58,19,81,no,14
3119,1770687179,2026-02-09T17:32:59,18,82,yes,10
3120,1770687179,2026-02-09T17:32:59,18,82,yes,13
3121,1770687179,2026-02-09T17:32:59,19,81,yes,94
3122,1770687179,2026-02-09T17:32:59,19,81,yes,17
3123,1770687179,2026-02-09T17:32:59,19,81,yes,14
3124,1770687179,2026-02-09T17:32:59,19,81,yes,21
3125,1770687181,2026-02-09T17:33:01,17,83,no,10
3126,1770687181,2026-02-09T17:33:01,19,81,yes,13
3127,1770687181,2026-02-09T17:33:01,19,81,yes,1
3128,1770687181,2026-02-09T17:33:01,19,81,yes,4
3129,1770687181,2026-02-09T17:33:01,20,80,yes,4717
3130,1770687184,2026-02-09T17:33:04,19,81,yes,1
3131,1770687184,2026-02-09T17:33:04,19,81,yes,23
3132,1770687185,2026-02-09T17:33:05,19,81,yes,23
3133,1770687185,2026-02-09T17:33:05,19,81,yes,124
3134,1770687185,2026-02-09T17:33:05,19,81,yes,14
3135,1770687191,2026-02-09T17:33:11,19,81,yes,1
3136,1770687191,2026-02-09T17:33:11,19,81,yes,11
3137,1770687191,2026-02-09T17:33:11,19,81,yes,1
3138,1770687191,2026-02-09T17:33:11,19,81,yes,2
3139,1770687193,2026-02-09T17:33:13,20,80,yes,7
3140,1770687194,2026-02-09T17:33:14,21,79,yes,22
3141,1770687195,2026-02-09T17:33:15,21,79,yes,225
3142,1770687196,2026-02-09T17:33:16,21,79,yes,45
3143,1770687196,2026-02-09T17:33:16,21,79,yes,5
3144,1770687197,2026-02-09T17:33:17,21,79,yes,90
3145,1770687201,2026-02-09T17:33:21,21,79,yes,41
3146,1770687201,2026-02-09T17:33:21,21,79,yes,22
3147,1770687201,2026-02-09T17:33:21,21,79,yes,22
3148,1770687201,2026-02-09T17:33:21,21,79,yes,100
3149,1770687201,2026-02-09T17:33:21,21,79,yes,22
3150,1770687201,2026-02-09T17:33:21,21,79,yes,225
3151,1770687202,2026-02-09T17:33:22,21,79,yes,45
3152,1770687204,2026-02-09T17:33:24,21,79,yes,119
3153,1770687204,2026-02-09T17:33:24,21,79,yes,7
3154,1770687204,2026-02-09T17:33:24,21,79,yes,11
3155,1770687204,2026-02-09T17:33:24,21,79,yes,2
3156,1770687206,2026-02-09T17:33:26,21,79,yes,13
3157,1770687206,2026-02-09T17:33:26,21,79,yes,9
3158,1770687209,2026-02-09T17:33:29,21,79,yes,4
3159,1770687209,2026-02-09T17:33:29,21,79,yes,4
3160,1770687209,2026-02-09T17:33:29,21,79,yes,1
3161,1770687211,2026-02-09T17:33:31,21,79,yes,2
3162,1770687211,2026-02-09T17:33:31,21,79,yes,4
3163,1770687211,2026-02-09T17:33:31,21,79,yes,16
3164,1770687213,2026-02-09T17:33:33,21,79,yes,45
3165,1770687213,2026-02-09T17:33:33,21,79,yes,70
3166,1770687214,2026-02-09T17:33:34,21,79,yes,86
3167,1770687215,2026-02-09T17:33:35,21,79,yes,22
3168,1770687215,2026-02-09T17:33:35,21,79,yes,22
3169,1770687216,2026-02-09T17:33:36,21,79,yes,13
3170,1770687216,2026-02-09T17:33:36,21,79,yes,328
3171,1770687216,2026-02-09T17:33:36,21,79,yes,76
3172,1770687218,2026-02-09T17:33:38,21,79,yes,22
3173,1770687221,2026-02-09T17:33:41,21,79,yes,49
3174,1770687221,2026-02-09T17:33:41,21,79,yes,4
3175,1770687222,2026-02-09T17:33:42,21,79,yes,22
3176,1770687223,2026-02-09T17:33:43,21,79,yes,108
3177,1770687224,2026-02-09T17:33:44,21,79,yes,45
3178,1770687224,2026-02-09T17:33:44,21,79,yes,4
3179,1770687226,2026-02-09T17:33:46,21,79,yes,22
3180,1770687226,2026-02-09T17:33:46,21,79,yes,135
3181,1770687226,2026-02-09T17:33:46,21,79,yes,45
3182,1770687229,2026-02-09T17:33:49,21,79,yes,16
3183,1770687229,2026-02-09T17:33:49,21,79,yes,45
3184,1770687229,2026-02-09T17:33:49,21,79,yes,9
3185,1770687229,2026-02-09T17:33:49,21,79,yes,21
3186,1770687231,2026-02-09T17:33:51,21,79,yes,4
3187,1770687231,2026-02-09T17:33:51,21,79,yes,10
3188,1770687234,2026-02-09T17:33:54,21,79,yes,21
3189,1770687234,2026-02-09T17:33:54,21,79,yes,9
3190,1770687234,2026-02-09T17:33:54,21,79,yes,4
3191,1770687234,2026-02-09T17:33:54,21,79,yes,22
3192,1770687236,2026-02-09T17:33:56,21,79,yes,3
3193,1770687236,2026-02-09T17:33:56,21,79,yes,2
3194,1770687236,2026-02-09T17:33:56,21,79,yes,5
3195,1770687236,2026-02-09T17:33:56,21,79,yes,3
3196,1770687237,2026-02-09T17:33:57,22,78,yes,3
3197,1770687237,2026-02-09T17:33:57,22,78,yes,4
3198,1770687237,2026-02-09T17:33:57,22,78,yes,5
3199,1770687237,2026-02-09T17:33:57,22,78,yes,29
3200,1770687239,2026-02-09T17:33:59,22,78,yes,20
3201,1770687241,2026-02-09T17:34:01,22,78,yes,47
3202,1770687242,2026-02-09T17:34:02,22,78,yes,4
3203,1770687243,2026-02-09T17:34:03,22,78,yes,107
3204,1770687244,2026-02-09T17:34:04,22,78,yes,50
3205,1770687244,2026-02-09T17:34:04,22,78,yes,5
3206,1770687244,2026-02-09T17:34:04,22,78,yes,376
3207,1770687245,2026-02-09T17:34:05,22,78,yes,4
3208,1770687246,2026-02-09T17:34:06,22,78,yes,64
3209,1770687246,2026-02-09T17:34:06,22,78,yes,4
3210,1770687246,2026-02-09T17:34:06,22,78,yes,12
3211,1770687248,2026-02-09T17:34:08,21,79,no,5000
3212,1770687248,2026-02-09T17:34:08,21,79,no,13
3213,1770687248,2026-02-09T17:34:08,21,79,no,964
3214,1770687248,2026-02-09T17:34:08,21,79,yes,32
3215,1770687249,2026-02-09T17:34:09,21,79,yes,40
3216,1770687252,2026-02-09T17:34:12,21,79,yes,86
3217,1770687252,2026-02-09T17:34:12,21,79,yes,22
3218,1770687252,2026-02-09T17:34:12,21,79,yes,9
3219,1770687253,2026-02-09T17:34:13,21,79,yes,465
3220,1770687256,2026-02-09T17:34:16,23,77,yes,2
3221,1770687256,2026-02-09T17:34:16,23,77,yes,2
3222,1770687256,2026-02-09T17:34:16,23,77,yes,1
3223,1770687257,2026-02-09T17:34:17,22,78,no,10
3224,1770687258,2026-02-09T17:34:18,23,77,yes,33
3225,1770687259,2026-02-09T17:34:19,23,77,yes,27
3226,1770687259,2026-02-09T17:34:19,23,77,yes,14
3227,1770687261,2026-02-09T17:34:21,25,75,yes,2
3228,1770687261,2026-02-09T17:34:21,25,75,yes,1898
3229,1770687261,2026-02-09T17:34:21,25,75,yes,14
3230,1770687261,2026-02-09T17:34:21,25,75,yes,81
3231,1770687263,2026-02-09T17:34:23,23,77,no,500
3232,1770687264,2026-02-09T17:34:24,25,75,yes,12
3233,1770687264,2026-02-09T17:34:24,25,75,yes,23
3234,1770687265,2026-02-09T17:34:25,25,75,yes,14
3235,1770687267,2026-02-09T17:34:27,26,74,yes,4
3236,1770687267,2026-02-09T17:34:27,26,74,yes,3
3237,1770687269,2026-02-09T17:34:29,25,75,no,4
3238,1770687270,2026-02-09T17:34:30,26,74,yes,47
3239,1770687270,2026-02-09T17:34:30,28,72,yes,1
3240,1770687270,2026-02-09T17:34:30,29,71,yes,2
3241,1770687270,2026-02-09T17:34:30,29,71,yes,20
3242,1770687270,2026-02-09T17:34:30,26,74,no,13
3243,1770687273,2026-02-09T17:34:33,26,74,no,12
3244,1770687274,2026-02-09T17:34:34,25,75,no,14
3245,1770687274,2026-02-09T17:34:34,23,77,no,6
3246,1770687274,2026-02-09T17:34:34,25,75,yes,10
3247,1770687274,2026-02-09T17:34:34,27,73,yes,7
3248,1770687274,2026-02-09T17:34:34,27,73,yes,86
3249,1770687275,2026-02-09T17:34:35,26,74,yes,18
3250,1770687275,2026-02-09T17:34:35,27,73,yes,10
3251,1770687275,2026-02-09T17:34:35,26,74,no,14
3252,1770687275,2026-02-09T17:34:35,25,75,no,80
3253,1770687276,2026-02-09T17:34:36,27,73,yes,5
3254,1770687276,2026-02-09T17:34:36,27,73,yes,12
3255,1770687278,2026-02-09T17:34:38,27,73,yes,233
3256,1770687279,2026-02-09T17:34:39,27,73,yes,102
3257,1770687279,2026-02-09T17:34:39,27,73,yes,100
3258,1770687280,2026-02-09T17:34:40,27,73,yes,1
3259,1770687281,2026-02-09T17:34:41,27,73,yes,10
3260,1770687282,2026-02-09T17:34:42,26,74,no,4
3261,1770687282,2026-02-09T17:34:42,27,73,yes,17
3262,1770687282,2026-02-09T17:34:42,27,73,yes,10
3263,1770687283,2026-02-09T17:34:43,27,73,yes,10
3264,1770687284,2026-02-09T17:34:44,27,73,yes,13
3265,1770687284,2026-02-09T17:34:44,27,73,yes,346
3266,1770687285,2026-02-09T17:34:45,26,74,no,8
3267,1770687285,2026-02-09T17:34:45,25,75,no,12
3268,1770687286,2026-02-09T17:34:46,27,73,yes,70
3269,1770687286,2026-02-09T17:34:46,27,73,yes,15
3270,1770687287,2026-02-09T17:34:47,27,73,yes,10
3271,1770687288,2026-02-09T17:34:48,27,73,yes,62
3272,1770687288,2026-02-09T17:34:48,27,73,yes,100
3273,1770687288,2026-02-09T17:34:48,27,73,yes,17
3274,1770687289,2026-02-09T17:34:49,27,73,yes,82
3275,1770687289,2026-02-09T17:34:49,27,73,yes,505
3276,1770687289,2026-02-09T17:34:49,27,73,yes,1207
3277,1770687289,2026-02-09T17:34:49,27,73,yes,1207
3278,1770687289,2026-02-09T17:34:49,27,73,yes,1777
3279,1770687289,2026-02-09T17:34:49,27,73,yes,105
3280,1770687289,2026-02-09T17:34:49,26,74,no,14
3281,1770687289,2026-02-09T17:34:49,24,76,no,33
3282,1770687290,2026-02-09T17:34:50,26,74,yes,12
3283,1770687291,2026-02-09T17:34:51,27,73,yes,2
3284,1770687292,2026-02-09T17:34:52,27,73,yes,103
3285,1770687295,2026-02-09T17:34:55,26,74,no,473
3286,1770687295,2026-02-09T17:34:55,27,73,yes,66
3287,1770687296,2026-02-09T17:34:56,27,73,yes,17
3288,1770687296,2026-02-09T17:34:56,27,73,yes,16
3289,1770687297,2026-02-09T17:34:57,27,73,yes,92
3290,1770687297,2026-02-09T17:34:57,27,73,yes,10
3291,1770687298,2026-02-09T17:34:58,27,73,yes,3
3292,1770687298,2026-02-09T17:34:58,27,73,yes,7
3293,1770687302,2026-02-09T17:35:02,26,74,no,2
3294,1770687303,2026-02-09T17:35:03,27,73,yes,105
3295,1770687307,2026-02-09T17:35:07,27,73,yes,86
3296,1770687307,2026-02-09T17:35:07,26,74,no,27
3297,1770687308,2026-02-09T17:35:08,27,73,yes,17
3298,1770687308,2026-02-09T17:35:08,27,73,yes,33
3299,1770687308,2026-02-09T17:35:08,27,73,yes,36
3300,1770687310,2026-02-09T17:35:10,27,73,yes,10
3301,1770687312,2026-02-09T17:35:12,26,74,no,21
3302,1770687312,2026-02-09T17:35:12,27,73,yes,15
3303,1770687313,2026-02-09T17:35:13,27,73,yes,176
3304,1770687314,2026-02-09T17:35:14,26,74,no,11
3305,1770687315,2026-02-09T17:35:15,27,73,yes,35
3306,1770687316,2026-02-09T17:35:16,27,73,yes,52
3307,1770687318,2026-02-09T17:35:18,27,73,yes,147
3308,1770687318,2026-02-09T17:35:18,26,74,no,258
3309,1770687319,2026-02-09T17:35:19,27,73,yes,7
3310,1770687319,2026-02-09T17:35:19,27,73,yes,70
3311,1770687319,2026-02-09T17:35:19,27,73,yes,18
3312,1770687320,2026-02-09T17:35:20,27,73,yes,1
3313,1770687320,2026-02-09T17:35:20,27,73,yes,172
3314,1770687320,2026-02-09T17:35:20,26,74,no,20
3315,1770687320,2026-02-09T17:35:20,27,73,yes,3
3316,1770687321,2026-02-09T17:35:21,26,74,no,47
3317,1770687323,2026-02-09T17:35:23,27,73,yes,352
3318,1770687323,2026-02-09T17:35:23,27,73,yes,10
3319,1770687323,2026-02-09T17:35:23,27,73,yes,7
3320,1770687324,2026-02-09T17:35:24,27,73,yes,17
3321,1770687325,2026-02-09T17:35:25,27,73,yes,17
3322,1770687325,2026-02-09T17:35:25,27,73,yes,100
3323,1770687326,2026-02-09T17:35:26,27,73,yes,17
3324,1770687326,2026-02-09T17:35:26,27,73,yes,70
3325,1770687326,2026-02-09T17:35:26,27,73,yes,35
3326,1770687327,2026-02-09T17:35:27,27,73,yes,3448
3327,1770687327,2026-02-09T17:35:27,27,73,yes,1
3328,1770687330,2026-02-09T17:35:30,27,73,yes,76
3329,1770687332,2026-02-09T17:35:32,27,73,yes,14
3330,1770687332,2026-02-09T17:35:32,27,73,yes,100
3331,1770687333,2026-02-09T17:35:33,27,73,yes,55
3332,1770687333,2026-02-09T17:35:33,27,73,yes,200
3333,1770687333,2026-02-09T17:35:33,27,73,yes,13
3334,1770687333,2026-02-09T17:35:33,27,73,yes,275
3335,1770687333,2026-02-09T17:35:33,27,73,yes,10
3336,1770687334,2026-02-09T17:35:34,27,73,yes,70
3337,1770687334,2026-02-09T17:35:34,27,73,yes,25
3338,1770687337,2026-02-09T17:35:37,27,73,yes,6
3339,1770687337,2026-02-09T17:35:37,27,73,yes,51
3340,1770687338,2026-02-09T17:35:38,26,74,no,208
3341,1770687339,2026-02-09T17:35:39,27,73,yes,70
3342,1770687341,2026-02-09T17:35:41,27,73,yes,2
3343,1770687341,2026-02-09T17:35:41,27,73,yes,15
3344,1770687342,2026-02-09T17:35:42,27,73,yes,2
3345,1770687342,2026-02-09T17:35:42,27,73,yes,331
3346,1770687342,2026-02-09T17:35:42,27,73,yes,10
3347,1770687343,2026-02-09T17:35:43,27,73,yes,17
3348,1770687343,2026-02-09T17:35:43,27,73,yes,2
3349,1770687343,2026-02-09T17:35:43,27,73,yes,17
3350,1770687344,2026-02-09T17:35:44,27,73,yes,4
3351,1770687344,2026-02-09T17:35:44,27,73,yes,17
3352,1770687345,2026-02-09T17:35:45,26,74,no,14
3353,1770687345,2026-02-09T17:35:45,26,74,no,76
3354,1770687346,2026-02-09T17:35:46,27,73,yes,17
3355,1770687347,2026-02-09T17:35:47,27,73,yes,17
3356,1770687349,2026-02-09T17:35:49,27,73,yes,21
3357,1770687349,2026-02-09T17:35:49,27,73,yes,70
3358,1770687350,2026-02-09T17:35:50,27,73,yes,83
3359,1770687350,2026-02-09T17:35:50,27,73,yes,99
3360,1770687350,2026-02-09T17:35:50,27,73,yes,17
3361,1770687351,2026-02-09T17:35:51,27,73,yes,9
3362,1770687351,2026-02-09T17:35:51,27,73,yes,50
3363,1770687352,2026-02-09T17:35:52,27,73,yes,17
3364,1770687356,2026-02-09T17:35:56,27,73,yes,2
3365,1770687356,2026-02-09T17:35:56,27,73,yes,12
3366,1770687356,2026-02-09T17:35:56,27,73,yes,28
3367,1770687358,2026-02-09T17:35:58,27,73,yes,3
3368,1770687358,2026-02-09T17:35:58,28,72,yes,2
3369,1770687358,2026-02-09T17:35:58,28,72,yes,95
3370,1770687359,2026-02-09T17:35:59,28,72,yes,2
3371,1770687359,2026-02-09T17:35:59,28,72,yes,15
3372,1770687360,2026-02-09T17:36:00,28,72,yes,833
3373,1770687361,2026-02-09T17:36:01,28,72,yes,2
3374,1770687361,2026-02-09T17:36:01,28,72,yes,66
3375,1770687362,2026-02-09T17:36:02,28,72,yes,7
3376,1770687362,2026-02-09T17:36:02,28,72,yes,3
3377,1770687364,2026-02-09T17:36:04,29,71,yes,1
3378,1770687364,2026-02-09T17:36:04,29,71,yes,7
3379,1770687364,2026-02-09T17:36:04,29,71,yes,13
3380,1770687364,2026-02-09T17:36:04,29,71,yes,6
3381,1770687364,2026-02-09T17:36:04,29,71,yes,24
3382,1770687364,2026-02-09T17:36:04,29,71,yes,70
3383,1770687364,2026-02-09T17:36:04,29,71,yes,207
3384,1770687365,2026-02-09T17:36:05,29,71,yes,13
3385,1770687365,2026-02-09T17:36:05,29,71,yes,19
3386,1770687365,2026-02-09T17:36:05,29,71,yes,6
3387,1770687367,2026-02-09T17:36:07,29,71,yes,9
3388,1770687368,2026-02-09T17:36:08,28,72,no,82
3389,1770687370,2026-02-09T17:36:10,29,71,yes,248
3390,1770687371,2026-02-09T17:36:11,29,71,yes,957
3391,1770687371,2026-02-09T17:36:11,29,71,yes,31
3392,1770687371,2026-02-09T17:36:11,29,71,yes,6
3393,1770687372,2026-02-09T17:36:12,29,71,yes,16
3394,1770687372,2026-02-09T17:36:12,29,71,yes,251
3395,1770687372,2026-02-09T17:36:12,28,72,no,14
3396,1770687372,2026-02-09T17:36:12,28,72,no,35
3397,1770687372,2026-02-09T17:36:12,29,71,yes,2
3398,1770687372,2026-02-09T17:36:12,29,71,yes,16
3399,1770687373,2026-02-09T17:36:13,28,72,no,1
3400,1770687374,2026-02-09T17:36:14,28,72,no,3
3401,1770687374,2026-02-09T17:36:14,28,72,no,111
3402,1770687374,2026-02-09T17:36:14,28,72,no,1
3403,1770687375,2026-02-09T17:36:15,29,71,yes,725
3404,1770687375,2026-02-09T17:36:15,29,71,yes,917
3405,1770687375,2026-02-09T17:36:15,28,72,no,14
3406,1770687375,2026-02-09T17:36:15,28,72,no,68
3407,1770687376,2026-02-09T17:36:16,29,71,yes,3
3408,1770687376,2026-02-09T17:36:16,29,71,yes,13
3409,1770687377,2026-02-09T17:36:17,29,71,yes,6
3410,1770687377,2026-02-09T17:36:17,29,71,yes,32
3411,1770687377,2026-02-09T17:36:17,28,72,no,12
3412,1770687377,2026-02-09T17:36:17,28,72,no,2
3413,1770687377,2026-02-09T17:36:17,28,72,no,13
3414,1770687378,2026-02-09T17:36:18,28,72,yes,164
3415,1770687379,2026-02-09T17:36:19,28,72,yes,50
3416,1770687379,2026-02-09T17:36:19,28,72,yes,64
3417,1770687380,2026-02-09T17:36:20,28,72,yes,82
3418,1770687381,2026-02-09T17:36:21,27,73,yes,65
3419,1770687381,2026-02-09T17:36:21,27,73,yes,3
3420,1770687382,2026-02-09T17:36:22,26,74,no,12
3421,1770687382,2026-02-09T17:36:22,26,74,yes,10
3422,1770687383,2026-02-09T17:36:23,26,74,yes,35
3423,1770687383,2026-02-09T17:36:23,26,74,yes,2
3424,1770687384,2026-02-09T17:36:24,26,74,yes,12
3425,1770687384,2026-02-09T17:36:24,26,74,yes,8
3426,1770687384,2026-02-09T17:36:24,26,74,yes,233
3427,1770687385,2026-02-09T17:36:25,26,74,yes,14
3428,1770687385,2026-02-09T17:36:25,26,74,yes,680
3429,1770687386,2026-02-09T17:36:26,26,74,yes,2
3430,1770687386,2026-02-09T17:36:26,26,74,yes,34
3431,1770687386,2026-02-09T17:36:26,26,74,yes,3
3432,1770687387,2026-02-09T17:36:27,26,74,yes,365
3433,1770687388,2026-02-09T17:36:28,26,74,yes,36
3434,1770687392,2026-02-09T17:36:32,26,74,yes,91
3435,1770687392,2026-02-09T17:36:32,26,74,yes,91
3436,1770687392,2026-02-09T17:36:32,26,74,yes,18
3437,1770687392,2026-02-09T17:36:32,26,74,yes,2
3438,1770687394,2026-02-09T17:36:34,26,74,yes,76
3439,1770687394,2026-02-09T17:36:34,26,74,yes,24
3440,1770687395,2026-02-09T17:36:35,26,74,yes,10
3441,1770687396,2026-02-09T17:36:36,25,75,no,6
3442,1770687396,2026-02-09T17:36:36,25,75,no,12
3443,1770687396,2026-02-09T17:36:36,26,74,yes,28
3444,1770687396,2026-02-09T17:36:36,26,74,yes,43
3445,1770687396,2026-02-09T17:36:36,26,74,yes,18
3446,1770687400,2026-02-09T17:36:40,26,74,yes,365
3447,1770687400,2026-02-09T17:36:40,26,74,yes,9
3448,1770687400,2026-02-09T17:36:40,26,74,yes,36
3449,1770687401,2026-02-09T17:36:41,26,74,yes,197
3450,1770687401,2026-02-09T17:36:41,25,75,no,7
3451,1770687403,2026-02-09T17:36:43,26,74,yes,54
3452,1770687403,2026-02-09T17:36:43,26,74,yes,329
3453,1770687404,2026-02-09T17:36:44,26,74,yes,3
3454,1770687405,2026-02-09T17:36:45,25,75,no,6
3455,1770687405,2026-02-09T17:36:45,24,76,no,16
3456,1770687405,2026-02-09T17:36:45,25,75,yes,17
3457,1770687405,2026-02-09T17:36:45,25,75,yes,17
3458,1770687408,2026-02-09T17:36:48,25,75,yes,3
3459,1770687408,2026-02-09T17:36:48,25,75,yes,38
3460,1770687408,2026-02-09T17:36:48,25,75,yes,12
3461,1770687408,2026-02-09T17:36:48,25,75,yes,140
3462,1770687409,2026-02-09T17:36:49,25,75,yes,10
3463,1770687410,2026-02-09T17:36:50,25,75,yes,18
3464,1770687410,2026-02-09T17:36:50,25,75,yes,4
3465,1770687410,2026-02-09T17:36:50,25,75,yes,25
3466,1770687411,2026-02-09T17:36:51,25,75,yes,400
3467,1770687413,2026-02-09T17:36:53,25,75,yes,845
3468,1770687413,2026-02-09T17:36:53,25,75,yes,1442
3469,1770687413,2026-02-09T17:36:53,25,75,yes,1442
3470,1770687413,2026-02-09T17:36:53,25,75,yes,300
3471,1770687413,2026-02-09T17:36:53,25,75,yes,971
3472,1770687416,2026-02-09T17:36:56,25,75,yes,55
3473,1770687416,2026-02-09T17:36:56,25,75,yes,3
3474,1770687416,2026-02-09T17:36:56,25,75,yes,62
3475,1770687416,2026-02-09T17:36:56,25,75,yes,1
3476,1770687416,2026-02-09T17:36:56,25,75,yes,7
3477,1770687416,2026-02-09T17:36:56,25,75,yes,10
3478,1770687418,2026-02-09T17:36:58,25,75,yes,152
3479,1770687419,2026-02-09T17:36:59,25,75,yes,19
3480,1770687422,2026-02-09T17:37:02,25,75,yes,185
3481,1770687422,2026-02-09T17:37:02,25,75,yes,190
3482,1770687424,2026-02-09T17:37:04,24,76,no,12
3483,1770687424,2026-02-09T17:37:04,24,76,no,82
3484,1770687424,2026-02-09T17:37:04,25,75,yes,6
3485,1770687424,2026-02-09T17:37:04,25,75,yes,7
3486,1770687424,2026-02-09T17:37:04,25,75,yes,380
3487,1770687425,2026-02-09T17:37:05,25,75,yes,1
3488,1770687425,2026-02-09T17:37:05,25,75,yes,5
3489,1770687425,2026-02-09T17:37:05,25,75,yes,19
3490,1770687426,2026-02-09T17:37:06,25,75,yes,38
3491,1770687426,2026-02-09T17:37:06,25,75,yes,3
3492,1770687429,2026-02-09T17:37:09,25,75,yes,19
3493,1770687430,2026-02-09T17:37:10,25,75,yes,76
3494,1770687432,2026-02-09T17:37:12,25,75,yes,19
3495,1770687434,2026-02-09T17:37:14,25,75,yes,76
3496,1770687435,2026-02-09T17:37:15,25,75,yes,19
3497,1770687436,2026-02-09T17:37:16,25,75,yes,95
3498,1770687438,2026-02-09T17:37:18,24,76,no,10
3499,1770687439,2026-02-09T17:37:19,25,75,yes,37
3500,1770687439,2026-02-09T17:37:19,24,76,no,4
3501,1770687439,2026-02-09T17:37:19,24,76,yes,11
3502,1770687439,2026-02-09T17:37:19,24,76,yes,19
3503,1770687439,2026-02-09T17:37:19,24,76,yes,19
3504,1770687441,2026-02-09T17:37:21,24,76,yes,178
3505,1770687441,2026-02-09T17:37:21,24,76,yes,3
3506,1770687442,2026-02-09T17:37:22,24,76,yes,19
3507,1770687444,2026-02-09T17:37:24,24,76,yes,12
3508,1770687444,2026-02-09T17:37:24,24,76,yes,7
3509,1770687445,2026-02-09T17:37:25,24,76,yes,2
3510,1770687445,2026-02-09T17:37:25,24,76,yes,2
3511,1770687445,2026-02-09T17:37:25,24,76,yes,4
3512,1770687445,2026-02-09T17:37:25,23,77,no,12
3513,1770687445,2026-02-09T17:37:25,23,77,no,237
3514,1770687449,2026-02-09T17:37:29,23,77,no,164
3515,1770687451,2026-02-09T17:37:31,24,76,yes,8
3516,1770687451,2026-02-09T17:37:31,25,75,yes,7
3517,1770687451,2026-02-09T17:37:31,25,75,yes,61
3518,1770687452,2026-02-09T17:37:32,25,75,yes,38
3519,1770687455,2026-02-09T17:37:35,25,75,yes,89
3520,1770687455,2026-02-09T17:37:35,25,75,yes,7
3521,1770687456,2026-02-09T17:37:36,25,75,yes,3
3522,1770687456,2026-02-09T17:37:36,25,75,yes,5700
3523,1770687457,2026-02-09T17:37:37,25,75,yes,370
3524,1770687457,2026-02-09T17:37:37,25,75,yes,7
3525,1770687457,2026-02-09T17:37:37,25,75,yes,13
3526,1770687459,2026-02-09T17:37:39,25,75,yes,76
3527,1770687460,2026-02-09T17:37:40,25,75,yes,25
3528,1770687462,2026-02-09T17:37:42,25,75,yes,107
3529,1770687462,2026-02-09T17:37:42,25,75,yes,3
3530,1770687464,2026-02-09T17:37:44,25,75,yes,50
3531,1770687464,2026-02-09T17:37:44,25,75,yes,19
3532,1770687464,2026-02-09T17:37:44,25,75,yes,11
3533,1770687465,2026-02-09T17:37:45,25,75,yes,76
3534,1770687465,2026-02-09T17:37:45,25,75,yes,35
3535,1770687466,2026-02-09T17:37:46,25,75,yes,10
3536,1770687467,2026-02-09T17:37:47,25,75,yes,3
3537,1770687469,2026-02-09T17:37:49,25,75,yes,19
3538,1770687470,2026-02-09T17:37:50,25,75,yes,76
3539,1770687470,2026-02-09T17:37:50,25,75,yes,11
3540,1770687470,2026-02-09T17:37:50,25,75,yes,19
3541,1770687471,2026-02-09T17:37:51,24,76,no,5
3542,1770687473,2026-02-09T17:37:53,25,75,yes,38
3543,1770687473,2026-02-09T17:37:53,25,75,yes,45
3544,1770687474,2026-02-09T17:37:54,25,75,yes,38
3545,1770687477,2026-02-09T17:37:57,24,76,no,4
3546,1770687479,2026-02-09T17:37:59,25,75,yes,57
3547,1770687479,2026-02-09T17:37:59,25,75,yes,19
3548,1770687480,2026-02-09T17:38:00,24,76,no,3
3549,1770687480,2026-02-09T17:38:00,24,76,yes,38
3550,1770687480,2026-02-09T17:38:00,24,76,yes,185
3551,1770687480,2026-02-09T17:38:00,24,76,yes,100
3552,1770687482,2026-02-09T17:38:02,24,76,yes,159
3553,1770687483,2026-02-09T17:38:03,24,76,yes,192
3554,1770687483,2026-02-09T17:38:03,24,76,yes,400
3555,1770687484,2026-02-09T17:38:04,24,76,yes,19
3556,1770687491,2026-02-09T17:38:11,23,77,no,14
3557,1770687491,2026-02-09T17:38:11,23,77,no,5
3558,1770687492,2026-02-09T17:38:12,24,76,yes,13
3559,1770687492,2026-02-09T17:38:12,25,75,yes,5
3560,1770687494,2026-02-09T17:38:14,25,75,yes,95
3561,1770687496,2026-02-09T17:38:16,25,75,yes,38
3562,1770687497,2026-02-09T17:38:17,25,75,yes,57
3563,1770687499,2026-02-09T17:38:19,25,75,yes,3
3564,1770687500,2026-02-09T17:38:20,25,75,yes,38
3565,1770687500,2026-02-09T17:38:20,25,75,yes,5
3566,1770687502,2026-02-09T17:38:22,25,75,yes,19
3567,1770687502,2026-02-09T17:38:22,25,75,yes,19
3568,1770687503,2026-02-09T17:38:23,25,75,yes,7
3569,1770687506,2026-02-09T17:38:26,25,75,yes,4
3570,1770687507,2026-02-09T17:38:27,25,75,yes,50
3571,1770687509,2026-02-09T17:38:29,25,75,yes,10
3572,1770687511,2026-02-09T17:38:31,25,75,yes,45
3573,1770687511,2026-02-09T17:38:31,25,75,yes,11
3574,1770687512,2026-02-09T17:38:32,25,75,yes,19
3575,1770687513,2026-02-09T17:38:33,25,75,yes,10
3576,1770687514,2026-02-09T17:38:34,25,75,yes,11
3577,1770687514,2026-02-09T17:38:34,25,75,yes,30
3578,1770687514,2026-02-09T17:38:34,25,75,yes,3
3579,1770687515,2026-02-09T17:38:35,25,75,yes,19
3580,1770687516,2026-02-09T17:38:36,25,75,yes,16
3581,1770687517,2026-02-09T17:38:37,25,75,yes,35
3582,1770687519,2026-02-09T17:38:39,25,75,yes,38
3583,1770687526,2026-02-09T17:38:46,25,75,yes,8
3584,1770687526,2026-02-09T17:38:46,25,75,yes,10
3585,1770687528,2026-02-09T17:38:48,25,75,yes,30
3586,1770687529,2026-02-09T17:38:49,25,75,yes,3
3587,1770687532,2026-02-09T17:38:52,25,75,yes,19
3588,1770687533,2026-02-09T17:38:53,25,75,yes,19
3589,1770687536,2026-02-09T17:38:56,25,75,yes,7
3590,1770687540,2026-02-09T17:39:00,25,75,yes,3
3591,1770687543,2026-02-09T17:39:03,25,75,yes,950
3592,1770687549,2026-02-09T17:39:09,25,75,yes,19
3593,1770687549,2026-02-09T17:39:09,25,75,yes,10
3594,1770687550,2026-02-09T17:39:10,25,75,yes,7
3595,1770687551,2026-02-09T17:39:11,25,75,yes,191
3596,1770687551,2026-02-09T17:39:11,25,75,yes,71
3597,1770687553,2026-02-09T17:39:13,25,75,yes,3
3598,1770687555,2026-02-09T17:39:15,25,75,yes,95
3599,1770687556,2026-02-09T17:39:16,25,75,yes,152
3600,1770687558,2026-02-09T17:39:18,25,75,yes,10
3601,1770687559,2026-02-09T17:39:19,25,75,yes,16
3602,1770687559,2026-02-09T17:39:19,25,75,yes,110
3603,1770687559,2026-02-09T17:39:19,25,75,yes,76
3604,1770687562,2026-02-09T17:39:22,25,75,yes,2
3605,1770687562,2026-02-09T17:39:22,25,75,yes,30
3606,1770687564,2026-02-09T17:39:24,24,76,no,14
3607,1770687564,2026-02-09T17:39:24,24,76,no,1
3608,1770687567,2026-02-09T17:39:27,25,75,yes,12
3609,1770687567,2026-02-09T17:39:27,25,75,yes,24
3610,1770687568,2026-02-09T17:39:28,25,75,yes,35
3611,1770687568,2026-02-09T17:39:28,25,75,yes,95
3612,1770687571,2026-02-09T17:39:31,25,75,yes,95
3613,1770687571,2026-02-09T17:39:31,25,75,yes,74
3614,1770687573,2026-02-09T17:39:33,25,75,yes,57
3615,1770687574,2026-02-09T17:39:34,25,75,yes,45
3616,1770687575,2026-02-09T17:39:35,24,76,no,1
3617,1770687580,2026-02-09T17:39:40,25,75,yes,7
3618,1770687584,2026-02-09T17:39:44,25,75,yes,22
3619,1770687585,2026-02-09T17:39:45,25,75,yes,2
3620,1770687586,2026-02-09T17:39:46,25,75,yes,570
3621,1770687586,2026-02-09T17:39:46,25,75,yes,71
3622,1770687588,2026-02-09T17:39:48,25,75,yes,76
3623,1770687594,2026-02-09T17:39:54,24,76,no,5
3624,1770687595,2026-02-09T17:39:55,25,75,yes,3
3625,1770687595,2026-02-09T17:39:55,25,75,yes,22
3626,1770687597,2026-02-09T17:39:57,25,75,yes,80
3627,1770687598,2026-02-09T17:39:58,25,75,yes,19
3628,1770687598,2026-02-09T17:39:58,25,75,yes,40
3629,1770687599,2026-02-09T17:39:59,25,75,yes,74
3630,1770687603,2026-02-09T17:40:03,25,75,yes,19
3631,1770687604,2026-02-09T17:40:04,25,75,yes,107
3632,1770687609,2026-02-09T17:40:09,25,75,yes,71
3633,1770687610,2026-02-09T17:40:10,25,75,yes,19
3634,1770687615,2026-02-09T17:40:15,25,75,yes,1330
3635,1770687615,2026-02-09T17:40:15,25,75,yes,35
3636,1770687616,2026-02-09T17:40:16,25,75,yes,19
3637,1770687619,2026-02-09T17:40:19,25,75,yes,1
3638,1770687619,2026-02-09T17:40:19,25,75,yes,2
3639,1770687619,2026-02-09T17:40:19,25,75,yes,27
3640,1770687622,2026-02-09T17:40:22,25,75,yes,4
3641,1770687624,2026-02-09T17:40:24,25,75,yes,7
3642,1770687625,2026-02-09T17:40:25,25,75,yes,38
3643,1770687625,2026-02-09T17:40:25,25,75,yes,51
3644,1770687626,2026-02-09T17:40:26,25,75,yes,38
3645,1770687627,2026-02-09T17:40:27,25,75,yes,9
3646,1770687629,2026-02-09T17:40:29,25,75,yes,71
3647,1770687629,2026-02-09T17:40:29,25,75,yes,14
3648,1770687629,2026-02-09T17:40:29,25,75,yes,4
3649,1770687632,2026-02-09T17:40:32,25,75,yes,66
3650,1770687632,2026-02-09T17:40:32,25,75,yes,1
3651,1770687632,2026-02-09T17:40:32,25,75,yes,22
3652,1770687632,2026-02-09T17:40:32,25,75,yes,152
3653,1770687634,2026-02-09T17:40:34,25,75,yes,13
3654,1770687638,2026-02-09T17:40:38,26,74,yes,4
3655,1770687638,2026-02-09T17:40:38,26,74,yes,23
3656,1770687638,2026-02-09T17:40:38,26,74,yes,64
3657,1770687639,2026-02-09T17:40:39,25,75,no,10
3658,1770687639,2026-02-09T17:40:39,25,75,no,8
3659,1770687640,2026-02-09T17:40:40,26,74,yes,68
3660,1770687640,2026-02-09T17:40:40,26,74,yes,7
3661,1770687640,2026-02-09T17:40:40,26,74,yes,3
3662,1770687640,2026-02-09T17:40:40,26,74,yes,36
3663,1770687642,2026-02-09T17:40:42,26,74,yes,12
3664,1770687642,2026-02-09T17:40:42,26,74,yes,23
3665,1770687644,2026-02-09T17:40:44,26,74,yes,3
3666,1770687644,2026-02-09T17:40:44,26,74,yes,18
3667,1770687647,2026-02-09T17:40:47,26,74,yes,73
3668,1770687647,2026-02-09T17:40:47,26,74,yes,14
3669,1770687647,2026-02-09T17:40:47,26,74,yes,3
3670,1770687648,2026-02-09T17:40:48,26,74,yes,7
3671,1770687648,2026-02-09T17:40:48,26,74,yes,9
3672,1770687648,2026-02-09T17:40:48,26,74,yes,15
3673,1770687648,2026-02-09T17:40:48,26,74,yes,2
3674,1770687648,2026-02-09T17:40:48,26,74,yes,6
3675,1770687651,2026-02-09T17:40:51,26,74,yes,2
3676,1770687652,2026-02-09T17:40:52,26,74,yes,12
3677,1770687652,2026-02-09T17:40:52,26,74,yes,70
3678,1770687652,2026-02-09T17:40:52,26,74,yes,150
3679,1770687653,2026-02-09T17:40:53,27,73,yes,2
3680,1770687653,2026-02-09T17:40:53,27,73,yes,4
3681,1770687653,2026-02-09T17:40:53,27,73,yes,2
3682,1770687653,2026-02-09T17:40:53,27,73,yes,6
3683,1770687653,2026-02-09T17:40:53,27,73,yes,14
3684,1770687653,2026-02-09T17:40:53,28,72,yes,10
3685,1770687653,2026-02-09T17:40:53,28,72,yes,10
3686,1770687653,2026-02-09T17:40:53,28,72,yes,10
3687,1770687653,2026-02-09T17:40:53,28,72,yes,2
3688,1770687653,2026-02-09T17:40:53,28,72,yes,2
3689,1770687658,2026-02-09T17:40:58,29,71,yes,3
3690,1770687659,2026-02-09T17:40:59,29,71,yes,16
3691,1770687660,2026-02-09T17:41:00,29,71,yes,3
3692,1770687661,2026-02-09T17:41:01,30,70,yes,162
3693,1770687662,2026-02-09T17:41:02,30,70,yes,3
3694,1770687663,2026-02-09T17:41:03,30,70,yes,3
3695,1770687663,2026-02-09T17:41:03,30,70,yes,47
3696,1770687664,2026-02-09T17:41:04,30,70,yes,60
3697,1770687664,2026-02-09T17:41:04,30,70,yes,2
3698,1770687664,2026-02-09T17:41:04,30,70,yes,15
3699,1770687664,2026-02-09T17:41:04,30,70,yes,3
3700,1770687664,2026-02-09T17:41:04,30,70,yes,44
3701,1770687664,2026-02-09T17:41:04,30,70,yes,6
3702,1770687665,2026-02-09T17:41:05,29,71,no,989
3703,1770687667,2026-02-09T17:41:07,30,70,yes,47
3704,1770687669,2026-02-09T17:41:09,29,71,no,12
3705,1770687669,2026-02-09T17:41:09,29,71,no,300
3706,1770687669,2026-02-09T17:41:09,29,71,no,389
3707,1770687671,2026-02-09T17:41:11,30,70,yes,47
3708,1770687671,2026-02-09T17:41:11,30,70,yes,9
3709,1770687671,2026-02-09T17:41:11,30,70,yes,3
3710,1770687672,2026-02-09T17:41:12,30,70,yes,15
3711,1770687672,2026-02-09T17:41:12,30,70,yes,6
3712,1770687673,2026-02-09T17:41:13,30,70,yes,15
3713,1770687674,2026-02-09T17:41:14,29,71,no,6
3714,1770687674,2026-02-09T17:41:14,30,70,yes,5
3715,1770687674,2026-02-09T17:41:14,30,70,yes,25
3716,1770687674,2026-02-09T17:41:14,30,70,yes,25
3717,1770687674,2026-02-09T17:41:14,30,70,yes,70
3718,1770687674,2026-02-09T17:41:14,30,70,yes,2
3719,1770687674,2026-02-09T17:41:14,30,70,yes,190
3720,1770687674,2026-02-09T17:41:14,30,70,yes,15
3721,1770687675,2026-02-09T17:41:15,30,70,yes,15
3722,1770687675,2026-02-09T17:41:15,30,70,yes,3
3723,1770687676,2026-02-09T17:41:16,30,70,yes,10
3724,1770687677,2026-02-09T17:41:17,30,70,yes,31
3725,1770687677,2026-02-09T17:41:17,30,70,yes,25
3726,1770687678,2026-02-09T17:41:18,30,70,yes,312
3727,1770687680,2026-02-09T17:41:20,30,70,yes,48
3728,1770687680,2026-02-09T17:41:20,30,70,yes,15
3729,1770687681,2026-02-09T17:41:21,30,70,yes,212
3730,1770687681,2026-02-09T17:41:21,29,71,no,6
3731,1770687683,2026-02-09T17:41:23,30,70,yes,34
3732,1770687684,2026-02-09T17:41:24,30,70,yes,15
3733,1770687684,2026-02-09T17:41:24,30,70,yes,206
3734,1770687684,2026-02-09T17:41:24,30,70,yes,15
3735,1770687684,2026-02-09T17:41:24,30,70,yes,158
3736,1770687685,2026-02-09T17:41:25,30,70,yes,15
3737,1770687685,2026-02-09T17:41:25,30,70,yes,9
3738,1770687685,2026-02-09T17:41:25,30,70,yes,63
3739,1770687687,2026-02-09T17:41:27,30,70,yes,15
3740,1770687688,2026-02-09T17:41:28,30,70,yes,31
3741,1770687688,2026-02-09T17:41:28,30,70,yes,63
3742,1770687689,2026-02-09T17:41:29,30,70,yes,60
3743,1770687689,2026-02-09T17:41:29,30,70,yes,5
3744,1770687689,2026-02-09T17:41:29,30,70,yes,319
3745,1770687689,2026-02-09T17:41:29,30,70,yes,47
3746,1770687690,2026-02-09T17:41:30,30,70,yes,6
3747,1770687691,2026-02-09T17:41:31,29,71,no,12
3748,1770687691,2026-02-09T17:41:31,29,71,no,38
3749,1770687691,2026-02-09T17:41:31,30,70,yes,90
3750,1770687692,2026-02-09T17:41:32,30,70,yes,63
3751,1770687692,2026-02-09T17:41:32,30,70,yes,15
3752,1770687692,2026-02-09T17:41:32,29,71,no,13
3753,1770687692,2026-02-09T17:41:32,29,71,no,29
3754,1770687693,2026-02-09T17:41:33,30,70,yes,28
3755,1770687693,2026-02-09T17:41:33,30,70,yes,158
3756,1770687693,2026-02-09T17:41:33,30,70,yes,125
3757,1770687694,2026-02-09T17:41:34,30,70,yes,3
3758,1770687694,2026-02-09T17:41:34,29,71,no,74
3759,1770687696,2026-02-09T17:41:36,29,71,no,10
3760,1770687697,2026-02-09T17:41:37,30,70,yes,31
3761,1770687697,2026-02-09T17:41:37,30,70,yes,31
3762,1770687699,2026-02-09T17:41:39,30,70,yes,30
3763,1770687699,2026-02-09T17:41:39,29,71,no,9
3764,1770687699,2026-02-09T17:41:39,30,70,yes,6
3765,1770687700,2026-02-09T17:41:40,29,71,no,40
3766,1770687700,2026-02-09T17:41:40,30,70,yes,71
3767,1770687701,2026-02-09T17:41:41,30,70,yes,15
3768,1770687702,2026-02-09T17:41:42,30,70,yes,606
3769,1770687702,2026-02-09T17:41:42,30,70,yes,13
3770,1770687702,2026-02-09T17:41:42,30,70,yes,2
3771,1770687702,2026-02-09T17:41:42,30,70,yes,2
3772,1770687702,2026-02-09T17:41:42,30,70,yes,2
3773,1770687702,2026-02-09T17:41:42,30,70,yes,12
3774,1770687703,2026-02-09T17:41:43,30,70,yes,79
3775,1770687704,2026-02-09T17:41:44,29,71,no,13
3776,1770687704,2026-02-09T17:41:44,28,72,no,32
3777,1770687704,2026-02-09T17:41:44,30,70,yes,625
3778,1770687704,2026-02-09T17:41:44,28,72,no,4
3779,1770687706,2026-02-09T17:41:46,29,71,no,12
3780,1770687706,2026-02-09T17:41:46,28,72,no,78
3781,1770687706,2026-02-09T17:41:46,30,70,yes,13
3782,1770687706,2026-02-09T17:41:46,30,70,yes,897
3783,1770687706,2026-02-09T17:41:46,30,70,yes,6
3784,1770687706,2026-02-09T17:41:46,29,71,no,11
3785,1770687706,2026-02-09T17:41:46,30,70,yes,79
3786,1770687707,2026-02-09T17:41:47,30,70,yes,15
3787,1770687709,2026-02-09T17:41:49,30,70,yes,158
3788,1770687709,2026-02-09T17:41:49,29,71,no,52
3789,1770687711,2026-02-09T17:41:51,30,70,yes,100
3790,1770687711,2026-02-09T17:41:51,30,70,yes,151
3791,1770687711,2026-02-09T17:41:51,30,70,yes,5
3792,1770687711,2026-02-09T17:41:51,29,71,no,71
3793,1770687711,2026-02-09T17:41:51,30,70,yes,15
3794,1770687712,2026-02-09T17:41:52,30,70,yes,62
3795,1770687712,2026-02-09T17:41:52,30,70,yes,31
3796,1770687712,2026-02-09T17:41:52,29,71,no,197
3797,1770687712,2026-02-09T17:41:52,29,71,no,206
3798,1770687713,2026-02-09T17:41:53,30,70,yes,31
3799,1770687713,2026-02-09T17:41:53,30,70,yes,1176
3800,1770687713,2026-02-09T17:41:53,30,70,yes,667
3801,1770687715,2026-02-09T17:41:55,30,70,yes,12
3802,1770687715,2026-02-09T17:41:55,31,69,yes,5
3803,1770687715,2026-02-09T17:41:55,31,69,yes,1
3804,1770687715,2026-02-09T17:41:55,31,69,yes,19
3805,1770687718,2026-02-09T17:41:58,29,71,no,26
3806,1770687718,2026-02-09T17:41:58,29,71,no,26
3807,1770687718,2026-02-09T17:41:58,30,70,yes,79
3808,1770687718,2026-02-09T17:41:58,29,71,no,12
3809,1770687719,2026-02-09T17:41:59,29,71,no,5
3810,1770687719,2026-02-09T17:41:59,30,70,yes,6
3811,1770687720,2026-02-09T17:42:00,30,70,yes,15
3812,1770687721,2026-02-09T17:42:01,30,70,yes,63
3813,1770687722,2026-02-09T17:42:02,30,70,yes,50
3814,1770687722,2026-02-09T17:42:02,30,70,yes,6
3815,1770687722,2026-02-09T17:42:02,29,71,no,14
3816,1770687727,2026-02-09T17:42:07,29,71,yes,12
3817,1770687728,2026-02-09T17:42:08,28,72,no,14
3818,1770687728,2026-02-09T17:42:08,28,72,no,50
3819,1770687728,2026-02-09T17:42:08,28,72,no,12
3820,1770687729,2026-02-09T17:42:09,29,71,yes,14
3821,1770687729,2026-02-09T17:42:09,29,71,yes,2
3822,1770687730,2026-02-09T17:42:10,29,71,yes,16
3823,1770687731,2026-02-09T17:42:11,29,71,yes,12
3824,1770687732,2026-02-09T17:42:12,29,71,yes,82
3825,1770687733,2026-02-09T17:42:13,29,71,yes,8
3826,1770687733,2026-02-09T17:42:13,29,71,yes,32
3827,1770687733,2026-02-09T17:42:13,29,71,yes,32
3828,1770687733,2026-02-09T17:42:13,29,71,yes,175
3829,1770687734,2026-02-09T17:42:14,29,71,yes,18
3830,1770687736,2026-02-09T17:42:16,29,71,yes,164
3831,1770687737,2026-02-09T17:42:17,29,71,yes,16
3832,1770687740,2026-02-09T17:42:20,28,72,no,9
3833,1770687741,2026-02-09T17:42:21,29,71,yes,821
3834,1770687741,2026-02-09T17:42:21,29,71,yes,65
3835,1770687741,2026-02-09T17:42:21,28,72,no,10
3836,1770687742,2026-02-09T17:42:22,29,71,yes,3
3837,1770687742,2026-02-09T17:42:22,29,71,yes,21
3838,1770687742,2026-02-09T17:42:22,28,72,no,19
3839,1770687743,2026-02-09T17:42:23,29,71,yes,32
3840,1770687743,2026-02-09T17:42:23,29,71,yes,15
3841,1770687743,2026-02-09T17:42:23,28,72,no,23
3842,1770687744,2026-02-09T17:42:24,29,71,yes,5986
3843,1770687744,2026-02-09T17:42:24,29,71,yes,2387
3844,1770687748,2026-02-09T17:42:28,29,71,yes,12
3845,1770687749,2026-02-09T17:42:29,28,72,no,20
3846,1770687750,2026-02-09T17:42:30,29,71,no,12
3847,1770687753,2026-02-09T17:42:33,30,70,yes,5
3848,1770687754,2026-02-09T17:42:34,30,70,yes,7
3849,1770687754,2026-02-09T17:42:34,31,69,yes,2
3850,1770687754,2026-02-09T17:42:34,31,69,yes,2
3851,1770687754,2026-02-09T17:42:34,31,69,yes,319
3852,1770687754,2026-02-09T17:42:34,31,69,yes,6
3853,1770687754,2026-02-09T17:42:34,31,69,yes,9
3854,1770687757,2026-02-09T17:42:37,31,69,yes,138
3855,1770687758,2026-02-09T17:42:38,31,69,yes,70
3856,1770687758,2026-02-09T17:42:38,31,69,yes,75
3857,1770687758,2026-02-09T17:42:38,31,69,yes,18
3858,1770687759,2026-02-09T17:42:39,31,69,yes,454
3859,1770687760,2026-02-09T17:42:40,31,69,yes,2
3860,1770687760,2026-02-09T17:42:40,31,69,yes,2
3861,1770687760,2026-02-09T17:42:40,31,69,yes,2
3862,1770687760,2026-02-09T17:42:40,31,69,yes,14
3863,1770687760,2026-02-09T17:42:40,31,69,yes,2
3864,1770687760,2026-02-09T17:42:40,31,69,yes,12
3865,1770687760,2026-02-09T17:42:40,31,69,yes,1
3866,1770687760,2026-02-09T17:42:40,31,69,yes,65
3867,1770687760,2026-02-09T17:42:40,31,69,yes,9
3868,1770687761,2026-02-09T17:42:41,31,69,yes,15
3869,1770687762,2026-02-09T17:42:42,31,69,yes,3
3870,1770687762,2026-02-09T17:42:42,31,69,yes,15
3871,1770687762,2026-02-09T17:42:42,31,69,yes,15
3872,1770687763,2026-02-09T17:42:43,31,69,yes,209
3873,1770687763,2026-02-09T17:42:43,31,69,yes,123
3874,1770687763,2026-02-09T17:42:43,31,69,yes,30
3875,1770687763,2026-02-09T17:42:43,29,71,no,12
3876,1770687763,2026-02-09T17:42:43,29,71,no,68
3877,1770687763,2026-02-09T17:42:43,31,69,yes,15
3878,1770687763,2026-02-09T17:42:43,31,69,yes,6
3879,1770687764,2026-02-09T17:42:44,31,69,yes,13
3880,1770687764,2026-02-09T17:42:44,31,69,yes,2
3881,1770687765,2026-02-09T17:42:45,31,69,yes,3
3882,1770687766,2026-02-09T17:42:46,31,69,yes,6
3883,1770687767,2026-02-09T17:42:47,31,69,yes,4
3884,1770687767,2026-02-09T17:42:47,32,68,yes,8
3885,1770687768,2026-02-09T17:42:48,31,69,no,9
3886,1770687768,2026-02-09T17:42:48,31,69,no,25
3887,1770687768,2026-02-09T17:42:48,32,68,yes,15
3888,1770687769,2026-02-09T17:42:49,32,68,yes,9
3889,1770687769,2026-02-09T17:42:49,32,68,yes,10
3890,1770687770,2026-02-09T17:42:50,32,68,yes,29
3891,1770687770,2026-02-09T17:42:50,31,69,no,8
3892,1770687770,2026-02-09T17:42:50,32,68,yes,5
3893,1770687771,2026-02-09T17:42:51,32,68,yes,24
3894,1770687771,2026-02-09T17:42:51,32,68,yes,10
3895,1770687771,2026-02-09T17:42:51,32,68,yes,258
3896,1770687771,2026-02-09T17:42:51,31,69,no,76
3897,1770687773,2026-02-09T17:42:53,32,68,yes,300
3898,1770687773,2026-02-09T17:42:53,32,68,yes,29
3899,1770687773,2026-02-09T17:42:53,32,68,yes,286
3900,1770687774,2026-02-09T17:42:54,31,69,no,32
3901,1770687774,2026-02-09T17:42:54,31,69,no,13
3902,1770687774,2026-02-09T17:42:54,31,69,no,67
3903,1770687774,2026-02-09T17:42:54,32,68,yes,14
3904,1770687775,2026-02-09T17:42:55,31,69,no,9
3905,1770687776,2026-02-09T17:42:56,32,68,yes,10
3906,1770687777,2026-02-09T17:42:57,32,68,yes,298
3907,1770687778,2026-02-09T17:42:58,32,68,yes,8
3908,1770687778,2026-02-09T17:42:58,32,68,yes,28
3909,1770687778,2026-02-09T17:42:58,32,68,yes,29
3910,1770687780,2026-02-09T17:43:00,31,69,no,14
3911,1770687780,2026-02-09T17:43:00,31,69,no,12
3912,1770687780,2026-02-09T17:43:00,32,68,yes,5
3913,1770687781,2026-02-09T17:43:01,32,68,yes,7
3914,1770687781,2026-02-09T17:43:01,33,67,yes,22
3915,1770687784,2026-02-09T17:43:04,33,67,yes,4
3916,1770687784,2026-02-09T17:43:04,33,67,yes,213
3917,1770687785,2026-02-09T17:43:05,33,67,yes,11
3918,1770687785,2026-02-09T17:43:05,33,67,yes,28
3919,1770687786,2026-02-09T17:43:06,31,69,no,2
3920,1770687786,2026-02-09T17:43:06,31,69,no,2
3921,1770687786,2026-02-09T17:43:06,33,67,yes,15
3922,1770687786,2026-02-09T17:43:06,33,67,yes,28
3923,1770687786,2026-02-09T17:43:06,33,67,yes,500
3924,1770687787,2026-02-09T17:43:07,33,67,yes,11
3925,1770687787,2026-02-09T17:43:07,33,67,yes,10
3926,1770687787,2026-02-09T17:43:07,33,67,yes,14
3927,1770687788,2026-02-09T17:43:08,33,67,yes,285
3928,1770687788,2026-02-09T17:43:08,33,67,yes,2
3929,1770687788,2026-02-09T17:43:08,33,67,yes,8
3930,1770687788,2026-02-09T17:43:08,33,67,yes,4
3931,1770687790,2026-02-09T17:43:10,32,68,no,45
3932,1770687790,2026-02-09T17:43:10,33,67,yes,9
3933,1770687790,2026-02-09T17:43:10,33,67,yes,63
3934,1770687790,2026-02-09T17:43:10,33,67,yes,43
3935,1770687791,2026-02-09T17:43:11,32,68,no,19
3936,1770687791,2026-02-09T17:43:11,33,67,yes,57
3937,1770687792,2026-02-09T17:43:12,32,68,no,35
3938,1770687792,2026-02-09T17:43:12,33,67,yes,72
3939,1770687793,2026-02-09T17:43:13,33,67,yes,104
3940,1770687793,2026-02-09T17:43:13,33,67,yes,23
3941,1770687795,2026-02-09T17:43:15,33,67,yes,694
3942,1770687796,2026-02-09T17:43:16,33,67,yes,17
3943,1770687796,2026-02-09T17:43:16,32,68,no,40
3944,1770687797,2026-02-09T17:43:17,33,67,yes,17
3945,1770687797,2026-02-09T17:43:17,33,67,yes,14
3946,1770687797,2026-02-09T17:43:17,32,68,no,16
3947,1770687798,2026-02-09T17:43:18,33,67,yes,26
3948,1770687798,2026-02-09T17:43:18,33,67,yes,5
3949,1770687798,2026-02-09T17:43:18,33,67,yes,289
3950,1770687800,2026-02-09T17:43:20,33,67,yes,63
3951,1770687800,2026-02-09T17:43:20,33,67,yes,9
3952,1770687800,2026-02-09T17:43:20,33,67,yes,2
3953,1770687800,2026-02-09T17:43:20,33,67,yes,11
3954,1770687801,2026-02-09T17:43:21,33,67,yes,14
3955,1770687801,2026-02-09T17:43:21,33,67,yes,16
3956,1770687802,2026-02-09T17:43:22,32,68,no,8
3957,1770687802,2026-02-09T17:43:22,33,67,yes,50
3958,1770687803,2026-02-09T17:43:23,33,67,yes,14
3959,1770687804,2026-02-09T17:43:24,33,67,yes,56
3960,1770687804,2026-02-09T17:43:24,33,67,yes,25
3961,1770687804,2026-02-09T17:43:24,33,67,yes,86
3962,1770687804,2026-02-09T17:43:24,33,67,yes,28
3963,1770687805,2026-02-09T17:43:25,33,67,yes,115
3964,1770687806,2026-02-09T17:43:26,32,68,no,6
3965,1770687806,2026-02-09T17:43:26,32,68,no,25
3966,1770687806,2026-02-09T17:43:26,33,67,yes,57
3967,1770687807,2026-02-09T17:43:27,33,67,yes,28
3968,1770687807,2026-02-09T17:43:27,33,67,yes,72
3969,1770687807,2026-02-09T17:43:27,32,68,yes,4
3970,1770687809,2026-02-09T17:43:29,32,68,yes,16
3971,1770687809,2026-02-09T17:43:29,32,68,yes,55
3972,1770687809,2026-02-09T17:43:29,32,68,yes,12
3973,1770687810,2026-02-09T17:43:30,32,68,yes,4
3974,1770687812,2026-02-09T17:43:32,32,68,yes,29
3975,1770687812,2026-02-09T17:43:32,32,68,yes,80
3976,1770687812,2026-02-09T17:43:32,32,68,yes,12
3977,1770687812,2026-02-09T17:43:32,32,68,yes,1407
3978,1770687812,2026-02-09T17:43:32,32,68,yes,1358
3979,1770687815,2026-02-09T17:43:35,33,67,yes,86
3980,1770687817,2026-02-09T17:43:37,32,68,no,12
3981,1770687818,2026-02-09T17:43:38,32,68,no,90
3982,1770687818,2026-02-09T17:43:38,33,67,yes,6
3983,1770687818,2026-02-09T17:43:38,33,67,yes,5
3984,1770687818,2026-02-09T17:43:38,33,67,yes,278
3985,1770687818,2026-02-09T17:43:38,33,67,yes,14
3986,1770687819,2026-02-09T17:43:39,33,67,yes,25
3987,1770687820,2026-02-09T17:43:40,33,67,yes,20
3988,1770687821,2026-02-09T17:43:41,32,68,no,2
3989,1770687821,2026-02-09T17:43:41,33,67,yes,14
3990,1770687823,2026-02-09T17:43:43,33,67,yes,28
3991,1770687823,2026-02-09T17:43:43,33,67,yes,28
3992,1770687823,2026-02-09T17:43:43,33,67,yes,17
3993,1770687823,2026-02-09T17:43:43,32,68,no,11
3994,1770687824,2026-02-09T17:43:44,32,68,yes,14
3995,1770687825,2026-02-09T17:43:45,32,68,yes,26
3996,1770687825,2026-02-09T17:43:45,32,68,yes,39
3997,1770687825,2026-02-09T17:43:45,32,68,yes,14
3998,1770687825,2026-02-09T17:43:45,33,67,yes,6
3999,1770687826,2026-02-09T17:43:46,33,67,yes,27
4000,1770687826,2026-02-09T17:43:46,33,67,yes,5
4001,1770687826,2026-02-09T17:43:46,33,67,yes,33
4002,1770687827,2026-02-09T17:43:47,31,69,no,15
4003,1770687827,2026-02-09T17:43:47,33,67,yes,57
4004,1770687828,2026-02-09T17:43:48,33,67,yes,34
4005,1770687828,2026-02-09T17:43:48,31,69,no,47
4006,1770687828,2026-02-09T17:43:48,33,67,yes,43
4007,1770687828,2026-02-09T17:43:48,33,67,yes,1000
4008,1770687829,2026-02-09T17:43:49,33,67,yes,1142
4009,1770687830,2026-02-09T17:43:50,33,67,yes,6
4010,1770687830,2026-02-09T17:43:50,33,67,yes,8
4011,1770687831,2026-02-09T17:43:51,33,67,yes,72
4012,1770687831,2026-02-09T17:43:51,33,67,yes,14
4013,1770687832,2026-02-09T17:43:52,32,68,no,38
4014,1770687833,2026-02-09T17:43:53,33,67,yes,100
4015,1770687834,2026-02-09T17:43:54,32,68,no,36
4016,1770687835,2026-02-09T17:43:55,33,67,yes,14
4017,1770687835,2026-02-09T17:43:55,33,67,yes,285
4018,1770687836,2026-02-09T17:43:56,33,67,yes,43
4019,1770687836,2026-02-09T17:43:56,33,67,yes,5
4020,1770687836,2026-02-09T17:43:56,32,68,no,76
4021,1770687837,2026-02-09T17:43:57,33,67,yes,28
4022,1770687837,2026-02-09T17:43:57,32,68,no,12
4023,1770687837,2026-02-09T17:43:57,32,68,no,49
4024,1770687838,2026-02-09T17:43:58,32,68,no,27
4025,1770687838,2026-02-09T17:43:58,32,68,no,43
4026,1770687838,2026-02-09T17:43:58,33,67,yes,14
4027,1770687838,2026-02-09T17:43:58,33,67,yes,774
4028,1770687838,2026-02-09T17:43:58,33,67,yes,1226
4029,1770687838,2026-02-09T17:43:58,33,67,yes,46
4030,1770687839,2026-02-09T17:43:59,33,67,yes,2
4031,1770687839,2026-02-09T17:43:59,33,67,yes,1
4032,1770687840,2026-02-09T17:44:00,33,67,yes,13
4033,1770687840,2026-02-09T17:44:00,33,67,yes,1
4034,1770687840,2026-02-09T17:44:00,33,67,yes,6
4035,1770687840,2026-02-09T17:44:00,32,68,no,12
4036,1770687840,2026-02-09T17:44:00,33,67,yes,97
4037,1770687841,2026-02-09T17:44:01,33,67,yes,14
4038,1770687841,2026-02-09T17:44:01,33,67,yes,15
4039,1770687842,2026-02-09T17:44:02,33,67,yes,14
4040,1770687843,2026-02-09T17:44:03,33,67,yes,285
4041,1770687844,2026-02-09T17:44:04,33,67,yes,202
4042,1770687844,2026-02-09T17:44:04,33,67,yes,14
4043,1770687844,2026-02-09T17:44:04,32,68,no,11
4044,1770687845,2026-02-09T17:44:05,33,67,yes,58
4045,1770687845,2026-02-09T17:44:05,33,67,yes,521
4046,1770687845,2026-02-09T17:44:05,33,67,yes,14
4047,1770687846,2026-02-09T17:44:06,33,67,yes,172
4048,1770687846,2026-02-09T17:44:06,33,67,yes,828
4049,1770687846,2026-02-09T17:44:06,33,67,yes,263
4050,1770687847,2026-02-09T17:44:07,33,67,yes,200
4051,1770687847,2026-02-09T17:44:07,33,67,yes,33
4052,1770687847,2026-02-09T17:44:07,33,67,yes,144
4053,1770687848,2026-02-09T17:44:08,32,68,no,158
4054,1770687848,2026-02-09T17:44:08,32,68,no,150
4055,1770687848,2026-02-09T17:44:08,32,68,no,14
4056,1770687848,2026-02-09T17:44:08,32,68,no,26
4057,1770687850,2026-02-09T17:44:10,33,67,yes,12
4058,1770687850,2026-02-09T17:44:10,33,67,yes,196
4059,1770687850,2026-02-09T17:44:10,33,67,yes,14
4060,1770687851,2026-02-09T17:44:11,33,67,yes,5
4061,1770687851,2026-02-09T17:44:11,33,67,yes,46
4062,1770687852,2026-02-09T17:44:12,33,67,yes,72
4063,1770687853,2026-02-09T17:44:13,33,67,yes,2
4064,1770687854,2026-02-09T17:44:14,33,67,yes,14
4065,1770687854,2026-02-09T17:44:14,32,68,no,488
4066,1770687855,2026-02-09T17:44:15,33,67,yes,10
4067,1770687855,2026-02-09T17:44:15,32,68,no,43
4068,1770687856,2026-02-09T17:44:16,33,67,yes,28
4069,1770687857,2026-02-09T17:44:17,33,67,yes,57
4070,1770687857,2026-02-09T17:44:17,33,67,yes,11
4071,1770687857,2026-02-09T17:44:17,33,67,yes,144
4072,1770687858,2026-02-09T17:44:18,33,67,yes,72
4073,1770687859,2026-02-09T17:44:19,33,67,yes,28
4074,1770687859,2026-02-09T17:44:19,32,68,no,3
4075,1770687860,2026-02-09T17:44:20,32,68,no,852
4076,1770687860,2026-02-09T17:44:20,32,68,no,12
4077,1770687860,2026-02-09T17:44:20,32,68,no,150
4078,1770687860,2026-02-09T17:44:20,32,68,no,70
4079,1770687860,2026-02-09T17:44:20,32,68,no,8
4080,1770687860,2026-02-09T17:44:20,31,69,no,808
4081,1770687860,2026-02-09T17:44:20,32,68,no,20
4082,1770687860,2026-02-09T17:44:20,33,67,yes,2
4083,1770687861,2026-02-09T17:44:21,33,67,yes,28
4084,1770687863,2026-02-09T17:44:23,33,67,yes,11
4085,1770687864,2026-02-09T17:44:24,33,67,yes,8
4086,1770687864,2026-02-09T17:44:24,33,67,yes,73
4087,1770687864,2026-02-09T17:44:24,33,67,yes,57
4088,1770687866,2026-02-09T17:44:26,33,67,yes,28
4089,1770687866,2026-02-09T17:44:26,32,68,no,10
4090,1770687867,2026-02-09T17:44:27,33,67,yes,57
4091,1770687867,2026-02-09T17:44:27,33,67,yes,71
4092,1770687867,2026-02-09T17:44:27,33,67,yes,2
4093,1770687868,2026-02-09T17:44:28,33,67,yes,173
4094,1770687868,2026-02-09T17:44:28,33,67,yes,14
4095,1770687868,2026-02-09T17:44:28,33,67,yes,43
4096,1770687869,2026-02-09T17:44:29,33,67,yes,144
4097,1770687871,2026-02-09T17:44:31,33,67,yes,28
4098,1770687871,2026-02-09T17:44:31,32,68,no,21
4099,1770687871,2026-02-09T17:44:31,33,67,yes,5
4100,1770687871,2026-02-09T17:44:31,33,67,yes,8
4101,1770687871,2026-02-09T17:44:31,32,68,no,39
4102,1770687872,2026-02-09T17:44:32,33,67,yes,14
4103,1770687872,2026-02-09T17:44:32,33,67,yes,86
4104,1770687873,2026-02-09T17:44:33,32,68,no,10
4105,1770687874,2026-02-09T17:44:34,33,67,yes,5
4106,1770687876,2026-02-09T17:44:36,33,67,yes,57
4107,1770687877,2026-02-09T17:44:37,33,67,yes,12
4108,1770687877,2026-02-09T17:44:37,33,67,yes,2
4109,1770687877,2026-02-09T17:44:37,33,67,yes,3
4110,1770687877,2026-02-09T17:44:37,33,67,yes,7
4111,1770687877,2026-02-09T17:44:37,33,67,yes,376
4112,1770687878,2026-02-09T17:44:38,33,67,yes,28
4113,1770687879,2026-02-09T17:44:39,32,68,no,12
4114,1770687879,2026-02-09T17:44:39,32,68,no,4
4115,1770687879,2026-02-09T17:44:39,33,67,yes,86
4116,1770687880,2026-02-09T17:44:40,33,67,yes,1
4117,1770687881,2026-02-09T17:44:41,32,68,no,20
4118,1770687881,2026-02-09T17:44:41,33,67,yes,22
4119,1770687883,2026-02-09T17:44:43,33,67,yes,578
4120,1770687884,2026-02-09T17:44:44,33,67,yes,28
4121,1770687888,2026-02-09T17:44:48,33,67,yes,43
4122,1770687888,2026-02-09T17:44:48,33,67,yes,14
4123,1770687889,2026-02-09T17:44:49,33,67,yes,14
4124,1770687889,2026-02-09T17:44:49,33,67,yes,7
4125,1770687889,2026-02-09T17:44:49,33,67,yes,34
4126,1770687889,2026-02-09T17:44:49,32,68,no,76
4127,1770687889,2026-02-09T17:44:49,33,67,yes,43
4128,1770687890,2026-02-09T17:44:50,33,67,yes,144
4129,1770687890,2026-02-09T17:44:50,32,68,no,50
4130,1770687890,2026-02-09T17:44:50,32,68,no,12
4131,1770687892,2026-02-09T17:44:52,33,67,yes,7
4132,1770687892,2026-02-09T17:44:52,33,67,yes,10
4133,1770687892,2026-02-09T17:44:52,33,67,yes,11
4134,1770687892,2026-02-09T17:44:52,33,67,yes,5
4135,1770687893,2026-02-09T17:44:53,33,67,yes,14
4136,1770687894,2026-02-09T17:44:54,33,67,yes,28
4137,1770687894,2026-02-09T17:44:54,33,67,yes,2
4138,1770687895,2026-02-09T17:44:55,33,67,yes,5
4139,1770687895,2026-02-09T17:44:55,32,68,no,1
4140,1770687897,2026-02-09T17:44:57,33,67,yes,5
4141,1770687897,2026-02-09T17:44:57,33,67,yes,2
4142,1770687899,2026-02-09T17:44:59,33,67,yes,4
4143,1770687900,2026-02-09T17:45:00,32,68,no,150
4144,1770687901,2026-02-09T17:45:01,33,67,yes,40
4145,1770687903,2026-02-09T17:45:03,33,67,yes,101
4146,1770687905,2026-02-09T17:45:05,33,67,yes,2
4147,1770687906,2026-02-09T17:45:06,33,67,yes,8
4148,1770687906,2026-02-09T17:45:06,33,67,yes,57
4149,1770687907,2026-02-09T17:45:07,33,67,yes,1131
4150,1770687907,2026-02-09T17:45:07,33,67,yes,1425
4151,1770687907,2026-02-09T17:45:07,33,67,yes,5000
4152,1770687907,2026-02-09T17:45:07,33,67,yes,3
4153,1770687907,2026-02-09T17:45:07,33,67,yes,14
4154,1770687907,2026-02-09T17:45:07,33,67,yes,1425
4155,1770687907,2026-02-09T17:45:07,33,67,yes,5
4156,1770687907,2026-02-09T17:45:07,33,67,yes,11
4157,1770687907,2026-02-09T17:45:07,33,67,yes,2414
4158,1770687908,2026-02-09T17:45:08,32,68,no,4
4159,1770687908,2026-02-09T17:45:08,33,67,yes,2
4160,1770687908,2026-02-09T17:45:08,33,67,yes,2
4161,1770687908,2026-02-09T17:45:08,33,67,yes,10
4162,1770687909,2026-02-09T17:45:09,33,67,yes,2
4163,1770687909,2026-02-09T17:45:09,33,67,yes,715
4164,1770687910,2026-02-09T17:45:10,33,67,yes,5
4165,1770687910,2026-02-09T17:45:10,33,67,yes,8
4166,1770687911,2026-02-09T17:45:11,33,67,yes,5
4167,1770687911,2026-02-09T17:45:11,33,67,yes,2
4168,1770687911,2026-02-09T17:45:11,33,67,yes,2
4169,1770687911,2026-02-09T17:45:11,33,67,yes,3
4170,1770687911,2026-02-09T17:45:11,33,67,yes,14
4171,1770687911,2026-02-09T17:45:11,33,67,yes,79
4172,1770687911,2026-02-09T17:45:11,33,67,yes,14
4173,1770687911,2026-02-09T17:45:11,33,67,yes,43
4174,1770687916,2026-02-09T17:45:16,32,68,no,10
4175,1770687916,2026-02-09T17:45:16,32,68,no,37
4176,1770687919,2026-02-09T17:45:19,34,66,yes,9
4177,1770687919,2026-02-09T17:45:19,34,66,yes,6
4178,1770687919,2026-02-09T17:45:19,34,66,yes,2
4179,1770687919,2026-02-09T17:45:19,34,66,yes,6
4180,1770687920,2026-02-09T17:45:20,34,66,yes,56
4181,1770687922,2026-02-09T17:45:22,34,66,yes,11
4182,1770687922,2026-02-09T17:45:22,34,66,yes,562
4183,1770687922,2026-02-09T17:45:22,34,66,yes,24
4184,1770687923,2026-02-09T17:45:23,34,66,yes,28
4185,1770687926,2026-02-09T17:45:26,34,66,yes,59
4186,1770687927,2026-02-09T17:45:27,34,66,yes,27
4187,1770687928,2026-02-09T17:45:28,33,67,no,7
4188,1770687928,2026-02-09T17:45:28,33,67,no,5
4189,1770687928,2026-02-09T17:45:28,33,67,no,14
4190,1770687930,2026-02-09T17:45:30,34,66,yes,3
4191,1770687930,2026-02-09T17:45:30,33,67,no,10
4192,1770687931,2026-02-09T17:45:31,34,66,yes,14
4193,1770687931,2026-02-09T17:45:31,34,66,yes,2
4194,1770687931,2026-02-09T17:45:31,33,67,no,1121
4195,1770687931,2026-02-09T17:45:31,33,67,no,12
4196,1770687931,2026-02-09T17:45:31,32,68,no,113
4197,1770687931,2026-02-09T17:45:31,32,68,no,1052
4198,1770687933,2026-02-09T17:45:33,33,67,no,1145
4199,1770687933,2026-02-09T17:45:33,33,67,no,13
4200,1770687933,2026-02-09T17:45:33,33,67,no,1816
4201,1770687934,2026-02-09T17:45:34,34,66,yes,2
4202,1770687934,2026-02-09T17:45:34,34,66,yes,4
4203,1770687935,2026-02-09T17:45:35,34,66,yes,3
4204,1770687936,2026-02-09T17:45:36,34,66,yes,6
4205,1770687936,2026-02-09T17:45:36,34,66,yes,2
4206,1770687937,2026-02-09T17:45:37,35,65,yes,27
4207,1770687937,2026-02-09T17:45:37,34,66,no,32
4208,1770687937,2026-02-09T17:45:37,34,66,no,13
4209,1770687937,2026-02-09T17:45:37,34,66,no,1222
4210,1770687937,2026-02-09T17:45:37,33,67,no,131
4211,1770687938,2026-02-09T17:45:38,35,65,yes,63
4212,1770687938,2026-02-09T17:45:38,35,65,yes,65
4213,1770687938,2026-02-09T17:45:38,35,65,yes,4
4214,1770687938,2026-02-09T17:45:38,35,65,yes,2
4215,1770687938,2026-02-09T17:45:38,35,65,yes,2
4216,1770687938,2026-02-09T17:45:38,35,65,yes,14
4217,1770687938,2026-02-09T17:45:38,35,65,yes,123
4218,1770687939,2026-02-09T17:45:39,34,66,yes,2
4219,1770687939,2026-02-09T17:45:39,34,66,yes,13
4220,1770687939,2026-02-09T17:45:39,34,66,yes,103
4221,1770687939,2026-02-09T17:45:39,34,66,yes,25
4222,1770687940,2026-02-09T17:45:40,34,66,yes,27
4223,1770687940,2026-02-09T17:45:40,33,67,no,14
4224,1770687940,2026-02-09T17:45:40,33,67,no,43
4225,1770687941,2026-02-09T17:45:41,34,66,yes,14
4226,1770687941,2026-02-09T17:45:41,34,66,yes,2
4227,1770687941,2026-02-09T17:45:41,33,67,no,64
4228,1770687941,2026-02-09T17:45:41,34,66,yes,44
4229,1770687942,2026-02-09T17:45:42,34,66,yes,8
4230,1770687942,2026-02-09T17:45:42,34,66,yes,6
4231,1770687942,2026-02-09T17:45:42,34,66,yes,2
4232,1770687945,2026-02-09T17:45:45,35,65,yes,131
4233,1770687945,2026-02-09T17:45:45,35,65,yes,27
4234,1770687946,2026-02-09T17:45:46,35,65,yes,52
4235,1770687946,2026-02-09T17:45:46,35,65,yes,14
4236,1770687946,2026-02-09T17:45:46,35,65,yes,13
4237,1770687947,2026-02-09T17:45:47,35,65,yes,27
4238,1770687947,2026-02-09T17:45:47,35,65,yes,10
4239,1770687948,2026-02-09T17:45:48,35,65,yes,17
4240,1770687951,2026-02-09T17:45:51,35,65,yes,500
4241,1770687953,2026-02-09T17:45:53,35,65,yes,8
4242,1770687953,2026-02-09T17:45:53,35,65,yes,5
4243,1770687953,2026-02-09T17:45:53,34,66,no,12
4244,1770687953,2026-02-09T17:45:53,33,67,no,150
4245,1770687953,2026-02-09T17:45:53,35,65,yes,204
4246,1770687954,2026-02-09T17:45:54,35,65,yes,1
4247,1770687955,2026-02-09T17:45:55,33,67,no,22
4248,1770687955,2026-02-09T17:45:55,35,65,yes,13
4249,1770687955,2026-02-09T17:45:55,35,65,yes,2
4250,1770687956,2026-02-09T17:45:56,35,65,yes,5
4251,1770687956,2026-02-09T17:45:56,35,65,yes,136
4252,1770687958,2026-02-09T17:45:58,35,65,yes,13
4253,1770687960,2026-02-09T17:46:00,35,65,yes,6
4254,1770687962,2026-02-09T17:46:02,35,65,yes,16
4255,1770687962,2026-02-09T17:46:02,34,66,no,8
4256,1770687963,2026-02-09T17:46:03,35,65,yes,22
4257,1770687963,2026-02-09T17:46:03,35,65,yes,32
4258,1770687964,2026-02-09T17:46:04,35,65,yes,68
4259,1770687965,2026-02-09T17:46:05,35,65,yes,1
4260,1770687966,2026-02-09T17:46:06,35,65,yes,8
4261,1770687967,2026-02-09T17:46:07,35,65,yes,8
4262,1770687967,2026-02-09T17:46:07,35,65,yes,26
4263,1770687968,2026-02-09T17:46:08,34,66,no,5
4264,1770687968,2026-02-09T17:46:08,34,66,no,1
4265,1770687968,2026-02-09T17:46:08,35,65,yes,13
4266,1770687969,2026-02-09T17:46:09,35,65,yes,2
4267,1770687969,2026-02-09T17:46:09,35,65,yes,6
4268,1770687971,2026-02-09T17:46:11,35,65,yes,27
4269,1770687973,2026-02-09T17:46:13,35,65,yes,68
4270,1770687974,2026-02-09T17:46:14,34,66,no,14
4271,1770687974,2026-02-09T17:46:14,34,66,yes,16
4272,1770687974,2026-02-09T17:46:14,33,67,no,14
4273,1770687975,2026-02-09T17:46:15,33,67,yes,52
4274,1770687979,2026-02-09T17:46:19,33,67,yes,43
4275,1770687982,2026-02-09T17:46:22,32,68,no,206
4276,1770687984,2026-02-09T17:46:24,32,68,no,36
4277,1770687985,2026-02-09T17:46:25,33,67,yes,13
4278,1770687985,2026-02-09T17:46:25,33,67,yes,44
4279,1770687985,2026-02-09T17:46:25,33,67,yes,5
4280,1770687985,2026-02-09T17:46:25,33,67,yes,22
4281,1770687985,2026-02-09T17:46:25,33,67,yes,7
4282,1770687985,2026-02-09T17:46:25,33,67,yes,28
4283,1770687986,2026-02-09T17:46:26,33,67,yes,142
4284,1770687987,2026-02-09T17:46:27,32,68,no,22
4285,1770687987,2026-02-09T17:46:27,33,67,yes,14
4286,1770687989,2026-02-09T17:46:29,33,67,yes,14
4287,1770687989,2026-02-09T17:46:29,34,66,yes,50
4288,1770687989,2026-02-09T17:46:29,34,66,yes,1
4289,1770687992,2026-02-09T17:46:32,34,66,yes,16
4290,1770687992,2026-02-09T17:46:32,34,66,yes,13
4291,1770687993,2026-02-09T17:46:33,34,66,yes,1616
4292,1770687993,2026-02-09T17:46:33,33,67,no,10
4293,1770687993,2026-02-09T17:46:33,33,67,no,4
4294,1770687993,2026-02-09T17:46:33,33,67,no,56
4295,1770687994,2026-02-09T17:46:34,34,66,yes,274
4296,1770687997,2026-02-09T17:46:37,34,66,yes,5
4297,1770687997,2026-02-09T17:46:37,34,66,yes,14
4298,1770687998,2026-02-09T17:46:38,34,66,yes,1
4299,1770688000,2026-02-09T17:46:40,34,66,yes,3
4300,1770688000,2026-02-09T17:46:40,34,66,yes,8
4301,1770688000,2026-02-09T17:46:40,34,66,yes,6
4302,1770688000,2026-02-09T17:46:40,33,67,no,13
4303,1770688001,2026-02-09T17:46:41,33,67,no,70
4304,1770688001,2026-02-09T17:46:41,33,67,no,13
4305,1770688001,2026-02-09T17:46:41,33,67,no,13
4306,1770688001,2026-02-09T17:46:41,32,68,no,119
4307,1770688001,2026-02-09T17:46:41,34,66,yes,5
4308,1770688002,2026-02-09T17:46:42,34,66,yes,10
4309,1770688003,2026-02-09T17:46:43,34,66,yes,1
4310,1770688004,2026-02-09T17:46:44,34,66,yes,1
4311,1770688004,2026-02-09T17:46:44,35,65,yes,13
4312,1770688004,2026-02-09T17:46:44,35,65,yes,5
4313,1770688004,2026-02-09T17:46:44,35,65,yes,3
4314,1770688004,2026-02-09T17:46:44,35,65,yes,34
4315,1770688004,2026-02-09T17:46:44,34,66,no,150
4316,1770688004,2026-02-09T17:46:44,34,66,no,300
4317,1770688004,2026-02-09T17:46:44,34,66,no,13
4318,1770688004,2026-02-09T17:46:44,33,67,no,266
4319,1770688005,2026-02-09T17:46:45,35,65,yes,5
4320,1770688005,2026-02-09T17:46:45,35,65,yes,5
4321,1770688006,2026-02-09T17:46:46,35,65,yes,8
4322,1770688006,2026-02-09T17:46:46,35,65,yes,1
4323,1770688006,2026-02-09T17:46:46,35,65,yes,12
4324,1770688007,2026-02-09T17:46:47,35,65,yes,16
4325,1770688007,2026-02-09T17:46:47,35,65,yes,2
4326,1770688007,2026-02-09T17:46:47,35,65,yes,11
4327,1770688007,2026-02-09T17:46:47,35,65,yes,1
4328,1770688009,2026-02-09T17:46:49,35,65,yes,13
4329,1770688010,2026-02-09T17:46:50,34,66,no,16
4330,1770688011,2026-02-09T17:46:51,35,65,yes,1
4331,1770688011,2026-02-09T17:46:51,36,64,yes,417
4332,1770688012,2026-02-09T17:46:52,35,65,yes,3
4333,1770688012,2026-02-09T17:46:52,35,65,yes,97
4334,1770688012,2026-02-09T17:46:52,35,65,yes,12
4335,1770688012,2026-02-09T17:46:52,36,64,yes,156
4336,1770688015,2026-02-09T17:46:55,36,64,yes,3
4337,1770688015,2026-02-09T17:46:55,36,64,yes,31
4338,1770688016,2026-02-09T17:46:56,35,65,no,20
4339,1770688017,2026-02-09T17:46:57,36,64,yes,13
4340,1770688018,2026-02-09T17:46:58,36,64,yes,263
4341,1770688019,2026-02-09T17:46:59,36,64,yes,65
4342,1770688021,2026-02-09T17:47:01,36,64,yes,26
4343,1770688022,2026-02-09T17:47:02,35,65,no,12
4344,1770688026,2026-02-09T17:47:06,35,65,yes,4
4345,1770688026,2026-02-09T17:47:06,35,65,yes,2
4346,1770688026,2026-02-09T17:47:06,35,65,yes,34
4347,1770688028,2026-02-09T17:47:08,35,65,yes,2
4348,1770688028,2026-02-09T17:47:08,35,65,yes,2
4349,1770688028,2026-02-09T17:47:08,36,64,yes,1
4350,1770688028,2026-02-09T17:47:08,36,64,yes,21
4351,1770688028,2026-02-09T17:47:08,36,64,yes,2
4352,1770688028,2026-02-09T17:47:08,36,64,yes,5
4353,1770688028,2026-02-09T17:47:08,35,65,yes,162
4354,1770688029,2026-02-09T17:47:09,34,66,no,13
4355,1770688029,2026-02-09T17:47:09,34,66,no,223
4356,1770688029,2026-02-09T17:47:09,35,65,yes,6
4357,1770688030,2026-02-09T17:47:10,35,65,yes,202
4358,1770688031,2026-02-09T17:47:11,35,65,yes,12
4359,1770688031,2026-02-09T17:47:11,35,65,yes,21
4360,1770688034,2026-02-09T17:47:14,35,65,yes,27
4361,1770688034,2026-02-09T17:47:14,35,65,yes,273
4362,1770688035,2026-02-09T17:47:15,35,65,yes,27
4363,1770688041,2026-02-09T17:47:21,35,65,yes,13
4364,1770688042,2026-02-09T17:47:22,34,66,no,14
4365,1770688042,2026-02-09T17:47:22,34,66,no,351
4366,1770688043,2026-02-09T17:47:23,35,65,yes,1
4367,1770688045,2026-02-09T17:47:25,36,64,yes,14
4368,1770688045,2026-02-09T17:47:25,37,63,yes,2
4369,1770688045,2026-02-09T17:47:25,37,63,yes,1452
4370,1770688045,2026-02-09T17:47:25,37,63,yes,2
4371,1770688045,2026-02-09T17:47:25,37,63,yes,1118
4372,1770688045,2026-02-09T17:47:25,35,65,no,14
4373,1770688047,2026-02-09T17:47:27,35,65,yes,86
4374,1770688047,2026-02-09T17:47:27,35,65,yes,12
4375,1770688049,2026-02-09T17:47:29,36,64,yes,14
4376,1770688050,2026-02-09T17:47:30,36,64,no,50
4377,1770688052,2026-02-09T17:47:32,38,62,yes,1
4378,1770688052,2026-02-09T17:47:32,38,62,yes,1
4379,1770688054,2026-02-09T17:47:34,38,62,yes,11
4380,1770688054,2026-02-09T17:47:34,38,62,yes,70
4381,1770688054,2026-02-09T17:47:34,38,62,yes,42
4382,1770688055,2026-02-09T17:47:35,38,62,yes,5
4383,1770688056,2026-02-09T17:47:36,38,62,yes,37
4384,1770688057,2026-02-09T17:47:37,38,62,yes,250
4385,1770688059,2026-02-09T17:47:39,38,62,yes,13
4386,1770688060,2026-02-09T17:47:40,38,62,yes,35
4387,1770688061,2026-02-09T17:47:41,38,62,yes,25
4388,1770688061,2026-02-09T17:47:41,36,64,no,6
4389,1770688061,2026-02-09T17:47:41,36,64,no,40
4390,1770688062,2026-02-09T17:47:42,38,62,yes,12
4391,1770688062,2026-02-09T17:47:42,38,62,yes,50
4392,1770688062,2026-02-09T17:47:42,38,62,yes,25
4393,1770688062,2026-02-09T17:47:42,38,62,yes,48
4394,1770688065,2026-02-09T17:47:45,38,62,yes,126
4395,1770688066,2026-02-09T17:47:46,38,62,yes,4
4396,1770688067,2026-02-09T17:47:47,38,62,yes,400
4397,1770688069,2026-02-09T17:47:49,39,61,yes,12
4398,1770688070,2026-02-09T17:47:50,39,61,yes,1
4399,1770688070,2026-02-09T17:47:50,38,62,no,10
4400,1770688070,2026-02-09T17:47:50,39,61,yes,49
4401,1770688074,2026-02-09T17:47:54,39,61,yes,38
4402,1770688074,2026-02-09T17:47:54,39,61,yes,84
4403,1770688076,2026-02-09T17:47:56,38,62,no,3
4404,1770688076,2026-02-09T17:47:56,39,61,yes,2
4405,1770688078,2026-02-09T17:47:58,39,61,yes,1503
4406,1770688078,2026-02-09T17:47:58,38,62,no,1
4407,1770688078,2026-02-09T17:47:58,38,62,no,13
4408,1770688080,2026-02-09T17:48:00,38,62,yes,536
4409,1770688081,2026-02-09T17:48:01,36,64,no,12
4410,1770688081,2026-02-09T17:48:01,36,64,no,20
4411,1770688081,2026-02-09T17:48:01,36,64,no,20
4412,1770688081,2026-02-09T17:48:01,34,66,no,12
4413,1770688081,2026-02-09T17:48:01,33,67,yes,15
4414,1770688081,2026-02-09T17:48:01,33,67,yes,132
4415,1770688082,2026-02-09T17:48:02,33,67,yes,3
4416,1770688083,2026-02-09T17:48:03,33,67,yes,8
4417,1770688083,2026-02-09T17:48:03,33,67,yes,9
4418,1770688083,2026-02-09T17:48:03,33,67,yes,53
4419,1770688083,2026-02-09T17:48:03,33,67,yes,8
4420,1770688084,2026-02-09T17:48:04,33,67,yes,43
4421,1770688084,2026-02-09T17:48:04,33,67,yes,15
4422,1770688085,2026-02-09T17:48:05,33,67,yes,14
4423,1770688085,2026-02-09T17:48:05,33,67,yes,28
4424,1770688085,2026-02-09T17:48:05,33,67,yes,5
4425,1770688085,2026-02-09T17:48:05,33,67,yes,71
4426,1770688085,2026-02-09T17:48:05,33,67,yes,5
4427,1770688086,2026-02-09T17:48:06,33,67,yes,72
4428,1770688088,2026-02-09T17:48:08,33,67,yes,57
4429,1770688092,2026-02-09T17:48:12,32,68,no,95
4430,1770688094,2026-02-09T17:48:14,32,68,no,9
4431,1770688094,2026-02-09T17:48:14,33,67,yes,12
4432,1770688094,2026-02-09T17:48:14,33,67,yes,132
4433,1770688095,2026-02-09T17:48:15,33,67,yes,144
4434,1770688095,2026-02-09T17:48:15,33,67,yes,4
4435,1770688095,2026-02-09T17:48:15,33,67,yes,45
4436,1770688096,2026-02-09T17:48:16,33,67,yes,14
4437,1770688096,2026-02-09T17:48:16,33,67,yes,428
4438,1770688097,2026-02-09T17:48:17,33,67,yes,14
4439,1770688098,2026-02-09T17:48:18,33,67,yes,28
4440,1770688099,2026-02-09T17:48:19,32,68,no,10
4441,1770688100,2026-02-09T17:48:20,33,67,yes,28
4442,1770688100,2026-02-09T17:48:20,33,67,yes,82
4443,1770688101,2026-02-09T17:48:21,33,67,yes,43
4444,1770688102,2026-02-09T17:48:22,33,67,yes,57
4445,1770688102,2026-02-09T17:48:22,33,67,yes,5
4446,1770688102,2026-02-09T17:48:22,33,67,yes,28
4447,1770688103,2026-02-09T17:48:23,33,67,yes,5
4448,1770688103,2026-02-09T17:48:23,32,68,no,13
4449,1770688103,2026-02-09T17:48:23,32,68,no,11
4450,1770688103,2026-02-09T17:48:23,33,67,yes,28
4451,1770688103,2026-02-09T17:48:23,33,67,yes,55
4452,1770688105,2026-02-09T17:48:25,33,67,yes,14
4453,1770688105,2026-02-09T17:48:25,33,67,yes,5
4454,1770688105,2026-02-09T17:48:25,33,67,yes,14
4455,1770688105,2026-02-09T17:48:25,33,67,yes,131
4456,1770688105,2026-02-09T17:48:25,33,67,yes,1304
4457,1770688105,2026-02-09T17:48:25,33,67,yes,1304
4458,1770688105,2026-02-09T17:48:25,33,67,yes,14
4459,1770688105,2026-02-09T17:48:25,33,67,yes,5000
4460,1770688105,2026-02-09T17:48:25,32,68,no,188
4461,1770688105,2026-02-09T17:48:25,33,67,yes,6
4462,1770688105,2026-02-09T17:48:25,34,66,yes,2
4463,1770688106,2026-02-09T17:48:26,34,66,yes,13
4464,1770688111,2026-02-09T17:48:31,35,65,yes,13
4465,1770688113,2026-02-09T17:48:33,36,64,yes,3
4466,1770688113,2026-02-09T17:48:33,36,64,yes,4
4467,1770688113,2026-02-09T17:48:33,36,64,yes,3
4468,1770688113,2026-02-09T17:48:33,36,64,yes,2
4469,1770688113,2026-02-09T17:48:33,36,64,yes,2
4470,1770688113,2026-02-09T17:48:33,36,64,yes,19
4471,1770688113,2026-02-09T17:48:33,36,64,yes,6
4472,1770688115,2026-02-09T17:48:35,36,64,yes,132
4473,1770688115,2026-02-09T17:48:35,36,64,yes,26
4474,1770688115,2026-02-09T17:48:35,36,64,yes,7
4475,1770688115,2026-02-09T17:48:35,36,64,yes,2
4476,1770688116,2026-02-09T17:48:36,35,65,no,3
4477,1770688116,2026-02-09T17:48:36,35,65,no,4
4478,1770688116,2026-02-09T17:48:36,35,65,no,12
4479,1770688116,2026-02-09T17:48:36,36,64,yes,7
4480,1770688116,2026-02-09T17:48:36,36,64,yes,3
4481,1770688116,2026-02-09T17:48:36,36,64,yes,2
4482,1770688116,2026-02-09T17:48:36,36,64,yes,1
4483,1770688116,2026-02-09T17:48:36,36,64,yes,1
4484,1770688116,2026-02-09T17:48:36,36,64,yes,10
4485,1770688116,2026-02-09T17:48:36,36,64,yes,16
4486,1770688116,2026-02-09T17:48:36,36,64,yes,26
4487,1770688116,2026-02-09T17:48:36,36,64,yes,15
4488,1770688116,2026-02-09T17:48:36,36,64,yes,9
4489,1770688116,2026-02-09T17:48:36,36,64,yes,14
4490,1770688116,2026-02-09T17:48:36,36,64,yes,15
4491,1770688118,2026-02-09T17:48:38,36,64,yes,3
4492,1770688118,2026-02-09T17:48:38,36,64,yes,66
4493,1770688118,2026-02-09T17:48:38,37,63,yes,2
4494,1770688122,2026-02-09T17:48:42,37,63,yes,64
4495,1770688122,2026-02-09T17:48:42,37,63,yes,3
4496,1770688123,2026-02-09T17:48:43,36,64,no,12
4497,1770688124,2026-02-09T17:48:44,37,63,yes,129
4498,1770688124,2026-02-09T17:48:44,37,63,yes,64
4499,1770688125,2026-02-09T17:48:45,37,63,yes,10
4500,1770688127,2026-02-09T17:48:47,37,63,yes,25
4501,1770688128,2026-02-09T17:48:48,37,63,yes,20
4502,1770688129,2026-02-09T17:48:49,37,63,yes,90
4503,1770688129,2026-02-09T17:48:49,36,64,no,4
4504,1770688129,2026-02-09T17:48:49,37,63,yes,1
4505,1770688130,2026-02-09T17:48:50,37,63,yes,146
4506,1770688130,2026-02-09T17:48:50,37,63,yes,3
4507,1770688130,2026-02-09T17:48:50,37,63,yes,5
4508,1770688131,2026-02-09T17:48:51,37,63,yes,10
4509,1770688131,2026-02-09T17:48:51,36,64,no,14
4510,1770688131,2026-02-09T17:48:51,36,64,no,90
4511,1770688132,2026-02-09T17:48:52,37,63,yes,64
4512,1770688134,2026-02-09T17:48:54,37,63,yes,1
4513,1770688134,2026-02-09T17:48:54,37,63,yes,13
4514,1770688134,2026-02-09T17:48:54,37,63,yes,37
4515,1770688135,2026-02-09T17:48:55,37,63,yes,12
4516,1770688135,2026-02-09T17:48:55,37,63,yes,54
4517,1770688135,2026-02-09T17:48:55,37,63,yes,14
4518,1770688136,2026-02-09T17:48:56,37,63,yes,25
4519,1770688137,2026-02-09T17:48:57,37,63,yes,644
4520,1770688137,2026-02-09T17:48:57,37,63,yes,786
4521,1770688137,2026-02-09T17:48:57,37,63,yes,12
4522,1770688137,2026-02-09T17:48:57,37,63,yes,233
4523,1770688138,2026-02-09T17:48:58,37,63,yes,207
4524,1770688138,2026-02-09T17:48:58,37,63,yes,5
4525,1770688139,2026-02-09T17:48:59,37,63,yes,64
4526,1770688139,2026-02-09T17:48:59,37,63,yes,126
4527,1770688140,2026-02-09T17:49:00,37,63,yes,25
4528,1770688141,2026-02-09T17:49:01,36,64,no,2
4529,1770688141,2026-02-09T17:49:01,37,63,yes,2
4530,1770688141,2026-02-09T17:49:01,37,63,yes,64
4531,1770688142,2026-02-09T17:49:02,36,64,no,12
4532,1770688142,2026-02-09T17:49:02,36,64,no,12
4533,1770688142,2026-02-09T17:49:02,36,64,no,73
4534,1770688144,2026-02-09T17:49:04,37,63,yes,50
4535,1770688145,2026-02-09T17:49:05,36,64,no,13
4536,1770688145,2026-02-09T17:49:05,36,64,no,399
4537,1770688146,2026-02-09T17:49:06,37,63,yes,1
4538,1770688148,2026-02-09T17:49:08,36,64,no,14
4539,1770688148,2026-02-09T17:49:08,36,64,yes,12
4540,1770688148,2026-02-09T17:49:08,36,64,yes,26
4541,1770688149,2026-02-09T17:49:09,36,64,yes,7
4542,1770688150,2026-02-09T17:49:10,36,64,yes,128
4543,1770688150,2026-02-09T17:49:10,36,64,yes,14
4544,1770688150,2026-02-09T17:49:10,37,63,yes,11
4545,1770688150,2026-02-09T17:49:10,35,65,no,20
4546,1770688151,2026-02-09T17:49:11,37,63,yes,310
4547,1770688151,2026-02-09T17:49:11,35,65,no,28
4548,1770688154,2026-02-09T17:49:14,35,65,no,66
4549,1770688154,2026-02-09T17:49:14,37,63,yes,12
4550,1770688154,2026-02-09T17:49:14,35,65,no,21
4551,1770688154,2026-02-09T17:49:14,37,63,yes,5
4552,1770688154,2026-02-09T17:49:14,37,63,yes,5
4553,1770688154,2026-02-09T17:49:14,35,65,no,15
4554,1770688154,2026-02-09T17:49:14,35,65,no,66
4555,1770688154,2026-02-09T17:49:14,37,63,yes,38
4556,1770688156,2026-02-09T17:49:16,37,63,yes,64
4557,1770688156,2026-02-09T17:49:16,36,64,no,13
4558,1770688156,2026-02-09T17:49:16,36,64,no,8
4559,1770688158,2026-02-09T17:49:18,37,63,yes,25
4560,1770688158,2026-02-09T17:49:18,36,64,no,114
4561,1770688158,2026-02-09T17:49:18,37,63,yes,25
4562,1770688159,2026-02-09T17:49:19,36,64,no,208
4563,1770688161,2026-02-09T17:49:21,37,63,yes,12
4564,1770688162,2026-02-09T17:49:22,37,63,yes,5
4565,1770688162,2026-02-09T17:49:22,37,63,yes,4
4566,1770688162,2026-02-09T17:49:22,37,63,yes,51
4567,1770688163,2026-02-09T17:49:23,37,63,yes,5
4568,1770688165,2026-02-09T17:49:25,37,63,yes,20
4569,1770688165,2026-02-09T17:49:25,36,64,no,13
4570,1770688165,2026-02-09T17:49:25,35,65,no,38
4571,1770688166,2026-02-09T17:49:26,35,65,no,15
4572,1770688166,2026-02-09T17:49:26,36,64,yes,53
4573,1770688170,2026-02-09T17:49:30,35,65,no,1
4574,1770688171,2026-02-09T17:49:31,36,64,yes,13
4575,1770688171,2026-02-09T17:49:31,37,63,yes,52
4576,1770688173,2026-02-09T17:49:33,35,65,no,180
4577,1770688173,2026-02-09T17:49:33,35,65,no,20
4578,1770688173,2026-02-09T17:49:33,37,63,yes,20
4579,1770688173,2026-02-09T17:49:33,35,65,no,130
4580,1770688173,2026-02-09T17:49:33,35,65,no,14
4581,1770688173,2026-02-09T17:49:33,35,65,no,19
4582,1770688174,2026-02-09T17:49:34,37,63,yes,51
4583,1770688175,2026-02-09T17:49:35,35,65,no,1
4584,1770688176,2026-02-09T17:49:36,37,63,yes,25
4585,1770688176,2026-02-09T17:49:36,37,63,yes,121
4586,1770688177,2026-02-09T17:49:37,36,64,no,7
4587,1770688180,2026-02-09T17:49:40,36,64,no,7
4588,1770688180,2026-02-09T17:49:40,36,64,no,201
4589,1770688181,2026-02-09T17:49:41,36,64,no,14
4590,1770688181,2026-02-09T17:49:41,35,65,no,222
4591,1770688182,2026-02-09T17:49:42,37,63,yes,200
4592,1770688182,2026-02-09T17:49:42,37,63,yes,25
4593,1770688183,2026-02-09T17:49:43,37,63,yes,63
4594,1770688183,2026-02-09T17:49:43,35,65,no,32
4595,1770688183,2026-02-09T17:49:43,36,64,yes,1
4596,1770688183,2026-02-09T17:49:43,36,64,yes,11
4597,1770688184,2026-02-09T17:49:44,36,64,yes,1
4598,1770688184,2026-02-09T17:49:44,36,64,yes,37
4599,1770688185,2026-02-09T17:49:45,36,64,yes,13
4600,1770688186,2026-02-09T17:49:46,35,65,no,5
4601,1770688186,2026-02-09T17:49:46,35,65,no,50
4602,1770688187,2026-02-09T17:49:47,36,64,yes,87
4603,1770688189,2026-02-09T17:49:49,36,64,yes,13
4604,1770688189,2026-02-09T17:49:49,36,64,yes,53
4605,1770688189,2026-02-09T17:49:49,36,64,yes,186
4606,1770688189,2026-02-09T17:49:49,36,64,yes,63
4607,1770688190,2026-02-09T17:49:50,36,64,yes,13
4608,1770688190,2026-02-09T17:49:50,36,64,yes,66
4609,1770688190,2026-02-09T17:49:50,35,65,no,38
4610,1770688190,2026-02-09T17:49:50,36,64,yes,109
4611,1770688190,2026-02-09T17:49:50,35,65,no,47
4612,1770688192,2026-02-09T17:49:52,36,64,yes,1
4613,1770688192,2026-02-09T17:49:52,36,64,yes,2
4614,1770688193,2026-02-09T17:49:53,36,64,yes,129
4615,1770688194,2026-02-09T17:49:54,35,65,no,10
4616,1770688194,2026-02-09T17:49:54,35,65,no,13
4617,1770688194,2026-02-09T17:49:54,35,65,no,82
4618,1770688194,2026-02-09T17:49:54,35,65,no,82
4619,1770688194,2026-02-09T17:49:54,35,65,no,113
4620,1770688194,2026-02-09T17:49:54,36,64,yes,39
4621,1770688195,2026-02-09T17:49:55,35,65,no,42
4622,1770688197,2026-02-09T17:49:57,35,65,no,75
4623,1770688198,2026-02-09T17:49:58,36,64,yes,93
4624,1770688198,2026-02-09T17:49:58,35,65,no,38
4625,1770688201,2026-02-09T17:50:01,36,64,yes,76
4626,1770688201,2026-02-09T17:50:01,36,64,yes,23
4627,1770688202,2026-02-09T17:50:02,36,64,yes,18
4628,1770688202,2026-02-09T17:50:02,35,65,no,100
4629,1770688203,2026-02-09T17:50:03,35,65,no,12
4630,1770688205,2026-02-09T17:50:05,35,65,no,10
4631,1770688205,2026-02-09T17:50:05,35,65,no,15
4632,1770688205,2026-02-09T17:50:05,36,64,yes,7
4633,1770688205,2026-02-09T17:50:05,36,64,yes,26
4634,1770688206,2026-02-09T17:50:06,36,64,yes,26
4635,1770688207,2026-02-09T17:50:07,36,64,yes,160
4636,1770688207,2026-02-09T17:50:07,35,65,no,30
4637,1770688207,2026-02-09T17:50:07,36,64,yes,26
4638,1770688207,2026-02-09T17:50:07,35,65,no,4
4639,1770688208,2026-02-09T17:50:08,35,65,no,51
4640,1770688209,2026-02-09T17:50:09,36,64,yes,2
4641,1770688209,2026-02-09T17:50:09,35,65,no,9
4642,1770688210,2026-02-09T17:50:10,35,65,no,103
4643,1770688211,2026-02-09T17:50:11,36,64,yes,47
4644,1770688211,2026-02-09T17:50:11,36,64,yes,850
4645,1770688211,2026-02-09T17:50:11,36,64,yes,432
4646,1770688213,2026-02-09T17:50:13,36,64,yes,14
4647,1770688213,2026-02-09T17:50:13,36,64,yes,12
4648,1770688213,2026-02-09T17:50:13,36,64,yes,1
4649,1770688213,2026-02-09T17:50:13,36,64,yes,132
4650,1770688214,2026-02-09T17:50:14,36,64,yes,10
4651,1770688214,2026-02-09T17:50:14,36,64,yes,3
4652,1770688216,2026-02-09T17:50:16,36,64,yes,100
4653,1770688217,2026-02-09T17:50:17,36,64,yes,26
4654,1770688217,2026-02-09T17:50:17,35,65,no,9
4655,1770688218,2026-02-09T17:50:18,36,64,yes,25
4656,1770688219,2026-02-09T17:50:19,35,65,no,24
4657,1770688219,2026-02-09T17:50:19,35,65,no,150
4658,1770688219,2026-02-09T17:50:19,35,65,no,12
4659,1770688219,2026-02-09T17:50:19,35,65,no,861
4660,1770688219,2026-02-09T17:50:19,35,65,no,3037
4661,1770688222,2026-02-09T17:50:22,36,64,yes,13
4662,1770688222,2026-02-09T17:50:22,36,64,yes,26
4663,1770688225,2026-02-09T17:50:25,36,64,yes,132
4664,1770688227,2026-02-09T17:50:27,36,64,yes,26
4665,1770688230,2026-02-09T17:50:30,35,65,no,13
4666,1770688230,2026-02-09T17:50:30,35,65,no,9
4667,1770688230,2026-02-09T17:50:30,35,65,no,99
4668,1770688232,2026-02-09T17:50:32,36,64,yes,61
4669,1770688234,2026-02-09T17:50:34,36,64,yes,7
4670,1770688237,2026-02-09T17:50:37,36,64,yes,38
4671,1770688237,2026-02-09T17:50:37,36,64,yes,79
4672,1770688240,2026-02-09T17:50:40,36,64,yes,26
4673,1770688240,2026-02-09T17:50:40,36,64,yes,16
4674,1770688241,2026-02-09T17:50:41,35,65,no,5
4675,1770688242,2026-02-09T17:50:42,35,65,no,14
4676,1770688243,2026-02-09T17:50:43,35,65,no,2
4677,1770688244,2026-02-09T17:50:44,36,64,yes,39
4678,1770688245,2026-02-09T17:50:45,35,65,no,21
4679,1770688245,2026-02-09T17:50:45,35,65,no,4
4680,1770688246,2026-02-09T17:50:46,35,65,no,4
4681,1770688247,2026-02-09T17:50:47,36,64,yes,13
4682,1770688248,2026-02-09T17:50:48,36,64,yes,40
4683,1770688248,2026-02-09T17:50:48,36,64,yes,13
4684,1770688249,2026-02-09T17:50:49,36,64,yes,25
4685,1770688251,2026-02-09T17:50:51,36,64,yes,13
4686,1770688252,2026-02-09T17:50:52,36,64,yes,384
4687,1770688253,2026-02-09T17:50:53,36,64,yes,53
4688,1770688254,2026-02-09T17:50:54,36,64,yes,13
4689,1770688254,2026-02-09T17:50:54,36,64,yes,13
4690,1770688258,2026-02-09T17:50:58,35,65,no,47
4691,1770688259,2026-02-09T17:50:59,36,64,yes,6
4692,1770688261,2026-02-09T17:51:01,36,64,yes,100
4693,1770688262,2026-02-09T17:51:02,36,64,yes,52
4694,1770688263,2026-02-09T17:51:03,36,64,yes,202
4695,1770688263,2026-02-09T17:51:03,36,64,yes,13
4696,1770688263,2026-02-09T17:51:03,36,64,yes,50
4697,1770688263,2026-02-09T17:51:03,36,64,yes,513
4698,1770688264,2026-02-09T17:51:04,36,64,yes,12
4699,1770688264,2026-02-09T17:51:04,37,63,yes,12
4700,1770688265,2026-02-09T17:51:05,37,63,yes,7
4701,1770688266,2026-02-09T17:51:06,37,63,yes,2
4702,1770688266,2026-02-09T17:51:06,37,63,yes,5
4703,1770688267,2026-02-09T17:51:07,37,63,yes,1
4704,1770688268,2026-02-09T17:51:08,37,63,yes,25
4705,1770688269,2026-02-09T17:51:09,37,63,yes,38
4706,1770688270,2026-02-09T17:51:10,36,64,no,14
4707,1770688270,2026-02-09T17:51:10,35,65,no,150
4708,1770688270,2026-02-09T17:51:10,35,65,no,70
4709,1770688270,2026-02-09T17:51:10,35,65,no,366
4710,1770688273,2026-02-09T17:51:13,37,63,yes,12
4711,1770688273,2026-02-09T17:51:13,37,63,yes,129
4712,1770688273,2026-02-09T17:51:13,36,64,no,14
4713,1770688274,2026-02-09T17:51:14,37,63,yes,12
4714,1770688277,2026-02-09T17:51:17,36,64,yes,35
4715,1770688277,2026-02-09T17:51:17,36,64,yes,12
4716,1770688277,2026-02-09T17:51:17,36,64,yes,148
4717,1770688277,2026-02-09T17:51:17,36,64,yes,5
4718,1770688278,2026-02-09T17:51:18,36,64,yes,13
4719,1770688279,2026-02-09T17:51:19,36,64,yes,7
4720,1770688279,2026-02-09T17:51:19,36,64,yes,53
4721,1770688280,2026-02-09T17:51:20,36,64,yes,13
4722,1770688280,2026-02-09T17:51:20,36,64,yes,36
4723,1770688280,2026-02-09T17:51:20,36,64,yes,26
4724,1770688280,2026-02-09T17:51:20,36,64,yes,13
4725,1770688281,2026-02-09T17:51:21,36,64,yes,7
4726,1770688281,2026-02-09T17:51:21,36,64,yes,39
4727,1770688282,2026-02-09T17:51:22,36,64,yes,2
4728,1770688283,2026-02-09T17:51:23,35,65,no,150
4729,1770688283,2026-02-09T17:51:23,35,65,no,273
4730,1770688283,2026-02-09T17:51:23,36,64,yes,7
4731,1770688285,2026-02-09T17:51:25,36,64,yes,12
4732,1770688287,2026-02-09T17:51:27,35,65,no,75
4733,1770688288,2026-02-09T17:51:28,37,63,yes,26
4734,1770688290,2026-02-09T17:51:30,37,63,yes,25
4735,1770688292,2026-02-09T17:51:32,37,63,yes,64
4736,1770688293,2026-02-09T17:51:33,37,63,yes,5
4737,1770688295,2026-02-09T17:51:35,37,63,yes,100
4738,1770688295,2026-02-09T17:51:35,37,63,yes,7
4739,1770688296,2026-02-09T17:51:36,37,63,yes,192
4740,1770688296,2026-02-09T17:51:36,37,63,yes,64
4741,1770688297,2026-02-09T17:51:37,36,64,no,13
4742,1770688297,2026-02-09T17:51:37,36,64,yes,5
4743,1770688300,2026-02-09T17:51:40,36,64,yes,104
4744,1770688300,2026-02-09T17:51:40,36,64,yes,254
4745,1770688302,2026-02-09T17:51:42,36,64,yes,7
4746,1770688302,2026-02-09T17:51:42,36,64,yes,13
4747,1770688304,2026-02-09T17:51:44,36,64,yes,5
4748,1770688306,2026-02-09T17:51:46,36,64,yes,9
4749,1770688306,2026-02-09T17:51:46,37,63,yes,36
4750,1770688309,2026-02-09T17:51:49,37,63,yes,6
4751,1770688311,2026-02-09T17:51:51,37,63,yes,647
4752,1770688311,2026-02-09T17:51:51,37,63,yes,12
4753,1770688312,2026-02-09T17:51:52,37,63,yes,142
4754,1770688312,2026-02-09T17:51:52,37,63,yes,20
4755,1770688314,2026-02-09T17:51:54,35,65,no,22
4756,1770688314,2026-02-09T17:51:54,35,65,no,97
4757,1770688317,2026-02-09T17:51:57,35,65,no,31
4758,1770688317,2026-02-09T17:51:57,35,65,no,14
4759,1770688317,2026-02-09T17:51:57,36,64,yes,13
4760,1770688317,2026-02-09T17:51:57,36,64,yes,39
4761,1770688318,2026-02-09T17:51:58,36,64,yes,550
4762,1770688318,2026-02-09T17:51:58,36,64,yes,12
4763,1770688318,2026-02-09T17:51:58,37,63,yes,8
4764,1770688319,2026-02-09T17:51:59,37,63,yes,33
4765,1770688320,2026-02-09T17:52:00,35,65,no,40
4766,1770688321,2026-02-09T17:52:01,37,63,yes,51
4767,1770688322,2026-02-09T17:52:02,36,64,no,12
4768,1770688324,2026-02-09T17:52:04,37,63,yes,25
4769,1770688324,2026-02-09T17:52:04,37,63,yes,13
4770,1770688324,2026-02-09T17:52:04,37,63,yes,3
4771,1770688325,2026-02-09T17:52:05,37,63,yes,2
4772,1770688327,2026-02-09T17:52:07,37,63,yes,12
4773,1770688327,2026-02-09T17:52:07,37,63,yes,12
4774,1770688328,2026-02-09T17:52:08,37,63,yes,64
4775,1770688328,2026-02-09T17:52:08,36,64,no,6
4776,1770688328,2026-02-09T17:52:08,37,63,yes,25
4777,1770688328,2026-02-09T17:52:08,37,63,yes,12
4778,1770688329,2026-02-09T17:52:09,37,63,yes,51
4779,1770688330,2026-02-09T17:52:10,36,64,no,8
4780,1770688330,2026-02-09T17:52:10,35,65,no,53
4781,1770688332,2026-02-09T17:52:12,37,63,yes,25
4782,1770688332,2026-02-09T17:52:12,37,63,yes,64
4783,1770688334,2026-02-09T17:52:14,35,65,no,23
4784,1770688336,2026-02-09T17:52:16,36,64,yes,500
4785,1770688336,2026-02-09T17:52:16,36,64,yes,14
4786,1770688336,2026-02-09T17:52:16,36,64,yes,12
4787,1770688336,2026-02-09T17:52:16,36,64,yes,21
4788,1770688337,2026-02-09T17:52:17,36,64,yes,2
4789,1770688337,2026-02-09T17:52:17,36,64,yes,39
4790,1770688337,2026-02-09T17:52:17,36,64,yes,21
4791,1770688340,2026-02-09T17:52:20,36,64,yes,26
4792,1770688342,2026-02-09T17:52:22,35,65,no,43
4793,1770688342,2026-02-09T17:52:22,36,64,yes,14
4794,1770688342,2026-02-09T17:52:22,37,63,yes,14
4795,1770688344,2026-02-09T17:52:24,37,63,yes,67
4796,1770688345,2026-02-09T17:52:25,37,63,yes,388
4797,1770688347,2026-02-09T17:52:27,37,63,yes,153
4798,1770688347,2026-02-09T17:52:27,35,65,no,107
4799,1770688348,2026-02-09T17:52:28,37,63,yes,9
4800,1770688348,2026-02-09T17:52:28,37,63,yes,12942
4801,1770688351,2026-02-09T17:52:31,37,63,yes,12
4802,1770688352,2026-02-09T17:52:32,37,63,yes,2
4803,1770688352,2026-02-09T17:52:32,36,64,no,13
4804,1770688352,2026-02-09T17:52:32,36,64,yes,15
4805,1770688353,2026-02-09T17:52:33,36,64,no,416
4806,1770688353,2026-02-09T17:52:33,37,63,yes,6
4807,1770688354,2026-02-09T17:52:34,36,64,no,14
4808,1770688354,2026-02-09T17:52:34,35,65,no,114
4809,1770688355,2026-02-09T17:52:35,36,64,yes,6
4810,1770688356,2026-02-09T17:52:36,35,65,no,4072
4811,1770688357,2026-02-09T17:52:37,35,65,no,1
4812,1770688358,2026-02-09T17:52:38,36,64,yes,3
4813,1770688359,2026-02-09T17:52:39,35,65,no,75
4814,1770688361,2026-02-09T17:52:41,36,64,yes,26
4815,1770688362,2026-02-09T17:52:42,36,64,yes,26
4816,1770688362,2026-02-09T17:52:42,36,64,yes,7
4817,1770688362,2026-02-09T17:52:42,36,64,yes,65
4818,1770688363,2026-02-09T17:52:43,36,64,yes,13
4819,1770688364,2026-02-09T17:52:44,37,63,yes,25
4820,1770688365,2026-02-09T17:52:45,37,63,yes,18
4821,1770688366,2026-02-09T17:52:46,37,63,yes,12
4822,1770688367,2026-02-09T17:52:47,37,63,yes,38
4823,1770688368,2026-02-09T17:52:48,37,63,yes,10
4824,1770688368,2026-02-09T17:52:48,37,63,yes,12
4825,1770688370,2026-02-09T17:52:50,37,63,yes,3
4826,1770688370,2026-02-09T17:52:50,37,63,yes,17
4827,1770688371,2026-02-09T17:52:51,37,63,yes,38
4828,1770688371,2026-02-09T17:52:51,36,64,no,13
4829,1770688371,2026-02-09T17:52:51,36,64,no,73
4830,1770688371,2026-02-09T17:52:51,37,63,yes,4
4831,1770688371,2026-02-09T17:52:51,37,63,yes,647
4832,1770688372,2026-02-09T17:52:52,37,63,yes,25
4833,1770688372,2026-02-09T17:52:52,37,63,yes,25
4834,1770688373,2026-02-09T17:52:53,37,63,yes,12
4835,1770688373,2026-02-09T17:52:53,36,64,no,12
4836,1770688373,2026-02-09T17:52:53,36,64,yes,3
4837,1770688375,2026-02-09T17:52:55,36,64,yes,5
4838,1770688375,2026-02-09T17:52:55,35,65,no,10
4839,1770688375,2026-02-09T17:52:55,35,65,no,78
4840,1770688375,2026-02-09T17:52:55,36,64,yes,13
4841,1770688376,2026-02-09T17:52:56,36,64,yes,5
4842,1770688376,2026-02-09T17:52:56,36,64,yes,139
4843,1770688377,2026-02-09T17:52:57,36,64,yes,78
4844,1770688378,2026-02-09T17:52:58,36,64,yes,26
4845,1770688379,2026-02-09T17:52:59,36,64,yes,20
4846,1770688381,2026-02-09T17:53:01,35,65,no,67
4847,1770688382,2026-02-09T17:53:02,36,64,yes,12
4848,1770688382,2026-02-09T17:53:02,37,63,yes,14
4849,1770688382,2026-02-09T17:53:02,35,65,no,5
4850,1770688382,2026-02-09T17:53:02,35,65,no,45
4851,1770688383,2026-02-09T17:53:03,37,63,yes,5
4852,1770688385,2026-02-09T17:53:05,37,63,yes,25
4853,1770688385,2026-02-09T17:53:05,37,63,yes,56
4854,1770688386,2026-02-09T17:53:06,35,65,no,16
4855,1770688386,2026-02-09T17:53:06,37,63,yes,12
4856,1770688387,2026-02-09T17:53:07,37,63,yes,60
4857,1770688387,2026-02-09T17:53:07,37,63,yes,25
4858,1770688387,2026-02-09T17:53:07,37,63,yes,287
4859,1770688390,2026-02-09T17:53:10,37,63,yes,15
4860,1770688390,2026-02-09T17:53:10,37,63,yes,103
4861,1770688391,2026-02-09T17:53:11,37,63,yes,1
4862,1770688392,2026-02-09T17:53:12,37,63,yes,2
4863,1770688397,2026-02-09T17:53:17,37,63,yes,10
4864,1770688398,2026-02-09T17:53:18,37,63,yes,50
4865,1770688398,2026-02-09T17:53:18,37,63,yes,12
4866,1770688398,2026-02-09T17:53:18,37,63,yes,51
4867,1770688399,2026-02-09T17:53:19,37,63,yes,129
4868,1770688399,2026-02-09T17:53:19,37,63,yes,50
4869,1770688400,2026-02-09T17:53:20,37,63,yes,12
4870,1770688401,2026-02-09T17:53:21,36,64,no,14
4871,1770688401,2026-02-09T17:53:21,35,65,no,38
4872,1770688401,2026-02-09T17:53:21,37,63,yes,25
4873,1770688401,2026-02-09T17:53:21,37,63,yes,25
4874,1770688401,2026-02-09T17:53:21,37,63,yes,51
4875,1770688402,2026-02-09T17:53:22,37,63,yes,12
4876,1770688404,2026-02-09T17:53:24,36,64,no,14
4877,1770688404,2026-02-09T17:53:24,36,64,yes,18
4878,1770688405,2026-02-09T17:53:25,36,64,yes,78
4879,1770688406,2026-02-09T17:53:26,36,64,yes,26
4880,1770688407,2026-02-09T17:53:27,36,64,yes,51
4881,1770688408,2026-02-09T17:53:28,36,64,yes,13
4882,1770688411,2026-02-09T17:53:31,36,64,yes,53
4883,1770688411,2026-02-09T17:53:31,36,64,yes,1
4884,1770688412,2026-02-09T17:53:32,36,64,yes,13
4885,1770688412,2026-02-09T17:53:32,36,64,yes,26
4886,1770688412,2026-02-09T17:53:32,36,64,yes,13
4887,1770688413,2026-02-09T17:53:33,36,64,yes,292
4888,1770688415,2026-02-09T17:53:35,36,64,yes,66
4889,1770688415,2026-02-09T17:53:35,35,65,no,28
4890,1770688416,2026-02-09T17:53:36,36,64,yes,53
4891,1770688418,2026-02-09T17:53:38,36,64,yes,14
4892,1770688418,2026-02-09T17:53:38,36,64,yes,25
4893,1770688420,2026-02-09T17:53:40,37,63,yes,8
4894,1770688422,2026-02-09T17:53:42,36,64,no,50
4895,1770688422,2026-02-09T17:53:42,37,63,yes,20
4896,1770688423,2026-02-09T17:53:43,37,63,yes,51
4897,1770688424,2026-02-09T17:53:44,36,64,no,50
4898,1770688424,2026-02-09T17:53:44,36,64,no,12
4899,1770688426,2026-02-09T17:53:46,37,63,yes,128
4900,1770688426,2026-02-09T17:53:46,37,63,yes,12
4901,1770688426,2026-02-09T17:53:46,37,63,yes,51
4902,1770688427,2026-02-09T17:53:47,37,63,yes,24
4903,1770688427,2026-02-09T17:53:47,36,64,no,600
4904,1770688427,2026-02-09T17:53:47,36,64,no,12
4905,1770688428,2026-02-09T17:53:48,36,64,yes,25
4906,1770688429,2026-02-09T17:53:49,36,64,yes,12
4907,1770688429,2026-02-09T17:53:49,36,64,yes,265
4908,1770688429,2026-02-09T17:53:49,36,64,yes,235
4909,1770688430,2026-02-09T17:53:50,36,64,yes,38
4910,1770688431,2026-02-09T17:53:51,35,65,no,59
4911,1770688434,2026-02-09T17:53:54,35,65,no,45
4912,1770688434,2026-02-09T17:53:54,36,64,yes,13
4913,1770688437,2026-02-09T17:53:57,36,64,yes,1
4914,1770688437,2026-02-09T17:53:57,37,63,yes,4
4915,1770688439,2026-02-09T17:53:59,37,63,yes,78
4916,1770688440,2026-02-09T17:54:00,37,63,yes,100
4917,1770688442,2026-02-09T17:54:02,37,63,yes,51
4918,1770688443,2026-02-09T17:54:03,35,65,no,19
4919,1770688444,2026-02-09T17:54:04,37,63,yes,5
4920,1770688445,2026-02-09T17:54:05,35,65,no,15
4921,1770688446,2026-02-09T17:54:06,37,63,yes,258
4922,1770688447,2026-02-09T17:54:07,37,63,yes,51
4923,1770688448,2026-02-09T17:54:08,37,63,yes,300
4924,1770688449,2026-02-09T17:54:09,37,63,yes,18
4925,1770688450,2026-02-09T17:54:10,37,63,yes,25
4926,1770688451,2026-02-09T17:54:11,37,63,yes,20
4927,1770688452,2026-02-09T17:54:12,37,63,yes,64
4928,1770688452,2026-02-09T17:54:12,37,63,yes,5
4929,1770688452,2026-02-09T17:54:12,37,63,yes,46
4930,1770688453,2026-02-09T17:54:13,37,63,yes,6
4931,1770688455,2026-02-09T17:54:15,36,64,no,14
4932,1770688455,2026-02-09T17:54:15,35,65,no,12
4933,1770688455,2026-02-09T17:54:15,35,65,no,450
4934,1770688455,2026-02-09T17:54:15,37,63,yes,776
4935,1770688455,2026-02-09T17:54:15,37,63,yes,25
4936,1770688458,2026-02-09T17:54:18,37,63,yes,5
4937,1770688458,2026-02-09T17:54:18,37,63,yes,37
4938,1770688459,2026-02-09T17:54:19,36,64,no,14
4939,1770688459,2026-02-09T17:54:19,36,64,yes,5
4940,1770688462,2026-02-09T17:54:22,36,64,yes,526
4941,1770688464,2026-02-09T17:54:24,35,65,no,1
4942,1770688464,2026-02-09T17:54:24,36,64,yes,2
4943,1770688464,2026-02-09T17:54:24,36,64,yes,12
4944,1770688467,2026-02-09T17:54:27,37,63,yes,7
4945,1770688472,2026-02-09T17:54:32,37,63,yes,18
4946,1770688472,2026-02-09T17:54:32,37,63,yes,12
4947,1770688472,2026-02-09T17:54:32,37,63,yes,25
4948,1770688474,2026-02-09T17:54:34,37,63,yes,12
4949,1770688475,2026-02-09T17:54:35,37,63,yes,7
4950,1770688476,2026-02-09T17:54:36,36,64,no,14
4951,1770688477,2026-02-09T17:54:37,36,64,yes,14
4952,1770688477,2026-02-09T17:54:37,36,64,yes,118
4953,1770688478,2026-02-09T17:54:38,36,64,yes,38
4954,1770688478,2026-02-09T17:54:38,36,64,yes,756
4955,1770688478,2026-02-09T17:54:38,36,64,yes,912
4956,1770688478,2026-02-09T17:54:38,36,64,yes,912
4957,1770688478,2026-02-09T17:54:38,36,64,yes,12
4958,1770688478,2026-02-09T17:54:38,37,63,yes,1290
4959,1770688479,2026-02-09T17:54:39,35,65,no,208
4960,1770688481,2026-02-09T17:54:41,37,63,yes,12
4961,1770688482,2026-02-09T17:54:42,37,63,yes,2
4962,1770688483,2026-02-09T17:54:43,37,63,yes,129
4963,1770688483,2026-02-09T17:54:43,37,63,yes,129
4964,1770688486,2026-02-09T17:54:46,37,63,yes,64
4965,1770688486,2026-02-09T17:54:46,37,63,yes,14
4966,1770688486,2026-02-09T17:54:46,37,63,yes,5
4967,1770688487,2026-02-09T17:54:47,36,64,no,67
4968,1770688488,2026-02-09T17:54:48,37,63,yes,10
4969,1770688488,2026-02-09T17:54:48,37,63,yes,12
4970,1770688489,2026-02-09T17:54:49,36,64,no,20
4971,1770688489,2026-02-09T17:54:49,37,63,yes,1294
4972,1770688489,2026-02-09T17:54:49,36,64,no,50
4973,1770688491,2026-02-09T17:54:51,36,64,no,8
4974,1770688491,2026-02-09T17:54:51,37,63,yes,2
4975,1770688494,2026-02-09T17:54:54,37,63,yes,35
4976,1770688496,2026-02-09T17:54:56,37,63,yes,25
4977,1770688496,2026-02-09T17:54:56,36,64,no,55
4978,1770688496,2026-02-09T17:54:56,36,64,no,14
4979,1770688497,2026-02-09T17:54:57,35,65,no,454
4980,1770688498,2026-02-09T17:54:58,36,64,yes,51
4981,1770688498,2026-02-09T17:54:58,36,64,yes,18
4982,1770688499,2026-02-09T17:54:59,36,64,yes,21
4983,1770688500,2026-02-09T17:55:00,36,64,yes,53
4984,1770688502,2026-02-09T17:55:02,36,64,yes,13
4985,1770688506,2026-02-09T17:55:06,36,64,yes,2
4986,1770688506,2026-02-09T17:55:06,36,64,yes,11
4987,1770688507,2026-02-09T17:55:07,36,64,yes,1
4988,1770688508,2026-02-09T17:55:08,37,63,yes,85
4989,1770688509,2026-02-09T17:55:09,37,63,yes,2
4990,1770688510,2026-02-09T17:55:10,37,63,yes,27
4991,1770688511,2026-02-09T17:55:11,37,63,yes,64
4992,1770688511,2026-02-09T17:55:11,37,63,yes,5
4993,1770688513,2026-02-09T17:55:13,37,63,yes,80
4994,1770688515,2026-02-09T17:55:15,37,63,yes,2
4995,1770688515,2026-02-09T17:55:15,37,63,yes,62
4996,1770688515,2026-02-09T17:55:15,37,63,yes,25
4997,1770688517,2026-02-09T17:55:17,36,64,no,10
4998,1770688518,2026-02-09T17:55:18,37,63,yes,25
4999,1770688520,2026-02-09T17:55:20,37,63,yes,76
5000,1770688520,2026-02-09T17:55:20,36,64,no,89
5001,1770688520,2026-02-09T17:55:20,36,64,no,13
5002,1770688522,2026-02-09T17:55:22,36,64,yes,51
5003,1770688523,2026-02-09T17:55:23,36,64,yes,13
5004,1770688524,2026-02-09T17:55:24,36,64,yes,7
5005,1770688524,2026-02-09T17:55:24,36,64,yes,6
5006,1770688526,2026-02-09T17:55:26,37,63,yes,25
5007,1770688527,2026-02-09T17:55:27,37,63,yes,12
5008,1770688527,2026-02-09T17:55:27,37,63,yes,5
5009,1770688528,2026-02-09T17:55:28,35,65,no,1
5010,1770688528,2026-02-09T17:55:28,35,65,no,7
5011,1770688531,2026-02-09T17:55:31,36,64,no,3
5012,1770688532,2026-02-09T17:55:32,37,63,yes,12
5013,1770688532,2026-02-09T17:55:32,37,63,yes,125
5014,1770688533,2026-02-09T17:55:33,37,63,yes,12
5015,1770688533,2026-02-09T17:55:33,37,63,yes,6
5016,1770688533,2026-02-09T17:55:33,37,63,yes,3
5017,1770688533,2026-02-09T17:55:33,36,64,no,10
5018,1770688533,2026-02-09T17:55:33,36,64,no,165
5019,1770688536,2026-02-09T17:55:36,36,64,no,12
5020,1770688536,2026-02-09T17:55:36,35,65,no,5
5021,1770688536,2026-02-09T17:55:36,37,63,yes,100
5022,1770688537,2026-02-09T17:55:37,36,64,yes,129
5023,1770688539,2026-02-09T17:55:39,36,64,yes,10
5024,1770688539,2026-02-09T17:55:39,36,64,yes,13
5025,1770688539,2026-02-09T17:55:39,36,64,yes,5
5026,1770688540,2026-02-09T17:55:40,36,64,yes,13
5027,1770688540,2026-02-09T17:55:40,35,65,no,19
5028,1770688541,2026-02-09T17:55:41,36,64,yes,13
5029,1770688542,2026-02-09T17:55:42,35,65,no,58
5030,1770688542,2026-02-09T17:55:42,35,65,no,10
5031,1770688542,2026-02-09T17:55:42,35,65,no,1
5032,1770688542,2026-02-09T17:55:42,35,65,no,357
5033,1770688543,2026-02-09T17:55:43,36,64,yes,66
5034,1770688545,2026-02-09T17:55:45,36,64,yes,10
5035,1770688546,2026-02-09T17:55:46,35,65,no,20
5036,1770688549,2026-02-09T17:55:49,36,64,yes,13
5037,1770688550,2026-02-09T17:55:50,36,64,yes,15
5038,1770688551,2026-02-09T17:55:51,36,64,yes,400
5039,1770688551,2026-02-09T17:55:51,36,64,yes,14
5040,1770688551,2026-02-09T17:55:51,37,63,yes,168
5041,1770688554,2026-02-09T17:55:54,37,63,yes,128
5042,1770688554,2026-02-09T17:55:54,37,63,yes,10
5043,1770688555,2026-02-09T17:55:55,37,63,yes,5
5044,1770688557,2026-02-09T17:55:57,37,63,yes,2
5045,1770688557,2026-02-09T17:55:57,37,63,yes,25
5046,1770688558,2026-02-09T17:55:58,37,63,yes,62
5047,1770688558,2026-02-09T17:55:58,37,63,yes,20
5048,1770688558,2026-02-09T17:55:58,37,63,yes,20
5049,1770688559,2026-02-09T17:55:59,37,63,yes,12
5050,1770688560,2026-02-09T17:56:00,36,64,no,1
5051,1770688562,2026-02-09T17:56:02,37,63,yes,69
5052,1770688562,2026-02-09T17:56:02,37,63,yes,5
5053,1770688565,2026-02-09T17:56:05,37,63,yes,25
5054,1770688565,2026-02-09T17:56:05,37,63,yes,129
5055,1770688565,2026-02-09T17:56:05,37,63,yes,20
5056,1770688567,2026-02-09T17:56:07,37,63,yes,51
5057,1770688567,2026-02-09T17:56:07,37,63,yes,51
5058,1770688569,2026-02-09T17:56:09,37,63,yes,18
5059,1770688570,2026-02-09T17:56:10,37,63,yes,25
5060,1770688571,2026-02-09T17:56:11,37,63,yes,12
5061,1770688571,2026-02-09T17:56:11,37,63,yes,51
5062,1770688571,2026-02-09T17:56:11,37,63,yes,64
5063,1770688571,2026-02-09T17:56:11,36,64,no,13
5064,1770688571,2026-02-09T17:56:11,36,64,yes,7
5065,1770688573,2026-02-09T17:56:13,36,64,yes,12
5066,1770688573,2026-02-09T17:56:13,36,64,yes,5
5067,1770688573,2026-02-09T17:56:13,36,64,yes,4
5068,1770688574,2026-02-09T17:56:14,36,64,yes,131
5069,1770688576,2026-02-09T17:56:16,36,64,yes,13
5070,1770688578,2026-02-09T17:56:18,35,65,no,1
5071,1770688578,2026-02-09T17:56:18,35,65,no,4999
5072,1770688579,2026-02-09T17:56:19,36,64,yes,12
5073,1770688579,2026-02-09T17:56:19,37,63,yes,14
5074,1770688579,2026-02-09T17:56:19,35,65,no,1
5075,1770688579,2026-02-09T17:56:19,35,65,no,14
5076,1770688579,2026-02-09T17:56:19,35,65,no,6
5077,1770688579,2026-02-09T17:56:19,35,65,no,5
5078,1770688581,2026-02-09T17:56:21,37,63,yes,31
5079,1770688582,2026-02-09T17:56:22,37,63,yes,51
5080,1770688583,2026-02-09T17:56:23,37,63,yes,51
5081,1770688583,2026-02-09T17:56:23,37,63,yes,512
5082,1770688583,2026-02-09T17:56:23,35,65,no,38
5083,1770688584,2026-02-09T17:56:24,37,63,yes,1
5084,1770688584,2026-02-09T17:56:24,37,63,yes,25
5085,1770688585,2026-02-09T17:56:25,37,63,yes,25
5086,1770688587,2026-02-09T17:56:27,36,64,no,12
5087,1770688587,2026-02-09T17:56:27,36,64,no,84
5088,1770688587,2026-02-09T17:56:27,36,64,no,24
5089,1770688588,2026-02-09T17:56:28,37,63,yes,129
5090,1770688591,2026-02-09T17:56:31,37,63,yes,20
5091,1770688591,2026-02-09T17:56:31,37,63,yes,50
5092,1770688592,2026-02-09T17:56:32,36,64,no,12
5093,1770688592,2026-02-09T17:56:32,35,65,no,74
5094,1770688592,2026-02-09T17:56:32,37,63,yes,12
5095,1770688594,2026-02-09T17:56:34,35,65,no,128
5096,1770688595,2026-02-09T17:56:35,36,64,yes,13
5097,1770688596,2026-02-09T17:56:36,36,64,yes,13
5098,1770688596,2026-02-09T17:56:36,36,64,yes,52
5099,1770688598,2026-02-09T17:56:38,36,64,yes,12
5100,1770688599,2026-02-09T17:56:39,37,63,yes,31
5101,1770688599,2026-02-09T17:56:39,37,63,yes,284
5102,1770688600,2026-02-09T17:56:40,37,63,yes,256
5103,1770688601,2026-02-09T17:56:41,37,63,yes,15
5104,1770688602,2026-02-09T17:56:42,36,64,yes,25
5105,1770688602,2026-02-09T17:56:42,36,64,yes,50
5106,1770688602,2026-02-09T17:56:42,36,64,yes,90
5107,1770688602,2026-02-09T17:56:42,36,64,yes,7
5108,1770688603,2026-02-09T17:56:43,36,64,yes,53
5109,1770688605,2026-02-09T17:56:45,36,64,yes,12
5110,1770688605,2026-02-09T17:56:45,36,64,yes,1
5111,1770688606,2026-02-09T17:56:46,37,63,yes,7
5112,1770688606,2026-02-09T17:56:46,37,63,yes,388
5113,1770688608,2026-02-09T17:56:48,37,63,yes,38
5114,1770688608,2026-02-09T17:56:48,37,63,yes,3
5115,1770688609,2026-02-09T17:56:49,37,63,yes,256
5116,1770688609,2026-02-09T17:56:49,37,63,yes,77
5117,1770688609,2026-02-09T17:56:49,37,63,yes,129
5118,1770688610,2026-02-09T17:56:50,35,65,no,14
5119,1770688610,2026-02-09T17:56:50,35,65,no,6
5120,1770688610,2026-02-09T17:56:50,37,63,yes,12
5121,1770688611,2026-02-09T17:56:51,37,63,yes,4
5122,1770688611,2026-02-09T17:56:51,37,63,yes,51
5123,1770688612,2026-02-09T17:56:52,37,63,yes,12
5124,1770688612,2026-02-09T17:56:52,37,63,yes,12
5125,1770688613,2026-02-09T17:56:53,37,63,yes,129
5126,1770688613,2026-02-09T17:56:53,37,63,yes,7
5127,1770688614,2026-02-09T17:56:54,37,63,yes,25
5128,1770688614,2026-02-09T17:56:54,37,63,yes,3952
5129,1770688614,2026-02-09T17:56:54,37,63,yes,12
5130,1770688614,2026-02-09T17:56:54,36,64,no,66
5131,1770688615,2026-02-09T17:56:55,37,63,yes,38
5132,1770688615,2026-02-09T17:56:55,37,63,yes,51
5133,1770688615,2026-02-09T17:56:55,36,64,no,434
5134,1770688615,2026-02-09T17:56:55,36,64,no,13
5135,1770688619,2026-02-09T17:56:59,36,64,yes,7
5136,1770688619,2026-02-09T17:56:59,36,64,yes,14
5137,1770688620,2026-02-09T17:57:00,36,64,yes,265
5138,1770688620,2026-02-09T17:57:00,36,64,yes,26
5139,1770688620,2026-02-09T17:57:00,36,64,yes,26
5140,1770688623,2026-02-09T17:57:03,35,65,no,70
5141,1770688623,2026-02-09T17:57:03,36,64,yes,5
5142,1770688625,2026-02-09T17:57:05,36,64,yes,5
5143,1770688626,2026-02-09T17:57:06,35,65,no,20
5144,1770688628,2026-02-09T17:57:08,36,64,yes,2
5145,1770688628,2026-02-09T17:57:08,37,63,yes,10
5146,1770688629,2026-02-09T17:57:09,37,63,yes,5
5147,1770688629,2026-02-09T17:57:09,37,63,yes,51
5148,1770688629,2026-02-09T17:57:09,37,63,yes,3
5149,1770688629,2026-02-09T17:57:09,37,63,yes,25
5150,1770688630,2026-02-09T17:57:10,35,65,no,11
5151,1770688632,2026-02-09T17:57:12,37,63,yes,1
5152,1770688632,2026-02-09T17:57:12,37,63,yes,3
5153,1770688633,2026-02-09T17:57:13,37,63,yes,258
5154,1770688634,2026-02-09T17:57:14,37,63,yes,51
5155,1770688634,2026-02-09T17:57:14,37,63,yes,2
5156,1770688634,2026-02-09T17:57:14,37,63,yes,4
5157,1770688635,2026-02-09T17:57:15,37,63,yes,25
5158,1770688635,2026-02-09T17:57:15,37,63,yes,103
5159,1770688635,2026-02-09T17:57:15,35,65,no,19
5160,1770688636,2026-02-09T17:57:16,37,63,yes,12
5161,1770688639,2026-02-09T17:57:19,37,63,yes,28
5162,1770688640,2026-02-09T17:57:20,37,63,yes,15
5163,1770688641,2026-02-09T17:57:21,37,63,yes,15
5164,1770688641,2026-02-09T17:57:21,37,63,yes,12
5165,1770688642,2026-02-09T17:57:22,37,63,yes,25
5166,1770688642,2026-02-09T17:57:22,37,63,yes,25
5167,1770688643,2026-02-09T17:57:23,37,63,yes,12
5168,1770688646,2026-02-09T17:57:26,37,63,yes,266
5169,1770688646,2026-02-09T17:57:26,37,63,yes,12
5170,1770688647,2026-02-09T17:57:27,37,63,yes,5
5171,1770688648,2026-02-09T17:57:28,37,63,yes,50
5172,1770688648,2026-02-09T17:57:28,37,63,yes,15
5173,1770688649,2026-02-09T17:57:29,37,63,yes,13
5174,1770688649,2026-02-09T17:57:29,37,63,yes,64
5175,1770688649,2026-02-09T17:57:29,37,63,yes,12
5176,1770688650,2026-02-09T17:57:30,37,63,yes,51
5177,1770688650,2026-02-09T17:57:30,37,63,yes,25
5178,1770688650,2026-02-09T17:57:30,37,63,yes,12
5179,1770688650,2026-02-09T17:57:30,37,63,yes,5
5180,1770688650,2026-02-09T17:57:30,37,63,yes,196
5181,1770688652,2026-02-09T17:57:32,36,64,no,4
5182,1770688653,2026-02-09T17:57:33,37,63,yes,25
5183,1770688653,2026-02-09T17:57:33,37,63,yes,10
5184,1770688653,2026-02-09T17:57:33,37,63,yes,51
5185,1770688654,2026-02-09T17:57:34,37,63,yes,51
5186,1770688657,2026-02-09T17:57:37,37,63,yes,10
5187,1770688658,2026-02-09T17:57:38,36,64,no,8
5188,1770688658,2026-02-09T17:57:38,37,63,yes,25
5189,1770688660,2026-02-09T17:57:40,36,64,yes,26
5190,1770688660,2026-02-09T17:57:40,36,64,yes,5
5191,1770688660,2026-02-09T17:57:40,36,64,yes,66
5192,1770688661,2026-02-09T17:57:41,36,64,yes,10
5193,1770688662,2026-02-09T17:57:42,36,64,yes,4
5194,1770688662,2026-02-09T17:57:42,37,63,yes,14
5195,1770688664,2026-02-09T17:57:44,37,63,yes,51
5196,1770688665,2026-02-09T17:57:45,37,63,yes,51
5197,1770688666,2026-02-09T17:57:46,37,63,yes,25
5198,1770688666,2026-02-09T17:57:46,35,65,no,185
5199,1770688667,2026-02-09T17:57:47,37,63,yes,7
5200,1770688668,2026-02-09T17:57:48,37,63,yes,7
5201,1770688669,2026-02-09T17:57:49,37,63,yes,129
5202,1770688670,2026-02-09T17:57:50,37,63,yes,50
5203,1770688670,2026-02-09T17:57:50,37,63,yes,12
5204,1770688670,2026-02-09T17:57:50,37,63,yes,64
5205,1770688671,2026-02-09T17:57:51,37,63,yes,10
5206,1770688671,2026-02-09T17:57:51,37,63,yes,5
5207,1770688671,2026-02-09T17:57:51,37,63,yes,12
5208,1770688674,2026-02-09T17:57:54,37,63,yes,2
5209,1770688674,2026-02-09T17:57:54,37,63,yes,2
5210,1770688677,2026-02-09T17:57:57,37,63,yes,258
5211,1770688677,2026-02-09T17:57:57,37,63,yes,51
5212,1770688677,2026-02-09T17:57:57,37,63,yes,51
5213,1770688677,2026-02-09T17:57:57,37,63,yes,64
5214,1770688678,2026-02-09T17:57:58,37,63,yes,220
5215,1770688679,2026-02-09T17:57:59,37,63,yes,129
5216,1770688680,2026-02-09T17:58:00,37,63,yes,108
5217,1770688681,2026-02-09T17:58:01,36,64,no,13
5218,1770688681,2026-02-09T17:58:01,36,64,no,12
5219,1770688682,2026-02-09T17:58:02,36,64,yes,31
5220,1770688682,2026-02-09T17:58:02,36,64,yes,52
5221,1770688682,2026-02-09T17:58:02,36,64,yes,2
5222,1770688683,2026-02-09T17:58:03,36,64,yes,2
5223,1770688686,2026-02-09T17:58:06,36,64,yes,13
5224,1770688687,2026-02-09T17:58:07,36,64,yes,13
5225,1770688687,2026-02-09T17:58:07,36,64,yes,1
5226,1770688687,2026-02-09T17:58:07,37,63,yes,55
5227,1770688688,2026-02-09T17:58:08,37,63,yes,5
5228,1770688688,2026-02-09T17:58:08,37,63,yes,129
5229,1770688690,2026-02-09T17:58:10,36,64,yes,14
5230,1770688692,2026-02-09T17:58:12,37,63,yes,1
5231,1770688693,2026-02-09T17:58:13,37,63,yes,25
5232,1770688693,2026-02-09T17:58:13,37,63,yes,25
5233,1770688694,2026-02-09T17:58:14,37,63,yes,51
5234,1770688694,2026-02-09T17:58:14,37,63,yes,10
5235,1770688694,2026-02-09T17:58:14,37,63,yes,129
5236,1770688694,2026-02-09T17:58:14,37,63,yes,25
5237,1770688697,2026-02-09T17:58:17,37,63,yes,129
5238,1770688697,2026-02-09T17:58:17,37,63,yes,12
5239,1770688698,2026-02-09T17:58:18,37,63,yes,12
5240,1770688699,2026-02-09T17:58:19,37,63,yes,51
5241,1770688700,2026-02-09T17:58:20,37,63,yes,12
5242,1770688700,2026-02-09T17:58:20,37,63,yes,1
5243,1770688700,2026-02-09T17:58:20,37,63,yes,7
5244,1770688701,2026-02-09T17:58:21,37,63,yes,51
5245,1770688702,2026-02-09T17:58:22,37,63,yes,5
5246,1770688703,2026-02-09T17:58:23,37,63,yes,77
5247,1770688703,2026-02-09T17:58:23,37,63,yes,2
5248,1770688703,2026-02-09T17:58:23,37,63,yes,17
5249,1770688704,2026-02-09T17:58:24,37,63,yes,5
5250,1770688705,2026-02-09T17:58:25,37,63,yes,129
5251,1770688705,2026-02-09T17:58:25,37,63,yes,7
5252,1770688705,2026-02-09T17:58:25,37,63,yes,51
5253,1770688705,2026-02-09T17:58:25,37,63,yes,14
5254,1770688706,2026-02-09T17:58:26,36,64,no,12
5255,1770688706,2026-02-09T17:58:26,37,63,yes,120
5256,1770688711,2026-02-09T17:58:31,36,64,yes,2
5257,1770688712,2026-02-09T17:58:32,36,64,yes,10
5258,1770688712,2026-02-09T17:58:32,36,64,yes,3
5259,1770688712,2026-02-09T17:58:32,36,64,yes,13
5260,1770688714,2026-02-09T17:58:34,36,64,yes,132
5261,1770688715,2026-02-09T17:58:35,36,64,yes,13
5262,1770688717,2026-02-09T17:58:37,36,64,yes,26
5263,1770688717,2026-02-09T17:58:37,36,64,yes,106
5264,1770688717,2026-02-09T17:58:37,36,64,yes,13
5265,1770688718,2026-02-09T17:58:38,36,64,yes,2
5266,1770688720,2026-02-09T17:58:40,36,64,yes,106
5267,1770688721,2026-02-09T17:58:41,35,65,no,15
5268,1770688721,2026-02-09T17:58:41,35,65,no,25
5269,1770688722,2026-02-09T17:58:42,36,64,yes,25
5270,1770688722,2026-02-09T17:58:42,36,64,yes,1
5271,1770688722,2026-02-09T17:58:42,36,64,yes,29
5272,1770688723,2026-02-09T17:58:43,36,64,yes,42
5273,1770688723,2026-02-09T17:58:43,36,64,yes,53
5274,1770688723,2026-02-09T17:58:43,36,64,yes,7
5275,1770688724,2026-02-09T17:58:44,36,64,yes,42
5276,1770688724,2026-02-09T17:58:44,36,64,yes,16
5277,1770688724,2026-02-09T17:58:44,36,64,yes,106
5278,1770688725,2026-02-09T17:58:45,36,64,yes,66
5279,1770688725,2026-02-09T17:58:45,36,64,yes,164
5280,1770688725,2026-02-09T17:58:45,36,64,yes,12
5281,1770688726,2026-02-09T17:58:46,36,64,yes,26
5282,1770688727,2026-02-09T17:58:47,36,64,yes,5
5283,1770688727,2026-02-09T17:58:47,36,64,yes,594
5284,1770688727,2026-02-09T17:58:47,36,64,yes,336
5285,1770688729,2026-02-09T17:58:49,36,64,yes,7
5286,1770688729,2026-02-09T17:58:49,35,65,no,13
5287,1770688729,2026-02-09T17:58:49,36,64,yes,6
5288,1770688729,2026-02-09T17:58:49,36,64,yes,57
5289,1770688729,2026-02-09T17:58:49,36,64,yes,132
5290,1770688731,2026-02-09T17:58:51,36,64,yes,15
5291,1770688731,2026-02-09T17:58:51,36,64,yes,106
5292,1770688732,2026-02-09T17:58:52,36,64,yes,26
5293,1770688732,2026-02-09T17:58:52,35,65,no,2
5294,1770688732,2026-02-09T17:58:52,36,64,yes,200
5295,1770688733,2026-02-09T17:58:53,36,64,yes,13
5296,1770688733,2026-02-09T17:58:53,36,64,yes,13
5297,1770688734,2026-02-09T17:58:54,35,65,no,7
5298,1770688735,2026-02-09T17:58:55,36,64,yes,50
5299,1770688735,2026-02-09T17:58:55,36,64,yes,53
5300,1770688735,2026-02-09T17:58:55,35,65,no,2
5301,1770688736,2026-02-09T17:58:56,36,64,yes,132
5302,1770688736,2026-02-09T17:58:56,36,64,yes,10
5303,1770688737,2026-02-09T17:58:57,36,64,yes,13
5304,1770688738,2026-02-09T17:58:58,36,64,yes,3
5305,1770688739,2026-02-09T17:58:59,35,65,no,3
5306,1770688740,2026-02-09T17:59:00,36,64,yes,13
5307,1770688741,2026-02-09T17:59:01,35,65,no,7
5308,1770688741,2026-02-09T17:59:01,36,64,yes,10
5309,1770688741,2026-02-09T17:59:01,36,64,yes,14
5310,1770688741,2026-02-09T17:59:01,35,65,no,1
5311,1770688741,2026-02-09T17:59:01,35,65,no,28
5312,1770688742,2026-02-09T17:59:02,37,63,yes,7
5313,1770688742,2026-02-09T17:59:02,35,65,no,2
5314,1770688742,2026-02-09T17:59:02,35,65,no,13
5315,1770688742,2026-02-09T17:59:02,35,65,no,46
5316,1770688742,2026-02-09T17:59:02,35,65,no,32
5317,1770688743,2026-02-09T17:59:03,37,63,yes,64
5318,1770688744,2026-02-09T17:59:04,37,63,yes,2
5319,1770688744,2026-02-09T17:59:04,36,64,no,10
5320,1770688744,2026-02-09T17:59:04,36,64,no,14
5321,1770688744,2026-02-09T17:59:04,35,65,no,79
5322,1770688744,2026-02-09T17:59:04,37,63,yes,12
5323,1770688746,2026-02-09T17:59:06,36,64,no,13
5324,1770688746,2026-02-09T17:59:06,36,64,no,12
5325,1770688746,2026-02-09T17:59:06,36,64,yes,38
5326,1770688747,2026-02-09T17:59:07,36,64,yes,7
5327,1770688748,2026-02-09T17:59:08,36,64,yes,13
5328,1770688748,2026-02-09T17:59:08,36,64,yes,79
5329,1770688749,2026-02-09T17:59:09,35,65,no,12
5330,1770688749,2026-02-09T17:59:09,36,64,yes,26
5331,1770688750,2026-02-09T17:59:10,36,64,yes,13
5332,1770688750,2026-02-09T17:59:10,36,64,yes,2
5333,1770688751,2026-02-09T17:59:11,36,64,yes,66
5334,1770688751,2026-02-09T17:59:11,36,64,yes,7
5335,1770688751,2026-02-09T17:59:11,36,64,yes,13
5336,1770688751,2026-02-09T17:59:11,36,64,yes,531
5337,1770688752,2026-02-09T17:59:12,36,64,yes,66
5338,1770688752,2026-02-09T17:59:12,36,64,yes,13
5339,1770688752,2026-02-09T17:59:12,37,63,yes,6
5340,1770688754,2026-02-09T17:59:14,37,63,yes,12
5341,1770688757,2026-02-09T17:59:17,37,63,yes,50
5342,1770688758,2026-02-09T17:59:18,37,63,yes,25
5343,1770688758,2026-02-09T17:59:18,36,64,no,13
5344,1770688758,2026-02-09T17:59:18,37,63,yes,7
5345,1770688759,2026-02-09T17:59:19,35,65,no,5
5346,1770688759,2026-02-09T17:59:19,35,65,no,20
5347,1770688759,2026-02-09T17:59:19,37,63,yes,5
5348,1770688760,2026-02-09T17:59:20,36,64,yes,38
5349,1770688761,2026-02-09T17:59:21,36,64,yes,12
5350,1770688761,2026-02-09T17:59:21,37,63,yes,1
5351,1770688761,2026-02-09T17:59:21,37,63,yes,25
5352,1770688762,2026-02-09T17:59:22,35,65,no,4
5353,1770688763,2026-02-09T17:59:23,36,64,yes,31
5354,1770688763,2026-02-09T17:59:23,36,64,yes,10
5355,1770688763,2026-02-09T17:59:23,36,64,yes,39
5356,1770688764,2026-02-09T17:59:24,36,64,yes,14
5357,1770688766,2026-02-09T17:59:26,36,64,yes,10
5358,1770688766,2026-02-09T17:59:26,36,64,yes,13
5359,1770688767,2026-02-09T17:59:27,36,64,yes,4
5360,1770688767,2026-02-09T17:59:27,36,64,yes,119
5361,1770688768,2026-02-09T17:59:28,36,64,yes,15
5362,1770688768,2026-02-09T17:59:28,36,64,yes,6
5363,1770688768,2026-02-09T17:59:28,36,64,yes,13
5364,1770688770,2026-02-09T17:59:30,36,64,yes,29
5365,1770688770,2026-02-09T17:59:30,36,64,yes,113
5366,1770688770,2026-02-09T17:59:30,36,64,yes,13
5367,1770688770,2026-02-09T17:59:30,36,64,yes,937
5368,1770688771,2026-02-09T17:59:31,37,63,yes,7
5369,1770688772,2026-02-09T17:59:32,37,63,yes,1040
5370,1770688773,2026-02-09T17:59:33,36,64,yes,25
5371,1770688774,2026-02-09T17:59:34,36,64,yes,25
5372,1770688775,2026-02-09T17:59:35,36,64,yes,9
5373,1770688775,2026-02-09T17:59:35,36,64,yes,26
5374,1770688776,2026-02-09T17:59:36,36,64,yes,250
5375,1770688776,2026-02-09T17:59:36,36,64,yes,12
5376,1770688776,2026-02-09T17:59:36,37,63,yes,1
5377,1770688776,2026-02-09T17:59:36,37,63,yes,1
5378,1770688776,2026-02-09T17:59:36,35,65,no,47
5379,1770688777,2026-02-09T17:59:37,35,65,no,26
5380,1770688778,2026-02-09T17:59:38,37,63,yes,2
5381,1770688778,2026-02-09T17:59:38,37,63,yes,2
5382,1770688779,2026-02-09T17:59:39,37,63,yes,51
5383,1770688779,2026-02-09T17:59:39,37,63,yes,14
5384,1770688779,2026-02-09T17:59:39,37,63,yes,12
5385,1770688781,2026-02-09T17:59:41,37,63,yes,12
5386,1770688782,2026-02-09T17:59:42,37,63,yes,25
5387,1770688783,2026-02-09T17:59:43,37,63,yes,25
5388,1770688784,2026-02-09T17:59:44,37,63,yes,25
5389,1770688784,2026-02-09T17:59:44,37,63,yes,6
5390,1770688785,2026-02-09T17:59:45,37,63,yes,2
5391,1770688785,2026-02-09T17:59:45,36,64,no,14
5392,1770688785,2026-02-09T17:59:45,37,63,yes,26
5393,1770688786,2026-02-09T17:59:46,36,64,yes,51
5394,1770688786,2026-02-09T17:59:46,36,64,yes,25
5395,1770688786,2026-02-09T17:59:46,36,64,yes,3
5396,1770688787,2026-02-09T17:59:47,35,65,no,61
5397,1770688787,2026-02-09T17:59:47,36,64,yes,251
5398,1770688787,2026-02-09T17:59:47,36,64,yes,29
5399,1770688787,2026-02-09T17:59:47,36,64,yes,263
5400,1770688787,2026-02-09T17:59:47,36,64,yes,12
5401,1770688788,2026-02-09T17:59:48,37,63,yes,6
5402,1770688790,2026-02-09T17:59:50,37,63,yes,51
5403,1770688790,2026-02-09T17:59:50,37,63,yes,25
5404,1770688790,2026-02-09T17:59:50,37,63,yes,51
5405,1770688791,2026-02-09T17:59:51,37,63,yes,5435
5406,1770688792,2026-02-09T17:59:52,37,63,yes,102
5407,1770688792,2026-02-09T17:59:52,37,63,yes,38
5408,1770688792,2026-02-09T17:59:52,37,63,yes,9
5409,1770688793,2026-02-09T17:59:53,37,63,yes,2
5410,1770688793,2026-02-09T17:59:53,37,63,yes,25
5411,1770688793,2026-02-09T17:59:53,37,63,yes,25
5412,1770688795,2026-02-09T17:59:55,37,63,yes,2
5413,1770688795,2026-02-09T17:59:55,37,63,yes,181
5414,1770688796,2026-02-09T17:59:56,36,64,no,2
5415,1770688796,2026-02-09T17:59:56,37,63,yes,7
5416,1770688796,2026-02-09T17:59:56,37,63,yes,5
5417,1770688797,2026-02-09T17:59:57,37,63,yes,3
5418,1770688797,2026-02-09T17:59:57,37,63,yes,9
5419,1770688798,2026-02-09T17:59:58,37,63,yes,132
5420,1770688798,2026-02-09T17:59:58,37,63,yes,25
5421,1770688798,2026-02-09T17:59:58,37,63,yes,12
5422,1770688799,2026-02-09T17:59:59,37,63,yes,18
5423,1770688799,2026-02-09T17:59:59,37,63,yes,12
5424,1770688799,2026-02-09T17:59:59,37,63,yes,1
5425,1770688799,2026-02-09T17:59:59,37,63,yes,64
5426,1770688800,2026-02-09T18:00:00,37,63,yes,5
5427,1770688800,2026-02-09T18:00:00,36,64,no,10
5428,1770688800,2026-02-09T18:00:00,35,65,no,43
5429,1770688800,2026-02-09T18:00:00,37,63,yes,5
5430,1770688800,2026-02-09T18:00:00,36,64,yes,12
5431,1770688803,2026-02-09T18:00:03,36,64,yes,1
5432,1770688804,2026-02-09T18:00:04,36,64,yes,27
5433,1770688805,2026-02-09T18:00:05,35,65,no,147
5434,1770688806,2026-02-09T18:00:06,35,65,no,22
5435,1770688806,2026-02-09T18:00:06,36,64,yes,26
5436,1770688806,2026-02-09T18:00:06,36,64,yes,7
5437,1770688807,2026-02-09T18:00:07,36,64,yes,13
5438,1770688807,2026-02-09T18:00:07,35,65,no,100
5439,1770688808,2026-02-09T18:00:08,36,64,yes,13
5440,1770688808,2026-02-09T18:00:08,36,64,yes,265
5441,1770688814,2026-02-09T18:00:14,36,64,yes,12
5442,1770688814,2026-02-09T18:00:14,36,64,yes,1
5443,1770688815,2026-02-09T18:00:15,37,63,yes,150
5444,1770688816,2026-02-09T18:00:16,37,63,yes,1
5445,1770688817,2026-02-09T18:00:17,37,63,yes,12
5446,1770688817,2026-02-09T18:00:17,37,63,yes,38
5447,1770688818,2026-02-09T18:00:18,37,63,yes,207
5448,1770688818,2026-02-09T18:00:18,37,63,yes,20
5449,1770688819,2026-02-09T18:00:19,35,65,no,1
5450,1770688819,2026-02-09T18:00:19,37,63,yes,2
5451,1770688820,2026-02-09T18:00:20,37,63,yes,26
5452,1770688820,2026-02-09T18:00:20,36,64,no,14
5453,1770688821,2026-02-09T18:00:21,36,64,yes,139
5454,1770688823,2026-02-09T18:00:23,36,64,yes,739
5455,1770688823,2026-02-09T18:00:23,36,64,yes,13
5456,1770688823,2026-02-09T18:00:23,36,64,yes,1879
5457,1770688826,2026-02-09T18:00:26,37,63,yes,50
5458,1770688826,2026-02-09T18:00:26,37,63,yes,51
5459,1770688826,2026-02-09T18:00:26,37,63,yes,27
5460,1770688827,2026-02-09T18:00:27,37,63,yes,51
5461,1770688827,2026-02-09T18:00:27,37,63,yes,25
5462,1770688828,2026-02-09T18:00:28,37,63,yes,51
5463,1770688828,2026-02-09T18:00:28,37,63,yes,12
5464,1770688828,2026-02-09T18:00:28,37,63,yes,25
5465,1770688830,2026-02-09T18:00:30,37,63,yes,25
5466,1770688830,2026-02-09T18:00:30,37,63,yes,12
5467,1770688831,2026-02-09T18:00:31,37,63,yes,129
5468,1770688831,2026-02-09T18:00:31,37,63,yes,12
5469,1770688832,2026-02-09T18:00:32,37,63,yes,3
5470,1770688833,2026-02-09T18:00:33,37,63,yes,1
5471,1770688833,2026-02-09T18:00:33,37,63,yes,129
5472,1770688834,2026-02-09T18:00:34,37,63,yes,51
5473,1770688835,2026-02-09T18:00:35,37,63,yes,25
5474,1770688835,2026-02-09T18:00:35,37,63,yes,25
5475,1770688835,2026-02-09T18:00:35,37,63,yes,12
5476,1770688837,2026-02-09T18:00:37,37,63,yes,105
5477,1770688837,2026-02-09T18:00:37,37,63,yes,38
5478,1770688838,2026-02-09T18:00:38,36,64,no,14
5479,1770688839,2026-02-09T18:00:39,36,64,yes,2
5480,1770688840,2026-02-09T18:00:40,36,64,yes,1
5481,1770688840,2026-02-09T18:00:40,36,64,yes,1
5482,1770688840,2026-02-09T18:00:40,36,64,yes,2
5483,1770688843,2026-02-09T18:00:43,36,64,yes,9
5484,1770688843,2026-02-09T18:00:43,36,64,yes,4
5485,1770688843,2026-02-09T18:00:43,36,64,yes,25
5486,1770688844,2026-02-09T18:00:44,36,64,yes,53
5487,1770688846,2026-02-09T18:00:46,36,64,yes,13
5488,1770688847,2026-02-09T18:00:47,37,63,yes,7
5489,1770688849,2026-02-09T18:00:49,37,63,yes,103
5490,1770688851,2026-02-09T18:00:51,37,63,yes,15
5491,1770688851,2026-02-09T18:00:51,37,63,yes,5
5492,1770688852,2026-02-09T18:00:52,37,63,yes,2
5493,1770688852,2026-02-09T18:00:52,37,63,yes,709
5494,1770688852,2026-02-09T18:00:52,37,63,yes,51
5495,1770688852,2026-02-09T18:00:52,37,63,yes,440
5496,1770688852,2026-02-09T18:00:52,36,64,no,1
5497,1770688852,2026-02-09T18:00:52,37,63,yes,64
5498,1770688853,2026-02-09T18:00:53,37,63,yes,10
5499,1770688853,2026-02-09T18:00:53,37,63,yes,12
5500,1770688854,2026-02-09T18:00:54,37,63,yes,25
5501,1770688854,2026-02-09T18:00:54,37,63,yes,12
5502,1770688854,2026-02-09T18:00:54,37,63,yes,7
5503,1770688854,2026-02-09T18:00:54,37,63,yes,25
5504,1770688855,2026-02-09T18:00:55,37,63,yes,128
5505,1770688856,2026-02-09T18:00:56,37,63,yes,1294
5506,1770688857,2026-02-09T18:00:57,37,63,yes,2
5507,1770688857,2026-02-09T18:00:57,37,63,yes,12
5508,1770688857,2026-02-09T18:00:57,37,63,yes,10
5509,1770688858,2026-02-09T18:00:58,37,63,yes,12
5510,1770688858,2026-02-09T18:00:58,37,63,yes,20
5511,1770688860,2026-02-09T18:01:00,37,63,yes,51
5512,1770688861,2026-02-09T18:01:01,36,64,no,25
5513,1770688862,2026-02-09T18:01:02,37,63,yes,641
5514,1770688863,2026-02-09T18:01:03,37,63,yes,2564
5515,1770688863,2026-02-09T18:01:03,37,63,yes,25
5516,1770688866,2026-02-09T18:01:06,37,63,yes,12
5517,1770688867,2026-02-09T18:01:07,37,63,yes,51
5518,1770688867,2026-02-09T18:01:07,37,63,yes,12
5519,1770688868,2026-02-09T18:01:08,37,63,yes,12
5520,1770688868,2026-02-09T18:01:08,37,63,yes,28
5521,1770688869,2026-02-09T18:01:09,37,63,yes,38
5522,1770688869,2026-02-09T18:01:09,37,63,yes,7
5523,1770688870,2026-02-09T18:01:10,37,63,yes,18
5524,1770688872,2026-02-09T18:01:12,37,63,yes,31
5525,1770688872,2026-02-09T18:01:12,37,63,yes,51
5526,1770688873,2026-02-09T18:01:13,37,63,yes,25
5527,1770688873,2026-02-09T18:01:13,37,63,yes,73
5528,1770688873,2026-02-09T18:01:13,37,63,yes,12
5529,1770688874,2026-02-09T18:01:14,37,63,yes,38
5530,1770688874,2026-02-09T18:01:14,37,63,yes,128
5531,1770688875,2026-02-09T18:01:15,37,63,yes,75
5532,1770688875,2026-02-09T18:01:15,37,63,yes,25
5533,1770688877,2026-02-09T18:01:17,37,63,yes,25
5534,1770688877,2026-02-09T18:01:17,36,64,no,73
5535,1770688878,2026-02-09T18:01:18,36,64,no,23
5536,1770688879,2026-02-09T18:01:19,37,63,yes,51
5537,1770688880,2026-02-09T18:01:20,37,63,yes,25
5538,1770688882,2026-02-09T18:01:22,37,63,yes,64
5539,1770688884,2026-02-09T18:01:24,37,63,yes,5
5540,1770688885,2026-02-09T18:01:25,37,63,yes,25
5541,1770688885,2026-02-09T18:01:25,37,63,yes,25
5542,1770688886,2026-02-09T18:01:26,37,63,yes,100
5543,1770688886,2026-02-09T18:01:26,37,63,yes,39
5544,1770688888,2026-02-09T18:01:28,37,63,yes,25
5545,1770688888,2026-02-09T18:01:28,37,63,yes,25
5546,1770688888,2026-02-09T18:01:28,37,63,yes,12
5547,1770688889,2026-02-09T18:01:29,37,63,yes,15
5548,1770688891,2026-02-09T18:01:31,37,63,yes,44
5549,1770688891,2026-02-09T18:01:31,37,63,yes,18
5550,1770688892,2026-02-09T18:01:32,37,63,yes,12
5551,1770688892,2026-02-09T18:01:32,37,63,yes,23
5552,1770688898,2026-02-09T18:01:38,37,63,yes,51
5553,1770688899,2026-02-09T18:01:39,37,63,yes,100
5554,1770688899,2026-02-09T18:01:39,37,63,yes,129
5555,1770688900,2026-02-09T18:01:40,37,63,yes,5
5556,1770688901,2026-02-09T18:01:41,37,63,yes,25
5557,1770688901,2026-02-09T18:01:41,36,64,no,8
5558,1770688901,2026-02-09T18:01:41,36,64,no,6
5559,1770688901,2026-02-09T18:01:41,36,64,no,6
5560,1770688901,2026-02-09T18:01:41,35,65,no,62
5561,1770688902,2026-02-09T18:01:42,36,64,yes,64
5562,1770688903,2026-02-09T18:01:43,36,64,yes,169
5563,1770688903,2026-02-09T18:01:43,36,64,yes,39
5564,1770688904,2026-02-09T18:01:44,36,64,yes,12
5565,1770688904,2026-02-09T18:01:44,36,64,yes,18
5566,1770688907,2026-02-09T18:01:47,35,65,no,9
5567,1770688909,2026-02-09T18:01:49,36,64,yes,13
5568,1770688909,2026-02-09T18:01:49,36,64,yes,52
5569,1770688911,2026-02-09T18:01:51,36,64,yes,25
5570,1770688912,2026-02-09T18:01:52,36,64,yes,7
5571,1770688913,2026-02-09T18:01:53,36,64,yes,4
5572,1770688915,2026-02-09T18:01:55,36,64,yes,15
5573,1770688915,2026-02-09T18:01:55,35,65,no,20
5574,1770688917,2026-02-09T18:01:57,36,64,yes,26
5575,1770688917,2026-02-09T18:01:57,36,64,yes,26
5576,1770688917,2026-02-09T18:01:57,36,64,yes,2
5577,1770688918,2026-02-09T18:01:58,36,64,yes,7
5578,1770688919,2026-02-09T18:01:59,36,64,yes,4
5579,1770688919,2026-02-09T18:01:59,36,64,yes,52
5580,1770688919,2026-02-09T18:01:59,35,65,no,100
5581,1770688921,2026-02-09T18:02:01,36,64,yes,3
5582,1770688922,2026-02-09T18:02:02,36,64,yes,13
5583,1770688922,2026-02-09T18:02:02,36,64,yes,79
5584,1770688923,2026-02-09T18:02:03,36,64,yes,26
5585,1770688924,2026-02-09T18:02:04,36,64,yes,131
5586,1770688924,2026-02-09T18:02:04,36,64,yes,3
5587,1770688927,2026-02-09T18:02:07,36,64,yes,13
5588,1770688927,2026-02-09T18:02:07,36,64,yes,13
5589,1770688927,2026-02-09T18:02:07,36,64,yes,21
5590,1770688932,2026-02-09T18:02:12,36,64,yes,13
5591,1770688933,2026-02-09T18:02:13,36,64,yes,13
5592,1770688934,2026-02-09T18:02:14,36,64,yes,13
5593,1770688935,2026-02-09T18:02:15,36,64,yes,3
5594,1770688935,2026-02-09T18:02:15,36,64,yes,10
5595,1770688936,2026-02-09T18:02:16,36,64,yes,263
5596,1770688937,2026-02-09T18:02:17,36,64,yes,12
5597,1770688937,2026-02-09T18:02:17,36,64,yes,3
5598,1770688941,2026-02-09T18:02:21,36,64,yes,16
5599,1770688941,2026-02-09T18:02:21,36,64,yes,10
5600,1770688943,2026-02-09T18:02:23,36,64,yes,2
5601,1770688947,2026-02-09T18:02:27,37,63,yes,256
5602,1770688947,2026-02-09T18:02:27,37,63,yes,38
5603,1770688952,2026-02-09T18:02:32,37,63,yes,10
5604,1770688954,2026-02-09T18:02:34,37,63,yes,12
5605,1770688955,2026-02-09T18:02:35,37,63,yes,125
5606,1770688955,2026-02-09T18:02:35,37,63,yes,64
5607,1770688955,2026-02-09T18:02:35,37,63,yes,80
5608,1770688956,2026-02-09T18:02:36,37,63,yes,12
5609,1770688957,2026-02-09T18:02:37,37,63,yes,25
5610,1770688957,2026-02-09T18:02:37,37,63,yes,2
5611,1770688958,2026-02-09T18:02:38,37,63,yes,51
5612,1770688959,2026-02-09T18:02:39,37,63,yes,153
5613,1770688960,2026-02-09T18:02:40,37,63,yes,5
5614,1770688960,2026-02-09T18:02:40,37,63,yes,25
5615,1770688961,2026-02-09T18:02:41,37,63,yes,82
5616,1770688961,2026-02-09T18:02:41,36,64,no,25
5617,1770688962,2026-02-09T18:02:42,37,63,yes,26
5618,1770688963,2026-02-09T18:02:43,37,63,yes,12
5619,1770688964,2026-02-09T18:02:44,37,63,yes,50
5620,1770688965,2026-02-09T18:02:45,37,63,yes,250
5621,1770688966,2026-02-09T18:02:46,37,63,yes,75
5622,1770688966,2026-02-09T18:02:46,37,63,yes,5
5623,1770688967,2026-02-09T18:02:47,37,63,yes,200
5624,1770688968,2026-02-09T18:02:48,37,63,yes,12
5625,1770688969,2026-02-09T18:02:49,37,63,yes,3
5626,1770688974,2026-02-09T18:02:54,37,63,yes,47
5627,1770688974,2026-02-09T18:02:54,37,63,yes,76
5628,1770688976,2026-02-09T18:02:56,37,63,yes,200
5629,1770688976,2026-02-09T18:02:56,37,63,yes,2
5630,1770688976,2026-02-09T18:02:56,37,63,yes,12
5631,1770688976,2026-02-09T18:02:56,37,63,yes,12
5632,1770688978,2026-02-09T18:02:58,37,63,yes,256
5633,1770688978,2026-02-09T18:02:58,37,63,yes,25
5634,1770688979,2026-02-09T18:02:59,37,63,yes,25
5635,1770688981,2026-02-09T18:03:01,37,63,yes,38
5636,1770688986,2026-02-09T18:03:06,37,63,yes,125
5637,1770688987,2026-02-09T18:03:07,37,63,yes,310
5638,1770688987,2026-02-09T18:03:07,37,63,yes,5
5639,1770688989,2026-02-09T18:03:09,37,63,yes,12
5640,1770688989,2026-02-09T18:03:09,37,63,yes,7
5641,1770688990,2026-02-09T18:03:10,37,63,yes,1
5642,1770688990,2026-02-09T18:03:10,36,64,no,7
5643,1770688991,2026-02-09T18:03:11,37,63,yes,129
5644,1770688991,2026-02-09T18:03:11,37,63,yes,20
5645,1770688994,2026-02-09T18:03:14,37,63,yes,5
5646,1770688994,2026-02-09T18:03:14,37,63,yes,34
5647,1770688996,2026-02-09T18:03:16,37,63,yes,38
5648,1770688997,2026-02-09T18:03:17,37,63,yes,129
5649,1770688998,2026-02-09T18:03:18,37,63,yes,5
5650,1770689000,2026-02-09T18:03:20,37,63,yes,5
5651,1770689000,2026-02-09T18:03:20,37,63,yes,7
5652,1770689001,2026-02-09T18:03:21,37,63,yes,5
5653,1770689002,2026-02-09T18:03:22,37,63,yes,38
5654,1770689003,2026-02-09T18:03:23,37,63,yes,12
5655,1770689004,2026-02-09T18:03:24,37,63,yes,1538
5656,1770689004,2026-02-09T18:03:24,37,63,yes,12
5657,1770689005,2026-02-09T18:03:25,37,63,yes,517
5658,1770689009,2026-02-09T18:03:29,37,63,yes,25
5659,1770689009,2026-02-09T18:03:29,37,63,yes,94
5660,1770689011,2026-02-09T18:03:31,37,63,yes,12
5661,1770689011,2026-02-09T18:03:31,37,63,yes,17
5662,1770689012,2026-02-09T18:03:32,37,63,yes,12
5663,1770689013,2026-02-09T18:03:33,37,63,yes,12
5664,1770689014,2026-02-09T18:03:34,37,63,yes,351
5665,1770689015,2026-02-09T18:03:35,36,64,no,11
5666,1770689016,2026-02-09T18:03:36,37,63,yes,12
5667,1770689016,2026-02-09T18:03:36,37,63,yes,258
5668,1770689018,2026-02-09T18:03:38,36,64,no,5
5669,1770689018,2026-02-09T18:03:38,36,64,no,13
5670,1770689018,2026-02-09T18:03:38,36,64,no,1
5671,1770689018,2026-02-09T18:03:38,35,65,no,173
5672,1770689018,2026-02-09T18:03:38,37,63,yes,2
5673,1770689018,2026-02-09T18:03:38,36,64,yes,287
5674,1770689021,2026-02-09T18:03:41,36,64,yes,6
5675,1770689021,2026-02-09T18:03:41,36,64,yes,26
5676,1770689021,2026-02-09T18:03:41,36,64,yes,18
5677,1770689023,2026-02-09T18:03:43,36,64,yes,263
5678,1770689024,2026-02-09T18:03:44,36,64,yes,26
5679,1770689024,2026-02-09T18:03:44,36,64,yes,13
5680,1770689026,2026-02-09T18:03:46,36,64,yes,26
5681,1770689026,2026-02-09T18:03:46,36,64,yes,26
5682,1770689027,2026-02-09T18:03:47,36,64,yes,15
5683,1770689028,2026-02-09T18:03:48,36,64,yes,5
5684,1770689029,2026-02-09T18:03:49,36,64,yes,265
5685,1770689029,2026-02-09T18:03:49,36,64,yes,204
5686,1770689031,2026-02-09T18:03:51,36,64,yes,14
5687,1770689031,2026-02-09T18:03:51,37,63,yes,245
5688,1770689034,2026-02-09T18:03:54,35,65,no,431
5689,1770689038,2026-02-09T18:03:58,37,63,yes,7
5690,1770689038,2026-02-09T18:03:58,37,63,yes,6
5691,1770689040,2026-02-09T18:04:00,37,63,yes,64
5692,1770689041,2026-02-09T18:04:01,36,64,no,150
5693,1770689041,2026-02-09T18:04:01,36,64,no,13
5694,1770689042,2026-02-09T18:04:02,36,64,yes,13
5695,1770689042,2026-02-09T18:04:02,36,64,yes,26
5696,1770689043,2026-02-09T18:04:03,36,64,yes,2
5697,1770689044,2026-02-09T18:04:04,36,64,yes,12
5698,1770689045,2026-02-09T18:04:05,36,64,yes,7
5699,1770689046,2026-02-09T18:04:06,36,64,yes,5
5700,1770689047,2026-02-09T18:04:07,36,64,yes,7
5701,1770689050,2026-02-09T18:04:10,36,64,yes,29
5702,1770689050,2026-02-09T18:04:10,35,65,no,94
5703,1770689050,2026-02-09T18:04:10,35,65,no,1
5704,1770689050,2026-02-09T18:04:10,35,65,no,107
5705,1770689051,2026-02-09T18:04:11,36,64,yes,15
5706,1770689052,2026-02-09T18:04:12,36,64,yes,100
5707,1770689052,2026-02-09T18:04:12,36,64,yes,5
5708,1770689053,2026-02-09T18:04:13,36,64,yes,58
5709,1770689053,2026-02-09T18:04:13,36,64,yes,13
5710,1770689053,2026-02-09T18:04:13,35,65,no,12
5711,1770689053,2026-02-09T18:04:13,35,65,no,3
5712,1770689053,2026-02-09T18:04:13,35,65,no,134
5713,1770689054,2026-02-09T18:04:14,36,64,yes,106
5714,1770689055,2026-02-09T18:04:15,35,65,no,79
5715,1770689056,2026-02-09T18:04:16,36,64,yes,66
5716,1770689058,2026-02-09T18:04:18,35,65,no,416
5717,1770689059,2026-02-09T18:04:19,36,64,yes,26
5718,1770689060,2026-02-09T18:04:20,36,64,yes,53
5719,1770689062,2026-02-09T18:04:22,35,65,no,73
5720,1770689062,2026-02-09T18:04:22,36,64,yes,26
5721,1770689062,2026-02-09T18:04:22,36,64,yes,13
5722,1770689063,2026-02-09T18:04:23,35,65,no,64
5723,1770689064,2026-02-09T18:04:24,36,64,yes,7
5724,1770689065,2026-02-09T18:04:25,36,64,yes,64
5725,1770689066,2026-02-09T18:04:26,36,64,yes,13
5726,1770689066,2026-02-09T18:04:26,36,64,yes,52
5727,1770689067,2026-02-09T18:04:27,36,64,yes,5
5728,1770689068,2026-02-09T18:04:28,36,64,yes,13
5729,1770689069,2026-02-09T18:04:29,36,64,yes,265
5730,1770689069,2026-02-09T18:04:29,36,64,yes,8
5731,1770689070,2026-02-09T18:04:30,36,64,yes,116
5732,1770689070,2026-02-09T18:04:30,36,64,yes,16
5733,1770689070,2026-02-09T18:04:30,36,64,yes,131
5734,1770689072,2026-02-09T18:04:32,36,64,yes,2
5735,1770689075,2026-02-09T18:04:35,36,64,yes,5
5736,1770689076,2026-02-09T18:04:36,36,64,yes,263
5737,1770689077,2026-02-09T18:04:37,36,64,yes,2
5738,1770689077,2026-02-09T18:04:37,36,64,yes,26
5739,1770689078,2026-02-09T18:04:38,36,64,yes,53
5740,1770689080,2026-02-09T18:04:40,36,64,yes,2
5741,1770689081,2026-02-09T18:04:41,36,64,yes,77
5742,1770689083,2026-02-09T18:04:43,36,64,yes,10
5743,1770689084,2026-02-09T18:04:44,36,64,yes,66
5744,1770689085,2026-02-09T18:04:45,36,64,yes,26
5745,1770689088,2026-02-09T18:04:48,36,64,yes,15
5746,1770689088,2026-02-09T18:04:48,36,64,yes,12
5747,1770689088,2026-02-09T18:04:48,36,64,yes,77
5748,1770689088,2026-02-09T18:04:48,36,64,yes,171
5749,1770689089,2026-02-09T18:04:49,36,64,yes,26
5750,1770689090,2026-02-09T18:04:50,36,64,yes,13
5751,1770689090,2026-02-09T18:04:50,36,64,yes,79
5752,1770689091,2026-02-09T18:04:51,36,64,yes,13
5753,1770689091,2026-02-09T18:04:51,36,64,yes,38
5754,1770689093,2026-02-09T18:04:53,35,65,no,12
5755,1770689093,2026-02-09T18:04:53,36,64,yes,607
5756,1770689093,2026-02-09T18:04:53,36,64,yes,947
5757,1770689093,2026-02-09T18:04:53,36,64,yes,947
5758,1770689093,2026-02-09T18:04:53,36,64,yes,13
5759,1770689094,2026-02-09T18:04:54,36,64,yes,13
5760,1770689095,2026-02-09T18:04:55,36,64,yes,53
5761,1770689095,2026-02-09T18:04:55,36,64,yes,184
5762,1770689095,2026-02-09T18:04:55,36,64,yes,12
5763,1770689098,2026-02-09T18:04:58,37,63,yes,25
5764,1770689100,2026-02-09T18:05:00,37,63,yes,5
5765,1770689100,2026-02-09T18:05:00,37,63,yes,7
5766,1770689100,2026-02-09T18:05:00,37,63,yes,20
5767,1770689100,2026-02-09T18:05:00,37,63,yes,59
5768,1770689101,2026-02-09T18:05:01,37,63,yes,12
5769,1770689101,2026-02-09T18:05:01,37,63,yes,129
5770,1770689102,2026-02-09T18:05:02,37,63,yes,64
5771,1770689103,2026-02-09T18:05:03,37,63,yes,41
5772,1770689103,2026-02-09T18:05:03,37,63,yes,51
5773,1770689104,2026-02-09T18:05:04,37,63,yes,509
5774,1770689105,2026-02-09T18:05:05,37,63,yes,12
5775,1770689105,2026-02-09T18:05:05,37,63,yes,51
5776,1770689106,2026-02-09T18:05:06,37,63,yes,7
5777,1770689106,2026-02-09T18:05:06,37,63,yes,7
5778,1770689107,2026-02-09T18:05:07,37,63,yes,10
5779,1770689107,2026-02-09T18:05:07,37,63,yes,12
5780,1770689107,2026-02-09T18:05:07,37,63,yes,129
5781,1770689108,2026-02-09T18:05:08,37,63,yes,129
5782,1770689108,2026-02-09T18:05:08,37,63,yes,25
5783,1770689108,2026-02-09T18:05:08,37,63,yes,7
5784,1770689108,2026-02-09T18:05:08,37,63,yes,12
5785,1770689108,2026-02-09T18:05:08,37,63,yes,5
5786,1770689109,2026-02-09T18:05:09,37,63,yes,76
5787,1770689109,2026-02-09T18:05:09,37,63,yes,904
5788,1770689109,2026-02-09T18:05:09,37,63,yes,222
5789,1770689109,2026-02-09T18:05:09,37,63,yes,25
5790,1770689109,2026-02-09T18:05:09,37,63,yes,12
5791,1770689109,2026-02-09T18:05:09,37,63,no,13
5792,1770689109,2026-02-09T18:05:09,37,63,no,129
5793,1770689111,2026-02-09T18:05:11,38,62,yes,12
5794,1770689112,2026-02-09T18:05:12,38,62,yes,2
5795,1770689114,2026-02-09T18:05:14,38,62,yes,126
5796,1770689115,2026-02-09T18:05:15,38,62,yes,25
5797,1770689115,2026-02-09T18:05:15,38,62,yes,85
5798,1770689115,2026-02-09T18:05:15,38,62,yes,5
5799,1770689116,2026-02-09T18:05:16,38,62,yes,45
5800,1770689117,2026-02-09T18:05:17,38,62,yes,12
5801,1770689117,2026-02-09T18:05:17,38,62,yes,212
5802,1770689117,2026-02-09T18:05:17,38,62,yes,10
5803,1770689118,2026-02-09T18:05:18,38,62,yes,2
5804,1770689118,2026-02-09T18:05:18,38,62,yes,50
5805,1770689118,2026-02-09T18:05:18,38,62,yes,80
5806,1770689119,2026-02-09T18:05:19,38,62,yes,2
5807,1770689119,2026-02-09T18:05:19,38,62,yes,12
5808,1770689119,2026-02-09T18:05:19,38,62,yes,82
5809,1770689120,2026-02-09T18:05:20,38,62,yes,25
5810,1770689121,2026-02-09T18:05:21,38,62,yes,10
5811,1770689121,2026-02-09T18:05:21,38,62,yes,39
5812,1770689121,2026-02-09T18:05:21,38,62,yes,37
5813,1770689121,2026-02-09T18:05:21,38,62,yes,2
5814,1770689122,2026-02-09T18:05:22,37,63,no,14
5815,1770689122,2026-02-09T18:05:22,37,63,no,14
5816,1770689122,2026-02-09T18:05:22,38,62,yes,20
5817,1770689122,2026-02-09T18:05:22,38,62,yes,2
5818,1770689123,2026-02-09T18:05:23,38,62,yes,25
5819,1770689123,2026-02-09T18:05:23,38,62,yes,12
5820,1770689123,2026-02-09T18:05:23,37,63,no,3
5821,1770689124,2026-02-09T18:05:24,38,62,yes,12
5822,1770689126,2026-02-09T18:05:26,38,62,yes,7
5823,1770689126,2026-02-09T18:05:26,38,62,yes,5
5824,1770689126,2026-02-09T18:05:26,38,62,yes,249
5825,1770689127,2026-02-09T18:05:27,38,62,yes,7
5826,1770689127,2026-02-09T18:05:27,38,62,yes,362
5827,1770689127,2026-02-09T18:05:27,38,62,yes,17
5828,1770689127,2026-02-09T18:05:27,37,63,no,10
5829,1770689128,2026-02-09T18:05:28,37,63,yes,12
5830,1770689130,2026-02-09T18:05:30,37,63,yes,10
5831,1770689130,2026-02-09T18:05:30,37,63,yes,129
5832,1770689130,2026-02-09T18:05:30,37,63,yes,657
5833,1770689131,2026-02-09T18:05:31,36,64,no,115
5834,1770689131,2026-02-09T18:05:31,37,63,yes,14
5835,1770689131,2026-02-09T18:05:31,37,63,yes,7
5836,1770689131,2026-02-09T18:05:31,37,63,yes,7
5837,1770689131,2026-02-09T18:05:31,38,62,yes,60
5838,1770689131,2026-02-09T18:05:31,38,62,yes,45
5839,1770689131,2026-02-09T18:05:31,38,62,yes,25
5840,1770689132,2026-02-09T18:05:32,38,62,yes,12
5841,1770689132,2026-02-09T18:05:32,38,62,yes,25
5842,1770689132,2026-02-09T18:05:32,37,63,yes,5
5843,1770689133,2026-02-09T18:05:33,37,63,yes,1009
5844,1770689133,2026-02-09T18:05:33,37,63,yes,12
5845,1770689135,2026-02-09T18:05:35,37,63,yes,256
5846,1770689135,2026-02-09T18:05:35,37,63,yes,8
5847,1770689135,2026-02-09T18:05:35,37,63,yes,42
5848,1770689135,2026-02-09T18:05:35,37,63,yes,1294
5849,1770689136,2026-02-09T18:05:36,37,63,yes,164
5850,1770689136,2026-02-09T18:05:36,37,63,yes,25
5851,1770689136,2026-02-09T18:05:36,37,63,yes,5
5852,1770689137,2026-02-09T18:05:37,36,64,no,13
5853,1770689137,2026-02-09T18:05:37,37,63,yes,25
5854,1770689138,2026-02-09T18:05:38,37,63,yes,3
5855,1770689138,2026-02-09T18:05:38,37,63,yes,129
5856,1770689139,2026-02-09T18:05:39,37,63,yes,25
5857,1770689141,2026-02-09T18:05:41,37,63,yes,12
5858,1770689142,2026-02-09T18:05:42,37,63,yes,194
5859,1770689143,2026-02-09T18:05:43,36,64,no,3
5860,1770689143,2026-02-09T18:05:43,36,64,no,3
5861,1770689144,2026-02-09T18:05:44,37,63,yes,7
5862,1770689144,2026-02-09T18:05:44,37,63,yes,12
5863,1770689144,2026-02-09T18:05:44,36,64,no,2366
5864,1770689144,2026-02-09T18:05:44,36,64,no,14
5865,1770689144,2026-02-09T18:05:44,35,65,no,2500
5866,1770689144,2026-02-09T18:05:44,32,68,no,941
5867,1770689144,2026-02-09T18:05:44,32,68,no,50
5868,1770689144,2026-02-09T18:05:44,31,69,no,1389
5869,1770689145,2026-02-09T18:05:45,36,64,yes,23
5870,1770689145,2026-02-09T18:05:45,36,64,yes,2
5871,1770689145,2026-02-09T18:05:45,36,64,yes,20
5872,1770689146,2026-02-09T18:05:46,34,66,no,12
5873,1770689146,2026-02-09T18:05:46,31,69,no,12
5874,1770689146,2026-02-09T18:05:46,31,69,no,8
5875,1770689146,2026-02-09T18:05:46,31,69,no,6
5876,1770689146,2026-02-09T18:05:46,31,69,no,23
5877,1770689147,2026-02-09T18:05:47,31,69,yes,5
5878,1770689147,2026-02-09T18:05:47,31,69,yes,13
5879,1770689147,2026-02-09T18:05:47,31,69,yes,36
5880,1770689147,2026-02-09T18:05:47,30,70,no,20
5881,1770689147,2026-02-09T18:05:47,30,70,no,13
5882,1770689147,2026-02-09T18:05:47,30,70,no,100
5883,1770689148,2026-02-09T18:05:48,31,69,yes,46
5884,1770689149,2026-02-09T18:05:49,29,71,no,13
5885,1770689149,2026-02-09T18:05:49,29,71,no,10
5886,1770689149,2026-02-09T18:05:49,28,72,no,5
5887,1770689149,2026-02-09T18:05:49,28,72,no,966
5888,1770689149,2026-02-09T18:05:49,28,72,no,14
5889,1770689150,2026-02-09T18:05:50,29,71,yes,3
5890,1770689151,2026-02-09T18:05:51,28,72,yes,6
5891,1770689151,2026-02-09T18:05:51,28,72,yes,225
5892,1770689152,2026-02-09T18:05:52,28,72,yes,16
5893,1770689152,2026-02-09T18:05:52,28,72,yes,142
5894,1770689153,2026-02-09T18:05:53,28,72,yes,17
5895,1770689153,2026-02-09T18:05:53,28,72,yes,657
5896,1770689153,2026-02-09T18:05:53,28,72,yes,23
5897,1770689155,2026-02-09T18:05:55,28,72,yes,17
5898,1770689155,2026-02-09T18:05:55,28,72,yes,15
5899,1770689156,2026-02-09T18:05:56,28,72,yes,5
5900,1770689156,2026-02-09T18:05:56,28,72,yes,49
5901,1770689156,2026-02-09T18:05:56,28,72,yes,34
5902,1770689157,2026-02-09T18:05:57,27,73,no,12
5903,1770689157,2026-02-09T18:05:57,27,73,no,50
5904,1770689157,2026-02-09T18:05:57,27,73,no,150
5905,1770689159,2026-02-09T18:05:59,29,71,yes,16
5906,1770689159,2026-02-09T18:05:59,29,71,yes,52
5907,1770689159,2026-02-09T18:05:59,29,71,yes,6
5908,1770689160,2026-02-09T18:06:00,29,71,yes,65
5909,1770689160,2026-02-09T18:06:00,29,71,yes,164
5910,1770689161,2026-02-09T18:06:01,29,71,yes,1
5911,1770689162,2026-02-09T18:06:02,29,71,yes,22
5912,1770689163,2026-02-09T18:06:03,29,71,yes,14
5913,1770689165,2026-02-09T18:06:05,29,71,no,1
5914,1770689165,2026-02-09T18:06:05,29,71,no,13
5915,1770689165,2026-02-09T18:06:05,29,71,no,56
5916,1770689165,2026-02-09T18:06:05,29,71,no,82
5917,1770689165,2026-02-09T18:06:05,30,70,yes,12
5918,1770689165,2026-02-09T18:06:05,30,70,yes,3
5919,1770689165,2026-02-09T18:06:05,30,70,yes,15
5920,1770689166,2026-02-09T18:06:06,29,71,no,16
5921,1770689166,2026-02-09T18:06:06,30,70,yes,316
5922,1770689167,2026-02-09T18:06:07,30,70,yes,3
5923,1770689168,2026-02-09T18:06:08,30,70,yes,12
5924,1770689168,2026-02-09T18:06:08,30,70,yes,63
5925,1770689168,2026-02-09T18:06:08,30,70,yes,49
5926,1770689168,2026-02-09T18:06:08,29,71,no,13
5927,1770689168,2026-02-09T18:06:08,29,71,yes,285
5928,1770689169,2026-02-09T18:06:09,29,71,yes,65
5929,1770689169,2026-02-09T18:06:09,28,72,no,12
5930,1770689170,2026-02-09T18:06:10,28,72,yes,65
5931,1770689170,2026-02-09T18:06:10,28,72,yes,65
5932,1770689170,2026-02-09T18:06:10,28,72,yes,16
5933,1770689170,2026-02-09T18:06:10,28,72,yes,15
5934,1770689170,2026-02-09T18:06:10,28,72,yes,6
5935,1770689171,2026-02-09T18:06:11,28,72,yes,31
5936,1770689171,2026-02-09T18:06:11,28,72,yes,193
5937,1770689172,2026-02-09T18:06:12,28,72,yes,60
5938,1770689172,2026-02-09T18:06:12,28,72,yes,474
5939,1770689172,2026-02-09T18:06:12,28,72,yes,937
5940,1770689172,2026-02-09T18:06:12,28,72,yes,293
5941,1770689173,2026-02-09T18:06:13,28,72,yes,13
5942,1770689173,2026-02-09T18:06:13,28,72,yes,3
5943,1770689173,2026-02-09T18:06:13,28,72,yes,11
5944,1770689173,2026-02-09T18:06:13,28,72,yes,6
5945,1770689173,2026-02-09T18:06:13,28,72,yes,23
5946,1770689173,2026-02-09T18:06:13,28,72,yes,16
5947,1770689173,2026-02-09T18:06:13,28,72,yes,17
5948,1770689173,2026-02-09T18:06:13,28,72,yes,49
5949,1770689175,2026-02-09T18:06:15,28,72,yes,34
5950,1770689175,2026-02-09T18:06:15,28,72,yes,17
5951,1770689175,2026-02-09T18:06:15,28,72,yes,6
5952,1770689176,2026-02-09T18:06:16,28,72,yes,7
5953,1770689176,2026-02-09T18:06:16,28,72,yes,10
5954,1770689176,2026-02-09T18:06:16,28,72,yes,2
5955,1770689176,2026-02-09T18:06:16,29,71,yes,326
5956,1770689177,2026-02-09T18:06:17,28,72,yes,12
5957,1770689177,2026-02-09T18:06:17,28,72,yes,22
5958,1770689177,2026-02-09T18:06:17,28,72,yes,64
5959,1770689178,2026-02-09T18:06:18,28,72,yes,6
5960,1770689178,2026-02-09T18:06:18,28,72,yes,102
5961,1770689178,2026-02-09T18:06:18,28,72,yes,6
5962,1770689178,2026-02-09T18:06:18,28,72,yes,48
5963,1770689178,2026-02-09T18:06:18,28,72,yes,34
5964,1770689181,2026-02-09T18:06:21,28,72,yes,5
5965,1770689182,2026-02-09T18:06:22,28,72,yes,261
5966,1770689182,2026-02-09T18:06:22,28,72,yes,462
5967,1770689182,2026-02-09T18:06:22,28,72,yes,235
5968,1770689182,2026-02-09T18:06:22,26,74,no,1
5969,1770689183,2026-02-09T18:06:23,28,72,yes,14
5970,1770689183,2026-02-09T18:06:23,28,72,yes,2
5971,1770689183,2026-02-09T18:06:23,28,72,yes,114
5972,1770689183,2026-02-09T18:06:23,28,72,yes,17
5973,1770689184,2026-02-09T18:06:24,28,72,yes,6
5974,1770689184,2026-02-09T18:06:24,28,72,yes,170
5975,1770689184,2026-02-09T18:06:24,28,72,yes,33
5976,1770689184,2026-02-09T18:06:24,28,72,yes,68
5977,1770689185,2026-02-09T18:06:25,28,72,yes,68
5978,1770689185,2026-02-09T18:06:25,28,72,yes,146
5979,1770689185,2026-02-09T18:06:25,28,72,yes,78
5980,1770689185,2026-02-09T18:06:25,28,72,yes,1
5981,1770689185,2026-02-09T18:06:25,28,72,yes,34
5982,1770689185,2026-02-09T18:06:25,28,72,yes,3
5983,1770689186,2026-02-09T18:06:26,28,72,yes,3
5984,1770689187,2026-02-09T18:06:27,27,73,yes,10
5985,1770689187,2026-02-09T18:06:27,27,73,yes,31
5986,1770689188,2026-02-09T18:06:28,27,73,yes,17
5987,1770689189,2026-02-09T18:06:29,27,73,yes,52
5988,1770689190,2026-02-09T18:06:30,27,73,yes,17
5989,1770689190,2026-02-09T18:06:30,27,73,yes,68
5990,1770689191,2026-02-09T18:06:31,27,73,yes,31
5991,1770689191,2026-02-09T18:06:31,27,73,yes,50
5992,1770689191,2026-02-09T18:06:31,26,74,no,12
5993,1770689191,2026-02-09T18:06:31,26,74,yes,35
5994,1770689192,2026-02-09T18:06:32,26,74,yes,17
5995,1770689192,2026-02-09T18:06:32,26,74,yes,2
5996,1770689192,2026-02-09T18:06:32,26,74,yes,182
5997,1770689192,2026-02-09T18:06:32,26,74,yes,53
5998,1770689193,2026-02-09T18:06:33,26,74,yes,10
5999,1770689193,2026-02-09T18:06:33,26,74,yes,66
6000,1770689193,2026-02-09T18:06:33,25,75,no,13
6001,1770689193,2026-02-09T18:06:33,25,75,no,5
6002,1770689194,2026-02-09T18:06:34,26,74,yes,2
6003,1770689194,2026-02-09T18:06:34,26,74,yes,3
6004,1770689195,2026-02-09T18:06:35,26,74,yes,7
6005,1770689196,2026-02-09T18:06:36,26,74,yes,17
6006,1770689196,2026-02-09T18:06:36,25,75,no,9
6007,1770689196,2026-02-09T18:06:36,25,75,yes,775
6008,1770689196,2026-02-09T18:06:36,26,74,yes,13
6009,1770689196,2026-02-09T18:06:36,26,74,yes,5000
6010,1770689196,2026-02-09T18:06:36,26,74,yes,15
6011,1770689196,2026-02-09T18:06:36,26,74,yes,27
6012,1770689196,2026-02-09T18:06:36,26,74,yes,784
6013,1770689196,2026-02-09T18:06:36,26,74,yes,784
6014,1770689197,2026-02-09T18:06:37,26,74,yes,91
6015,1770689197,2026-02-09T18:06:37,26,74,yes,86
6016,1770689197,2026-02-09T18:06:37,27,73,yes,784
6017,1770689197,2026-02-09T18:06:37,27,73,yes,784
6018,1770689197,2026-02-09T18:06:37,27,73,yes,784
6019,1770689197,2026-02-09T18:06:37,27,73,yes,1197
6020,1770689199,2026-02-09T18:06:39,27,73,no,10
6021,1770689199,2026-02-09T18:06:39,28,72,yes,13
6022,1770689199,2026-02-09T18:06:39,28,72,yes,17
6023,1770689199,2026-02-09T18:06:39,28,72,yes,12
6024,1770689199,2026-02-09T18:06:39,28,72,yes,17
6025,1770689201,2026-02-09T18:06:41,28,72,no,14
6026,1770689201,2026-02-09T18:06:41,28,72,no,27
6027,1770689201,2026-02-09T18:06:41,27,73,no,248
6028,1770689203,2026-02-09T18:06:43,29,71,yes,6
6029,1770689203,2026-02-09T18:06:43,29,71,yes,7
6030,1770689206,2026-02-09T18:06:46,30,70,yes,3
6031,1770689207,2026-02-09T18:06:47,30,70,yes,9
6032,1770689207,2026-02-09T18:06:47,32,68,yes,21
6033,1770689207,2026-02-09T18:06:47,30,70,no,6
6034,1770689207,2026-02-09T18:06:47,31,69,yes,149
6035,1770689208,2026-02-09T18:06:48,31,69,yes,15
6036,1770689209,2026-02-09T18:06:49,30,70,no,6
6037,1770689209,2026-02-09T18:06:49,30,70,yes,2
6038,1770689210,2026-02-09T18:06:50,30,70,yes,45
6039,1770689210,2026-02-09T18:06:50,30,70,yes,12
6040,1770689210,2026-02-09T18:06:50,30,70,yes,58
6041,1770689210,2026-02-09T18:06:50,30,70,yes,63
6042,1770689211,2026-02-09T18:06:51,30,70,yes,560
6043,1770689211,2026-02-09T18:06:51,30,70,yes,552
6044,1770689212,2026-02-09T18:06:52,30,70,yes,13
6045,1770689212,2026-02-09T18:06:52,30,70,yes,2
6046,1770689213,2026-02-09T18:06:53,30,70,yes,31
6047,1770689213,2026-02-09T18:06:53,30,70,yes,1
6048,1770689213,2026-02-09T18:06:53,30,70,yes,9
6049,1770689213,2026-02-09T18:06:53,30,70,yes,3
6050,1770689213,2026-02-09T18:06:53,29,71,no,14
6051,1770689213,2026-02-09T18:06:53,28,72,no,40
6052,1770689214,2026-02-09T18:06:54,30,70,yes,16
6053,1770689214,2026-02-09T18:06:54,30,70,yes,3
6054,1770689214,2026-02-09T18:06:54,30,70,yes,3
6055,1770689214,2026-02-09T18:06:54,30,70,yes,250
6056,1770689215,2026-02-09T18:06:55,30,70,yes,428
6057,1770689215,2026-02-09T18:06:55,30,70,yes,72
6058,1770689215,2026-02-09T18:06:55,30,70,yes,1
6059,1770689216,2026-02-09T18:06:56,30,70,yes,12
6060,1770689216,2026-02-09T18:06:56,30,70,yes,19
6061,1770689216,2026-02-09T18:06:56,30,70,yes,31
6062,1770689216,2026-02-09T18:06:56,30,70,yes,2
6063,1770689217,2026-02-09T18:06:57,30,70,yes,15
6064,1770689218,2026-02-09T18:06:58,30,70,yes,12
6065,1770689219,2026-02-09T18:06:59,29,71,no,1
6066,1770689219,2026-02-09T18:06:59,29,71,no,3
6067,1770689220,2026-02-09T18:07:00,30,70,yes,15
6068,1770689220,2026-02-09T18:07:00,29,71,no,9
6069,1770689221,2026-02-09T18:07:01,30,70,yes,63
6070,1770689221,2026-02-09T18:07:01,30,70,yes,1
6071,1770689223,2026-02-09T18:07:03,30,70,yes,158
6072,1770689224,2026-02-09T18:07:04,30,70,yes,63
6073,1770689224,2026-02-09T18:07:04,30,70,yes,31
6074,1770689226,2026-02-09T18:07:06,30,70,yes,9
6075,1770689226,2026-02-09T18:07:06,30,70,yes,242
6076,1770689226,2026-02-09T18:07:06,30,70,yes,164
6077,1770689226,2026-02-09T18:07:06,30,70,yes,3
6078,1770689227,2026-02-09T18:07:07,30,70,yes,63
6079,1770689227,2026-02-09T18:07:07,30,70,yes,25
6080,1770689227,2026-02-09T18:07:07,30,70,yes,53
6081,1770689227,2026-02-09T18:07:07,30,70,yes,14
6082,1770689227,2026-02-09T18:07:07,30,70,yes,2
6083,1770689228,2026-02-09T18:07:08,31,69,yes,9
6084,1770689229,2026-02-09T18:07:09,31,69,yes,12
6085,1770689230,2026-02-09T18:07:10,31,69,yes,15
6086,1770689230,2026-02-09T18:07:10,31,69,yes,3
6087,1770689231,2026-02-09T18:07:11,31,69,yes,14
6088,1770689231,2026-02-09T18:07:11,35,65,yes,1
6089,1770689231,2026-02-09T18:07:11,31,69,no,12
6090,1770689231,2026-02-09T18:07:11,29,71,no,788
6091,1770689233,2026-02-09T18:07:13,31,69,no,4
6092,1770689234,2026-02-09T18:07:14,33,67,yes,13
6093,1770689234,2026-02-09T18:07:14,34,66,yes,13
6094,1770689234,2026-02-09T18:07:14,34,66,yes,50
6095,1770689234,2026-02-09T18:07:14,35,65,yes,303
6096,1770689234,2026-02-09T18:07:14,35,65,yes,156
6097,1770689235,2026-02-09T18:07:15,31,69,no,8
6098,1770689235,2026-02-09T18:07:15,31,69,no,14
6099,1770689236,2026-02-09T18:07:16,35,65,yes,1
6100,1770689236,2026-02-09T18:07:16,34,66,yes,14
6101,1770689237,2026-02-09T18:07:17,33,67,no,13
6102,1770689237,2026-02-09T18:07:17,34,66,yes,14
6103,1770689237,2026-02-09T18:07:17,33,67,yes,27
6104,1770689238,2026-02-09T18:07:18,32,68,yes,4
6105,1770689239,2026-02-09T18:07:19,31,69,no,14
6106,1770689239,2026-02-09T18:07:19,31,69,yes,8
6107,1770689239,2026-02-09T18:07:19,31,69,yes,6
6108,1770689239,2026-02-09T18:07:19,33,67,yes,3
6109,1770689239,2026-02-09T18:07:19,32,68,yes,23
6110,1770689239,2026-02-09T18:07:19,33,67,yes,33
6111,1770689240,2026-02-09T18:07:20,32,68,yes,12
6112,1770689240,2026-02-09T18:07:20,33,67,yes,111
6113,1770689240,2026-02-09T18:07:20,33,67,yes,5
6114,1770689240,2026-02-09T18:07:20,31,69,yes,126
6115,1770689242,2026-02-09T18:07:22,31,69,yes,50
6116,1770689242,2026-02-09T18:07:22,32,68,yes,102
6117,1770689243,2026-02-09T18:07:23,32,68,yes,28
6118,1770689244,2026-02-09T18:07:24,31,69,yes,30
6119,1770689244,2026-02-09T18:07:24,31,69,yes,5738
6120,1770689244,2026-02-09T18:07:24,31,69,yes,59
6121,1770689247,2026-02-09T18:07:27,31,69,yes,74
6122,1770689248,2026-02-09T18:07:28,31,69,yes,15
6123,1770689248,2026-02-09T18:07:28,31,69,yes,15
6124,1770689251,2026-02-09T18:07:31,33,67,yes,1
6125,1770689251,2026-02-09T18:07:31,32,68,no,23
6126,1770689251,2026-02-09T18:07:31,32,68,no,13
6127,1770689251,2026-02-09T18:07:31,31,69,no,70
6128,1770689251,2026-02-09T18:07:31,31,69,no,186
6129,1770689251,2026-02-09T18:07:31,33,67,yes,8
6130,1770689251,2026-02-09T18:07:31,33,67,yes,21
6131,1770689251,2026-02-09T18:07:31,33,67,yes,13
6132,1770689251,2026-02-09T18:07:31,33,67,yes,16
6133,1770689252,2026-02-09T18:07:32,33,67,yes,13
6134,1770689253,2026-02-09T18:07:33,32,68,no,12
6135,1770689256,2026-02-09T18:07:36,34,66,yes,13
6136,1770689258,2026-02-09T18:07:38,33,67,no,14
6137,1770689258,2026-02-09T18:07:38,33,67,yes,13
6138,1770689258,2026-02-09T18:07:38,33,67,yes,14
6139,1770689259,2026-02-09T18:07:39,33,67,no,12
6140,1770689259,2026-02-09T18:07:39,34,66,yes,2
6141,1770689259,2026-02-09T18:07:39,32,68,no,100
6142,1770689259,2026-02-09T18:07:39,32,68,no,12
6143,1770689259,2026-02-09T18:07:39,32,68,yes,109
6144,1770689259,2026-02-09T18:07:39,32,68,yes,283
6145,1770689259,2026-02-09T18:07:39,32,68,yes,14
6146,1770689259,2026-02-09T18:07:39,31,69,yes,13
6147,1770689259,2026-02-09T18:07:39,32,68,yes,2
6148,1770689260,2026-02-09T18:07:40,31,69,yes,14
6149,1770689260,2026-02-09T18:07:40,32,68,yes,13
6150,1770689260,2026-02-09T18:07:40,33,67,yes,124
6151,1770689260,2026-02-09T18:07:40,29,71,no,12
6152,1770689260,2026-02-09T18:07:40,29,71,no,13
6153,1770689261,2026-02-09T18:07:41,29,71,yes,28
6154,1770689261,2026-02-09T18:07:41,27,73,yes,13
6155,1770689261,2026-02-09T18:07:41,29,71,yes,2
6156,1770689261,2026-02-09T18:07:41,28,72,yes,14
6157,1770689261,2026-02-09T18:07:41,29,71,yes,42
6158,1770689261,2026-02-09T18:07:41,29,71,yes,18
6159,1770689262,2026-02-09T18:07:42,29,71,yes,61
6160,1770689262,2026-02-09T18:07:42,29,71,yes,28
6161,1770689263,2026-02-09T18:07:43,28,72,yes,32
6162,1770689263,2026-02-09T18:07:43,28,72,yes,32
6163,1770689263,2026-02-09T18:07:43,28,72,yes,65
6164,1770689263,2026-02-09T18:07:43,28,72,yes,32
6165,1770689263,2026-02-09T18:07:43,28,72,yes,16
6166,1770689263,2026-02-09T18:07:43,28,72,yes,16
6167,1770689263,2026-02-09T18:07:43,28,72,yes,25
6168,1770689264,2026-02-09T18:07:44,28,72,yes,1
6169,1770689265,2026-02-09T18:07:45,28,72,yes,19
6170,1770689265,2026-02-09T18:07:45,28,72,yes,201
6171,1770689265,2026-02-09T18:07:45,28,72,yes,111
6172,1770689265,2026-02-09T18:07:45,28,72,yes,328
6173,1770689265,2026-02-09T18:07:45,28,72,yes,12
6174,1770689265,2026-02-09T18:07:45,28,72,yes,6
6175,1770689265,2026-02-09T18:07:45,28,72,yes,21
6176,1770689265,2026-02-09T18:07:45,28,72,yes,11
6177,1770689265,2026-02-09T18:07:45,28,72,yes,34
6178,1770689266,2026-02-09T18:07:46,28,72,yes,40
6179,1770689267,2026-02-09T18:07:47,28,72,yes,17
6180,1770689267,2026-02-09T18:07:47,28,72,yes,48
6181,1770689267,2026-02-09T18:07:47,28,72,yes,150
6182,1770689267,2026-02-09T18:07:47,28,72,yes,300
6183,1770689267,2026-02-09T18:07:47,28,72,yes,352
6184,1770689267,2026-02-09T18:07:47,27,73,no,12
6185,1770689267,2026-02-09T18:07:47,27,73,no,14
6186,1770689267,2026-02-09T18:07:47,27,73,yes,170
6187,1770689267,2026-02-09T18:07:47,27,73,yes,37
6188,1770689268,2026-02-09T18:07:48,27,73,yes,17
6189,1770689268,2026-02-09T18:07:48,27,73,yes,10
6190,1770689269,2026-02-09T18:07:49,27,73,yes,4
6191,1770689269,2026-02-09T18:07:49,27,73,yes,304
6192,1770689269,2026-02-09T18:07:49,27,73,yes,48
6193,1770689269,2026-02-09T18:07:49,27,73,yes,17
6194,1770689269,2026-02-09T18:07:49,27,73,yes,35
6195,1770689270,2026-02-09T18:07:50,25,75,no,12
6196,1770689270,2026-02-09T18:07:50,25,75,yes,13
6197,1770689273,2026-02-09T18:07:53,28,72,yes,97
6198,1770689274,2026-02-09T18:07:54,27,73,yes,7
6199,1770689274,2026-02-09T18:07:54,27,73,yes,68
6200,1770689275,2026-02-09T18:07:55,27,73,yes,5404
6201,1770689275,2026-02-09T18:07:55,27,73,yes,1396
6202,1770689276,2026-02-09T18:07:56,26,74,no,13
6203,1770689276,2026-02-09T18:07:56,26,74,yes,35
6204,1770689278,2026-02-09T18:07:58,26,74,yes,3
6205,1770689278,2026-02-09T18:07:58,25,75,no,38
6206,1770689278,2026-02-09T18:07:58,26,74,yes,12
6207,1770689278,2026-02-09T18:07:58,27,73,yes,30
6208,1770689281,2026-02-09T18:08:01,27,73,yes,35
6209,1770689282,2026-02-09T18:08:02,27,73,yes,13
6210,1770689282,2026-02-09T18:08:02,26,74,no,1
6211,1770689282,2026-02-09T18:08:02,26,74,no,14
6212,1770689282,2026-02-09T18:08:02,26,74,no,578
6213,1770689284,2026-02-09T18:08:04,27,73,no,9
6214,1770689285,2026-02-09T18:08:05,28,72,yes,14
6215,1770689287,2026-02-09T18:08:07,30,70,yes,14
6216,1770689288,2026-02-09T18:08:08,30,70,yes,312
6217,1770689289,2026-02-09T18:08:09,28,72,no,14
6218,1770689289,2026-02-09T18:08:09,28,72,no,5
6219,1770689289,2026-02-09T18:08:09,27,73,no,12
6220,1770689290,2026-02-09T18:08:10,28,72,yes,13
6221,1770689290,2026-02-09T18:08:10,29,71,yes,18
6222,1770689290,2026-02-09T18:08:10,29,71,yes,32
6223,1770689290,2026-02-09T18:08:10,29,71,yes,95
6224,1770689291,2026-02-09T18:08:11,29,71,yes,144
6225,1770689291,2026-02-09T18:08:11,29,71,yes,13
6226,1770689291,2026-02-09T18:08:11,30,70,yes,6
6227,1770689291,2026-02-09T18:08:11,30,70,yes,12
6228,1770689292,2026-02-09T18:08:12,29,71,yes,65
6229,1770689293,2026-02-09T18:08:13,29,71,yes,38
6230,1770689294,2026-02-09T18:08:14,29,71,yes,32
6231,1770689296,2026-02-09T18:08:16,30,70,yes,31
6232,1770689297,2026-02-09T18:08:17,30,70,yes,50
6233,1770689298,2026-02-09T18:08:18,30,70,yes,65
6234,1770689299,2026-02-09T18:08:19,30,70,yes,165
6235,1770689299,2026-02-09T18:08:19,30,70,yes,7
6236,1770689299,2026-02-09T18:08:19,28,72,no,14
6237,1770689299,2026-02-09T18:08:19,28,72,no,63
6238,1770689299,2026-02-09T18:08:19,30,70,yes,75
6239,1770689299,2026-02-09T18:08:19,28,72,no,126
6240,1770689300,2026-02-09T18:08:20,30,70,yes,125
6241,1770689300,2026-02-09T18:08:20,30,70,yes,61
6242,1770689300,2026-02-09T18:08:20,30,70,yes,39
6243,1770689301,2026-02-09T18:08:21,28,72,no,37
6244,1770689301,2026-02-09T18:08:21,29,71,yes,10
6245,1770689301,2026-02-09T18:08:21,29,71,no,5
6246,1770689304,2026-02-09T18:08:24,29,71,no,9
6247,1770689304,2026-02-09T18:08:24,31,69,yes,6
6248,1770689304,2026-02-09T18:08:24,29,71,no,4
6249,1770689304,2026-02-09T18:08:24,28,72,no,31
6250,1770689307,2026-02-09T18:08:27,30,70,yes,13
6251,1770689307,2026-02-09T18:08:27,30,70,yes,2
6252,1770689307,2026-02-09T18:08:27,30,70,yes,17
6253,1770689307,2026-02-09T18:08:27,29,71,no,12
6254,1770689307,2026-02-09T18:08:27,28,72,no,50
6255,1770689307,2026-02-09T18:08:27,27,73,no,4
6256,1770689308,2026-02-09T18:08:28,28,72,yes,31
6257,1770689308,2026-02-09T18:08:28,28,72,yes,92
6258,1770689308,2026-02-09T18:08:28,28,72,yes,95
6259,1770689309,2026-02-09T18:08:29,28,72,yes,158
6260,1770689309,2026-02-09T18:08:29,28,72,yes,3
6261,1770689309,2026-02-09T18:08:29,28,72,yes,165
6262,1770689309,2026-02-09T18:08:29,28,72,yes,32
6263,1770689311,2026-02-09T18:08:31,28,72,yes,3
6264,1770689311,2026-02-09T18:08:31,28,72,yes,57
6265,1770689311,2026-02-09T18:08:31,28,72,yes,17
6266,1770689312,2026-02-09T18:08:32,28,72,yes,333
6267,1770689312,2026-02-09T18:08:32,28,72,yes,6
6268,1770689312,2026-02-09T18:08:32,28,72,yes,68
6269,1770689313,2026-02-09T18:08:33,28,72,yes,6
6270,1770689313,2026-02-09T18:08:33,28,72,yes,20
6271,1770689315,2026-02-09T18:08:35,28,72,yes,34
6272,1770689315,2026-02-09T18:08:35,28,72,yes,17
6273,1770689315,2026-02-09T18:08:35,28,72,yes,17
6274,1770689317,2026-02-09T18:08:37,28,72,yes,4
6275,1770689317,2026-02-09T18:08:37,28,72,yes,9
6276,1770689318,2026-02-09T18:08:38,28,72,yes,17
6277,1770689318,2026-02-09T18:08:38,28,72,yes,33
6278,1770689318,2026-02-09T18:08:38,28,72,yes,6
6279,1770689321,2026-02-09T18:08:41,28,72,yes,1
6280,1770689322,2026-02-09T18:08:42,28,72,yes,6
6281,1770689322,2026-02-09T18:08:42,28,72,yes,17
6282,1770689323,2026-02-09T18:08:43,28,72,yes,48
6283,1770689324,2026-02-09T18:08:44,28,72,yes,10
6284,1770689325,2026-02-09T18:08:45,28,72,yes,17
6285,1770689326,2026-02-09T18:08:46,28,72,yes,28
6286,1770689326,2026-02-09T18:08:46,28,72,yes,75
6287,1770689328,2026-02-09T18:08:48,28,72,yes,166
6288,1770689328,2026-02-09T18:08:48,28,72,yes,74
6289,1770689329,2026-02-09T18:08:49,28,72,yes,34
6290,1770689329,2026-02-09T18:08:49,28,72,yes,38
6291,1770689329,2026-02-09T18:08:49,28,72,yes,12
6292,1770689329,2026-02-09T18:08:49,28,72,yes,18
6293,1770689330,2026-02-09T18:08:50,27,73,no,4
6294,1770689331,2026-02-09T18:08:51,28,72,yes,5
6295,1770689332,2026-02-09T18:08:52,28,72,yes,12
6296,1770689333,2026-02-09T18:08:53,28,72,yes,50
6297,1770689333,2026-02-09T18:08:53,27,73,no,5
6298,1770689333,2026-02-09T18:08:53,27,73,no,14
6299,1770689333,2026-02-09T18:08:53,27,73,no,157
6300,1770689334,2026-02-09T18:08:54,28,72,yes,127
6301,1770689334,2026-02-09T18:08:54,28,72,yes,17
6302,1770689336,2026-02-09T18:08:56,28,72,yes,1666
6303,1770689337,2026-02-09T18:08:57,28,72,yes,102
6304,1770689338,2026-02-09T18:08:58,28,72,yes,17
6305,1770689338,2026-02-09T18:08:58,28,72,yes,285
6306,1770689338,2026-02-09T18:08:58,28,72,yes,10
6307,1770689339,2026-02-09T18:08:59,28,72,yes,1020
6308,1770689339,2026-02-09T18:08:59,27,73,no,579
6309,1770689340,2026-02-09T18:09:00,27,73,no,579
6310,1770689340,2026-02-09T18:09:00,28,72,yes,24
6311,1770689341,2026-02-09T18:09:01,27,73,no,485
6312,1770689341,2026-02-09T18:09:01,27,73,no,14
6313,1770689341,2026-02-09T18:09:01,27,73,no,2
6314,1770689342,2026-02-09T18:09:02,28,72,yes,1
6315,1770689343,2026-02-09T18:09:03,28,72,yes,500
6316,1770689343,2026-02-09T18:09:03,28,72,yes,17
6317,1770689344,2026-02-09T18:09:04,28,72,yes,3
6318,1770689344,2026-02-09T18:09:04,28,72,yes,20
6319,1770689344,2026-02-09T18:09:04,28,72,yes,170
6320,1770689345,2026-02-09T18:09:05,28,72,yes,34
6321,1770689346,2026-02-09T18:09:06,28,72,yes,4
6322,1770689346,2026-02-09T18:09:06,28,72,yes,51
6323,1770689347,2026-02-09T18:09:07,27,73,no,13
6324,1770689347,2026-02-09T18:09:07,27,73,yes,34
6325,1770689347,2026-02-09T18:09:07,27,73,yes,17
6326,1770689348,2026-02-09T18:09:08,27,73,yes,17
6327,1770689348,2026-02-09T18:09:08,27,73,yes,200
6328,1770689348,2026-02-09T18:09:08,27,73,yes,132
6329,1770689348,2026-02-09T18:09:08,27,73,yes,17
6330,1770689349,2026-02-09T18:09:09,27,73,yes,15
6331,1770689350,2026-02-09T18:09:10,27,73,yes,10
6332,1770689350,2026-02-09T18:09:10,27,73,yes,17
6333,1770689350,2026-02-09T18:09:10,27,73,yes,170
6334,1770689350,2026-02-09T18:09:10,26,74,no,50
6335,1770689350,2026-02-09T18:09:10,26,74,no,14
6336,1770689350,2026-02-09T18:09:10,26,74,no,1
6337,1770689352,2026-02-09T18:09:12,26,74,yes,20
6338,1770689352,2026-02-09T18:09:12,26,74,yes,18
6339,1770689352,2026-02-09T18:09:12,26,74,yes,5
6340,1770689353,2026-02-09T18:09:13,26,74,yes,43
6341,1770689353,2026-02-09T18:09:13,26,74,yes,7
6342,1770689354,2026-02-09T18:09:14,26,74,yes,17
6343,1770689355,2026-02-09T18:09:15,26,74,yes,18
6344,1770689355,2026-02-09T18:09:15,26,74,yes,19
6345,1770689356,2026-02-09T18:09:16,26,74,yes,35
6346,1770689357,2026-02-09T18:09:17,25,75,no,10
6347,1770689357,2026-02-09T18:09:17,25,75,no,12
6348,1770689357,2026-02-09T18:09:17,25,75,yes,36
6349,1770689358,2026-02-09T18:09:18,24,76,no,8
6350,1770689360,2026-02-09T18:09:20,25,75,yes,15
6351,1770689360,2026-02-09T18:09:20,25,75,yes,12
6352,1770689361,2026-02-09T18:09:21,25,75,yes,25
6353,1770689361,2026-02-09T18:09:21,25,75,yes,14
6354,1770689361,2026-02-09T18:09:21,25,75,yes,95
6355,1770689362,2026-02-09T18:09:22,25,75,yes,200
6356,1770689362,2026-02-09T18:09:22,25,75,yes,11
6357,1770689362,2026-02-09T18:09:22,25,75,yes,11
6358,1770689363,2026-02-09T18:09:23,25,75,yes,18
6359,1770689364,2026-02-09T18:09:24,25,75,yes,92
6360,1770689364,2026-02-09T18:09:24,25,75,yes,4
6361,1770689365,2026-02-09T18:09:25,24,76,no,12
6362,1770689365,2026-02-09T18:09:25,24,76,no,12
6363,1770689365,2026-02-09T18:09:25,24,76,no,23
6364,1770689366,2026-02-09T18:09:26,25,75,yes,24
6365,1770689366,2026-02-09T18:09:26,25,75,yes,55
6366,1770689366,2026-02-09T18:09:26,25,75,yes,10
6367,1770689367,2026-02-09T18:09:27,25,75,yes,95
6368,1770689368,2026-02-09T18:09:28,25,75,yes,55
6369,1770689368,2026-02-09T18:09:28,25,75,yes,19
6370,1770689369,2026-02-09T18:09:29,25,75,yes,90
6371,1770689370,2026-02-09T18:09:30,25,75,yes,2
6372,1770689370,2026-02-09T18:09:30,24,76,no,14
6373,1770689370,2026-02-09T18:09:30,25,75,yes,7
6374,1770689370,2026-02-09T18:09:30,25,75,yes,19
6375,1770689372,2026-02-09T18:09:32,25,75,yes,38
6376,1770689372,2026-02-09T18:09:32,25,75,yes,7
6377,1770689373,2026-02-09T18:09:33,25,75,yes,182
6378,1770689373,2026-02-09T18:09:33,25,75,yes,175
6379,1770689374,2026-02-09T18:09:34,25,75,yes,1
6380,1770689374,2026-02-09T18:09:34,25,75,yes,1
6381,1770689375,2026-02-09T18:09:35,25,75,yes,1
6382,1770689375,2026-02-09T18:09:35,25,75,yes,15
6383,1770689375,2026-02-09T18:09:35,24,76,no,13
6384,1770689375,2026-02-09T18:09:35,24,76,no,3
6385,1770689375,2026-02-09T18:09:35,24,76,no,269
6386,1770689375,2026-02-09T18:09:35,25,75,yes,11
6387,1770689376,2026-02-09T18:09:36,25,75,yes,38
6388,1770689376,2026-02-09T18:09:36,25,75,yes,76
6389,1770689377,2026-02-09T18:09:37,24,76,no,109
6390,1770689377,2026-02-09T18:09:37,25,75,yes,11
6391,1770689377,2026-02-09T18:09:37,25,75,yes,95
6392,1770689377,2026-02-09T18:09:37,25,75,yes,38
6393,1770689378,2026-02-09T18:09:38,25,75,yes,9
6394,1770689378,2026-02-09T18:09:38,25,75,yes,38
6395,1770689379,2026-02-09T18:09:39,25,75,yes,19
6396,1770689380,2026-02-09T18:09:40,25,75,yes,19
6397,1770689380,2026-02-09T18:09:40,25,75,yes,32
6398,1770689380,2026-02-09T18:09:40,25,75,yes,44
6399,1770689382,2026-02-09T18:09:42,25,75,yes,30
6400,1770689383,2026-02-09T18:09:43,24,76,no,14
6401,1770689383,2026-02-09T18:09:43,23,77,no,200
6402,1770689383,2026-02-09T18:09:43,23,77,no,166
6403,1770689384,2026-02-09T18:09:44,24,76,yes,38
6404,1770689384,2026-02-09T18:09:44,24,76,yes,12
6405,1770689384,2026-02-09T18:09:44,24,76,yes,73
6406,1770689385,2026-02-09T18:09:45,24,76,yes,15
6407,1770689385,2026-02-09T18:09:45,24,76,yes,12
6408,1770689385,2026-02-09T18:09:45,24,76,yes,52
6409,1770689386,2026-02-09T18:09:46,25,75,yes,3
6410,1770689386,2026-02-09T18:09:46,24,76,no,100
6411,1770689386,2026-02-09T18:09:46,24,76,no,14
6412,1770689386,2026-02-09T18:09:46,25,75,yes,7
6413,1770689386,2026-02-09T18:09:46,25,75,yes,8
6414,1770689387,2026-02-09T18:09:47,25,75,yes,19
6415,1770689387,2026-02-09T18:09:47,24,76,yes,14
6416,1770689389,2026-02-09T18:09:49,24,76,yes,7
6417,1770689389,2026-02-09T18:09:49,24,76,yes,3
6418,1770689389,2026-02-09T18:09:49,24,76,yes,2
6419,1770689389,2026-02-09T18:09:49,25,75,yes,17
6420,1770689390,2026-02-09T18:09:50,25,75,yes,19
6421,1770689390,2026-02-09T18:09:50,25,75,yes,7
6422,1770689391,2026-02-09T18:09:51,23,77,no,13
6423,1770689391,2026-02-09T18:09:51,23,77,no,83
6424,1770689391,2026-02-09T18:09:51,24,76,yes,7
6425,1770689391,2026-02-09T18:09:51,24,76,yes,7
6426,1770689391,2026-02-09T18:09:51,24,76,yes,50
6427,1770689393,2026-02-09T18:09:53,24,76,yes,13
6428,1770689393,2026-02-09T18:09:53,24,76,yes,25
6429,1770689394,2026-02-09T18:09:54,25,75,yes,578
6430,1770689394,2026-02-09T18:09:54,25,75,yes,578
6431,1770689394,2026-02-09T18:09:54,25,75,yes,527
6432,1770689395,2026-02-09T18:09:55,24,76,yes,14
6433,1770689395,2026-02-09T18:09:55,25,75,yes,5
6434,1770689397,2026-02-09T18:09:57,24,76,yes,12
6435,1770689397,2026-02-09T18:09:57,24,76,yes,29
6436,1770689397,2026-02-09T18:09:57,23,77,no,5
6437,1770689397,2026-02-09T18:09:57,24,76,yes,31
6438,1770689398,2026-02-09T18:09:58,24,76,yes,31
6439,1770689398,2026-02-09T18:09:58,24,76,yes,21
6440,1770689398,2026-02-09T18:09:58,24,76,yes,11
6441,1770689398,2026-02-09T18:09:58,24,76,yes,200
6442,1770689400,2026-02-09T18:10:00,24,76,yes,18
6443,1770689400,2026-02-09T18:10:00,24,76,yes,6
6444,1770689401,2026-02-09T18:10:01,24,76,yes,57
6445,1770689402,2026-02-09T18:10:02,24,76,yes,39
6446,1770689402,2026-02-09T18:10:02,24,76,yes,27
6447,1770689403,2026-02-09T18:10:03,24,76,yes,12
6448,1770689403,2026-02-09T18:10:03,25,75,yes,92
6449,1770689404,2026-02-09T18:10:04,25,75,yes,19
6450,1770689405,2026-02-09T18:10:05,25,75,yes,95
6451,1770689405,2026-02-09T18:10:05,25,75,yes,7
6452,1770689406,2026-02-09T18:10:06,25,75,yes,4
6453,1770689407,2026-02-09T18:10:07,25,75,yes,38
6454,1770689407,2026-02-09T18:10:07,25,75,yes,76
6455,1770689408,2026-02-09T18:10:08,25,75,yes,19
6456,1770689408,2026-02-09T18:10:08,25,75,yes,38
6457,1770689409,2026-02-09T18:10:09,25,75,yes,12
6458,1770689409,2026-02-09T18:10:09,25,75,yes,45
6459,1770689411,2026-02-09T18:10:11,25,75,yes,19
6460,1770689411,2026-02-09T18:10:11,24,76,no,14
6461,1770689411,2026-02-09T18:10:11,25,75,yes,86
6462,1770689411,2026-02-09T18:10:11,25,75,yes,9
6463,1770689411,2026-02-09T18:10:11,24,76,yes,19
6464,1770689412,2026-02-09T18:10:12,24,76,yes,4
6465,1770689413,2026-02-09T18:10:13,24,76,yes,98
6466,1770689413,2026-02-09T18:10:13,24,76,yes,19
6467,1770689413,2026-02-09T18:10:13,24,76,yes,38
6468,1770689413,2026-02-09T18:10:13,24,76,yes,14
6469,1770689413,2026-02-09T18:10:13,24,76,yes,43
6470,1770689413,2026-02-09T18:10:13,24,76,yes,67
6471,1770689414,2026-02-09T18:10:14,24,76,yes,140
6472,1770689416,2026-02-09T18:10:16,24,76,yes,19
6473,1770689416,2026-02-09T18:10:16,24,76,yes,233
6474,1770689416,2026-02-09T18:10:16,24,76,yes,7
6475,1770689417,2026-02-09T18:10:17,24,76,yes,26
6476,1770689417,2026-02-09T18:10:17,24,76,yes,70
6477,1770689417,2026-02-09T18:10:17,24,76,yes,49
6478,1770689417,2026-02-09T18:10:17,24,76,yes,119
6479,1770689419,2026-02-09T18:10:19,25,75,yes,4
6480,1770689419,2026-02-09T18:10:19,25,75,yes,7
6481,1770689422,2026-02-09T18:10:22,25,75,yes,83
6482,1770689422,2026-02-09T18:10:22,25,75,yes,19
6483,1770689424,2026-02-09T18:10:24,25,75,yes,68
6484,1770689424,2026-02-09T18:10:24,25,75,yes,38
6485,1770689425,2026-02-09T18:10:25,25,75,yes,19
6486,1770689425,2026-02-09T18:10:25,25,75,yes,5
6487,1770689427,2026-02-09T18:10:27,25,75,yes,98
6488,1770689427,2026-02-09T18:10:27,24,76,no,27
6489,1770689428,2026-02-09T18:10:28,25,75,yes,76
6490,1770689428,2026-02-09T18:10:28,25,75,yes,16
6491,1770689429,2026-02-09T18:10:29,25,75,yes,74
6492,1770689431,2026-02-09T18:10:31,25,75,yes,38
6493,1770689432,2026-02-09T18:10:32,25,75,yes,26
6494,1770689433,2026-02-09T18:10:33,25,75,yes,100
6495,1770689434,2026-02-09T18:10:34,25,75,yes,19
6496,1770689435,2026-02-09T18:10:35,25,75,yes,370
6497,1770689435,2026-02-09T18:10:35,24,76,no,73
6498,1770689435,2026-02-09T18:10:35,24,76,no,12
6499,1770689435,2026-02-09T18:10:35,24,76,no,2
6500,1770689435,2026-02-09T18:10:35,24,76,no,5
6501,1770689435,2026-02-09T18:10:35,25,75,yes,19
6502,1770689436,2026-02-09T18:10:36,25,75,yes,7
6503,1770689437,2026-02-09T18:10:37,23,77,no,13
6504,1770689437,2026-02-09T18:10:37,22,78,no,5
6505,1770689437,2026-02-09T18:10:37,22,78,yes,21
6506,1770689437,2026-02-09T18:10:37,22,78,yes,19
6507,1770689438,2026-02-09T18:10:38,22,78,yes,38
6508,1770689438,2026-02-09T18:10:38,22,78,yes,116
6509,1770689439,2026-02-09T18:10:39,22,78,yes,21
6510,1770689440,2026-02-09T18:10:40,22,78,yes,21
6511,1770689440,2026-02-09T18:10:40,22,78,yes,10
6512,1770689441,2026-02-09T18:10:41,20,80,no,13
6513,1770689441,2026-02-09T18:10:41,20,80,yes,1077
6514,1770689442,2026-02-09T18:10:42,20,80,yes,23
6515,1770689442,2026-02-09T18:10:42,20,80,yes,21
6516,1770689442,2026-02-09T18:10:42,20,80,yes,107
6517,1770689442,2026-02-09T18:10:42,20,80,yes,23
6518,1770689442,2026-02-09T18:10:42,20,80,yes,23
6519,1770689443,2026-02-09T18:10:43,20,80,yes,9
6520,1770689443,2026-02-09T18:10:43,20,80,yes,236
6521,1770689444,2026-02-09T18:10:44,20,80,yes,454
6522,1770689444,2026-02-09T18:10:44,20,80,yes,23
6523,1770689444,2026-02-09T18:10:44,20,80,yes,23
6524,1770689444,2026-02-09T18:10:44,19,81,no,53
6525,1770689444,2026-02-09T18:10:44,19,81,no,14
6526,1770689444,2026-02-09T18:10:44,18,82,no,20
6527,1770689444,2026-02-09T18:10:44,18,82,no,4
6528,1770689445,2026-02-09T18:10:45,20,80,yes,473
6529,1770689445,2026-02-09T18:10:45,20,80,yes,23
6530,1770689445,2026-02-09T18:10:45,20,80,yes,24
6531,1770689446,2026-02-09T18:10:46,20,80,yes,47
6532,1770689446,2026-02-09T18:10:46,20,80,yes,23
6533,1770689446,2026-02-09T18:10:46,20,80,yes,113
6534,1770689447,2026-02-09T18:10:47,20,80,yes,99
6535,1770689447,2026-02-09T18:10:47,20,80,yes,14
6536,1770689447,2026-02-09T18:10:47,20,80,yes,23
6537,1770689448,2026-02-09T18:10:48,20,80,yes,90
6538,1770689448,2026-02-09T18:10:48,19,81,no,13
6539,1770689448,2026-02-09T18:10:48,19,81,no,554
6540,1770689448,2026-02-09T18:10:48,18,82,no,1061
6541,1770689448,2026-02-09T18:10:48,18,82,no,47
6542,1770689449,2026-02-09T18:10:49,19,81,yes,23
6543,1770689449,2026-02-09T18:10:49,19,81,yes,473
6544,1770689450,2026-02-09T18:10:50,19,81,yes,233
6545,1770689450,2026-02-09T18:10:50,19,81,yes,129
6546,1770689451,2026-02-09T18:10:51,19,81,yes,1
6547,1770689451,2026-02-09T18:10:51,18,82,no,12
6548,1770689451,2026-02-09T18:10:51,18,82,no,2
6549,1770689452,2026-02-09T18:10:52,19,81,yes,476
6550,1770689452,2026-02-09T18:10:52,18,82,no,8
6551,1770689452,2026-02-09T18:10:52,19,81,yes,47
6552,1770689454,2026-02-09T18:10:54,19,81,yes,24
6553,1770689454,2026-02-09T18:10:54,19,81,yes,14
6554,1770689454,2026-02-09T18:10:54,19,81,yes,24
6555,1770689455,2026-02-09T18:10:55,19,81,yes,4
6556,1770689455,2026-02-09T18:10:55,19,81,yes,49
6557,1770689455,2026-02-09T18:10:55,19,81,yes,24
6558,1770689455,2026-02-09T18:10:55,19,81,yes,23
6559,1770689455,2026-02-09T18:10:55,19,81,yes,9
6560,1770689457,2026-02-09T18:10:57,19,81,yes,49
6561,1770689457,2026-02-09T18:10:57,19,81,yes,24
6562,1770689457,2026-02-09T18:10:57,18,82,no,140
6563,1770689457,2026-02-09T18:10:57,18,82,no,134
6564,1770689458,2026-02-09T18:10:58,18,82,no,16
6565,1770689458,2026-02-09T18:10:58,18,82,no,249
6566,1770689458,2026-02-09T18:10:58,19,81,yes,14
6567,1770689459,2026-02-09T18:10:59,19,81,yes,71
6568,1770689459,2026-02-09T18:10:59,19,81,yes,14
6569,1770689459,2026-02-09T18:10:59,19,81,yes,460
6570,1770689459,2026-02-09T18:10:59,19,81,yes,3
6571,1770689459,2026-02-09T18:10:59,18,82,no,106
6572,1770689460,2026-02-09T18:11:00,20,80,yes,56
6573,1770689460,2026-02-09T18:11:00,20,80,yes,71
6574,1770689461,2026-02-09T18:11:01,20,80,yes,23
6575,1770689462,2026-02-09T18:11:02,20,80,yes,9
6576,1770689462,2026-02-09T18:11:02,19,81,yes,12
6577,1770689462,2026-02-09T18:11:02,19,81,yes,11
6578,1770689463,2026-02-09T18:11:03,19,81,yes,9
6579,1770689463,2026-02-09T18:11:03,19,81,yes,14
6580,1770689464,2026-02-09T18:11:04,19,81,yes,9
6581,1770689464,2026-02-09T18:11:04,19,81,yes,24
6582,1770689465,2026-02-09T18:11:05,18,82,no,4
6583,1770689465,2026-02-09T18:11:05,19,81,yes,24
6584,1770689465,2026-02-09T18:11:05,19,81,yes,476
6585,1770689465,2026-02-09T18:11:05,19,81,yes,9
6586,1770689466,2026-02-09T18:11:06,19,81,yes,39
6587,1770689466,2026-02-09T18:11:06,19,81,yes,3
6588,1770689466,2026-02-09T18:11:06,18,82,no,20
6589,1770689468,2026-02-09T18:11:08,18,82,no,14
6590,1770689468,2026-02-09T18:11:08,19,81,yes,308
6591,1770689469,2026-02-09T18:11:09,19,81,yes,200
6592,1770689469,2026-02-09T18:11:09,19,81,yes,49
6593,1770689470,2026-02-09T18:11:10,18,82,no,7
6594,1770689470,2026-02-09T18:11:10,19,81,yes,105
6595,1770689471,2026-02-09T18:11:11,19,81,yes,8
6596,1770689471,2026-02-09T18:11:11,18,82,no,27
6597,1770689471,2026-02-09T18:11:11,19,81,yes,6
6598,1770689472,2026-02-09T18:11:12,19,81,yes,99
6599,1770689472,2026-02-09T18:11:12,19,81,yes,24
6600,1770689472,2026-02-09T18:11:12,19,81,yes,400
6601,1770689472,2026-02-09T18:11:12,19,81,yes,99
6602,1770689473,2026-02-09T18:11:13,19,81,yes,100
6603,1770689474,2026-02-09T18:11:14,18,82,no,4
6604,1770689474,2026-02-09T18:11:14,19,81,yes,49
6605,1770689474,2026-02-09T18:11:14,19,81,yes,476
6606,1770689474,2026-02-09T18:11:14,19,81,yes,49
6607,1770689475,2026-02-09T18:11:15,18,82,no,14
6608,1770689475,2026-02-09T18:11:15,18,82,no,7
6609,1770689475,2026-02-09T18:11:15,19,81,yes,9
6610,1770689475,2026-02-09T18:11:15,19,81,yes,5
6611,1770689475,2026-02-09T18:11:15,19,81,yes,1
6612,1770689477,2026-02-09T18:11:17,19,81,yes,238
6613,1770689477,2026-02-09T18:11:17,19,81,yes,200
6614,1770689478,2026-02-09T18:11:18,19,81,yes,13
6615,1770689480,2026-02-09T18:11:20,19,81,yes,22
6616,1770689481,2026-02-09T18:11:21,19,81,yes,13
6617,1770689481,2026-02-09T18:11:21,20,80,yes,227
6618,1770689482,2026-02-09T18:11:22,19,81,no,259
6619,1770689484,2026-02-09T18:11:24,20,80,yes,71
6620,1770689485,2026-02-09T18:11:25,20,80,yes,9
6621,1770689486,2026-02-09T18:11:26,19,81,no,5
6622,1770689487,2026-02-09T18:11:27,20,80,yes,22
6623,1770689489,2026-02-09T18:11:29,19,81,no,5
6624,1770689489,2026-02-09T18:11:29,20,80,yes,47
6625,1770689489,2026-02-09T18:11:29,20,80,yes,45
6626,1770689490,2026-02-09T18:11:30,20,80,yes,23
6627,1770689491,2026-02-09T18:11:31,19,81,no,52
6628,1770689492,2026-02-09T18:11:32,20,80,yes,4
6629,1770689492,2026-02-09T18:11:32,20,80,yes,10
6630,1770689494,2026-02-09T18:11:34,20,80,yes,113
6631,1770689494,2026-02-09T18:11:34,20,80,yes,1183
6632,1770689495,2026-02-09T18:11:35,20,80,yes,154
6633,1770689496,2026-02-09T18:11:36,20,80,yes,23
6634,1770689496,2026-02-09T18:11:36,19,81,no,14
6635,1770689496,2026-02-09T18:11:36,19,81,no,340
6636,1770689497,2026-02-09T18:11:37,20,80,yes,18
6637,1770689497,2026-02-09T18:11:37,19,81,no,14
6638,1770689497,2026-02-09T18:11:37,20,80,yes,47
6639,1770689497,2026-02-09T18:11:37,20,80,yes,55
6640,1770689498,2026-02-09T18:11:38,20,80,yes,4
6641,1770689498,2026-02-09T18:11:38,20,80,yes,71
6642,1770689498,2026-02-09T18:11:38,20,80,yes,13
6643,1770689498,2026-02-09T18:11:38,20,80,yes,23
6644,1770689499,2026-02-09T18:11:39,20,80,yes,94
6645,1770689499,2026-02-09T18:11:39,20,80,yes,4
6646,1770689499,2026-02-09T18:11:39,19,81,no,42
6647,1770689499,2026-02-09T18:11:39,19,81,no,10
6648,1770689503,2026-02-09T18:11:43,20,80,yes,23
6649,1770689503,2026-02-09T18:11:43,20,80,yes,47
6650,1770689504,2026-02-09T18:11:44,20,80,yes,94
6651,1770689504,2026-02-09T18:11:44,20,80,yes,407
6652,1770689504,2026-02-09T18:11:44,20,80,yes,190
6653,1770689504,2026-02-09T18:11:44,19,81,no,5
6654,1770689505,2026-02-09T18:11:45,20,80,yes,23
6655,1770689506,2026-02-09T18:11:46,20,80,yes,113
6656,1770689506,2026-02-09T18:11:46,20,80,yes,68
6657,1770689506,2026-02-09T18:11:46,19,81,no,7
6658,1770689506,2026-02-09T18:11:46,18,82,no,5
6659,1770689506,2026-02-09T18:11:46,18,82,no,14
6660,1770689506,2026-02-09T18:11:46,20,80,yes,14
6661,1770689506,2026-02-09T18:11:46,18,82,no,43
6662,1770689509,2026-02-09T18:11:49,19,81,yes,34
6663,1770689510,2026-02-09T18:11:50,18,82,no,61
6664,1770689512,2026-02-09T18:11:52,18,82,no,20
6665,1770689513,2026-02-09T18:11:53,19,81,yes,9
6666,1770689514,2026-02-09T18:11:54,19,81,yes,49
6667,1770689514,2026-02-09T18:11:54,19,81,yes,221
6668,1770689515,2026-02-09T18:11:55,19,81,yes,3
6669,1770689518,2026-02-09T18:11:58,19,81,yes,13
6670,1770689519,2026-02-09T18:11:59,19,81,no,5
6671,1770689520,2026-02-09T18:12:00,19,81,no,13
6672,1770689520,2026-02-09T18:12:00,20,80,yes,47
6673,1770689521,2026-02-09T18:12:01,20,80,yes,14
6674,1770689521,2026-02-09T18:12:01,20,80,yes,12
6675,1770689521,2026-02-09T18:12:01,20,80,yes,5
6676,1770689521,2026-02-09T18:12:01,19,81,no,26
6677,1770689522,2026-02-09T18:12:02,20,80,yes,9
6678,1770689522,2026-02-09T18:12:02,20,80,yes,23
6679,1770689523,2026-02-09T18:12:03,19,81,no,316
6680,1770689523,2026-02-09T18:12:03,19,81,no,438
6681,1770689523,2026-02-09T18:12:03,19,81,no,13
6682,1770689523,2026-02-09T18:12:03,19,81,no,2
6683,1770689523,2026-02-09T18:12:03,19,81,no,60
6684,1770689523,2026-02-09T18:12:03,20,80,yes,16
6685,1770689524,2026-02-09T18:12:04,20,80,yes,9
6686,1770689524,2026-02-09T18:12:04,20,80,yes,23
6687,1770689525,2026-02-09T18:12:05,20,80,yes,47
6688,1770689526,2026-02-09T18:12:06,20,80,yes,47
6689,1770689526,2026-02-09T18:12:06,19,81,no,12
6690,1770689526,2026-02-09T18:12:06,18,82,no,117
6691,1770689527,2026-02-09T18:12:07,20,80,yes,121
6692,1770689528,2026-02-09T18:12:08,19,81,yes,14
6693,1770689528,2026-02-09T18:12:08,19,81,yes,24
6694,1770689530,2026-02-09T18:12:10,19,81,yes,24
6695,1770689530,2026-02-09T18:12:10,19,81,yes,10
6696,1770689533,2026-02-09T18:12:13,19,81,yes,95
6697,1770689533,2026-02-09T18:12:13,19,81,yes,4
6698,1770689533,2026-02-09T18:12:13,19,81,yes,24
6699,1770689533,2026-02-09T18:12:13,19,81,yes,24
6700,1770689533,2026-02-09T18:12:13,19,81,yes,4
6701,1770689533,2026-02-09T18:12:13,18,82,no,12
6702,1770689535,2026-02-09T18:12:15,18,82,no,27
6703,1770689535,2026-02-09T18:12:15,19,81,yes,13
6704,1770689535,2026-02-09T18:12:15,19,81,yes,30
6705,1770689538,2026-02-09T18:12:18,19,81,yes,124
6706,1770689539,2026-02-09T18:12:19,19,81,yes,249
6707,1770689540,2026-02-09T18:12:20,19,81,yes,5
6708,1770689540,2026-02-09T18:12:20,19,81,yes,63
6709,1770689541,2026-02-09T18:12:21,19,81,yes,4
6710,1770689541,2026-02-09T18:12:21,19,81,yes,4
6711,1770689541,2026-02-09T18:12:21,19,81,yes,4
6712,1770689542,2026-02-09T18:12:22,18,82,no,256
6713,1770689542,2026-02-09T18:12:22,19,81,yes,47
6714,1770689543,2026-02-09T18:12:23,19,81,yes,2
6715,1770689543,2026-02-09T18:12:23,18,82,no,26
6716,1770689543,2026-02-09T18:12:23,19,81,yes,9
6717,1770689543,2026-02-09T18:12:23,19,81,yes,258
6718,1770689543,2026-02-09T18:12:23,19,81,yes,240
6719,1770689543,2026-02-09T18:12:23,18,82,no,3200
6720,1770689544,2026-02-09T18:12:24,19,81,yes,12
6721,1770689544,2026-02-09T18:12:24,20,80,yes,12
6722,1770689545,2026-02-09T18:12:25,20,80,yes,4
6723,1770689547,2026-02-09T18:12:27,18,82,no,285
6724,1770689549,2026-02-09T18:12:29,20,80,yes,47
6725,1770689549,2026-02-09T18:12:29,18,82,no,680
6726,1770689550,2026-02-09T18:12:30,20,80,yes,473
6727,1770689551,2026-02-09T18:12:31,19,81,no,13
6728,1770689551,2026-02-09T18:12:31,19,81,no,87
6729,1770689552,2026-02-09T18:12:32,20,80,yes,94
6730,1770689553,2026-02-09T18:12:33,20,80,yes,22
6731,1770689555,2026-02-09T18:12:35,20,80,yes,125
6732,1770689555,2026-02-09T18:12:35,20,80,yes,454
6733,1770689556,2026-02-09T18:12:36,19,81,no,6
6734,1770689556,2026-02-09T18:12:36,20,80,yes,23
6735,1770689556,2026-02-09T18:12:36,20,80,yes,47
6736,1770689557,2026-02-09T18:12:37,20,80,yes,45
6737,1770689559,2026-02-09T18:12:39,20,80,yes,47
6738,1770689559,2026-02-09T18:12:39,20,80,yes,9
6739,1770689559,2026-02-09T18:12:39,20,80,yes,10
6740,1770689559,2026-02-09T18:12:39,20,80,yes,23
6741,1770689560,2026-02-09T18:12:40,20,80,yes,118
6742,1770689561,2026-02-09T18:12:41,19,81,no,14
6743,1770689561,2026-02-09T18:12:41,18,82,no,6
6744,1770689562,2026-02-09T18:12:42,19,81,no,79
6745,1770689564,2026-02-09T18:12:44,20,80,yes,14
6746,1770689564,2026-02-09T18:12:44,20,80,yes,23
6747,1770689567,2026-02-09T18:12:47,20,80,yes,4
6748,1770689568,2026-02-09T18:12:48,20,80,yes,25
6749,1770689569,2026-02-09T18:12:49,20,80,yes,14
6750,1770689570,2026-02-09T18:12:50,20,80,yes,14
6751,1770689570,2026-02-09T18:12:50,20,80,yes,23
6752,1770689570,2026-02-09T18:12:50,19,81,no,12
6753,1770689571,2026-02-09T18:12:51,19,81,yes,88
6754,1770689571,2026-02-09T18:12:51,20,80,yes,23
6755,1770689571,2026-02-09T18:12:51,19,81,no,355
6756,1770689571,2026-02-09T18:12:51,20,80,yes,90
6757,1770689572,2026-02-09T18:12:52,19,81,no,14
6758,1770689572,2026-02-09T18:12:52,18,82,no,76
6759,1770689575,2026-02-09T18:12:55,19,81,yes,4
6760,1770689576,2026-02-09T18:12:56,18,82,no,1
6761,1770689578,2026-02-09T18:12:58,18,82,no,6
6762,1770689579,2026-02-09T18:12:59,19,81,yes,10
6763,1770689579,2026-02-09T18:12:59,19,81,yes,14
6764,1770689580,2026-02-09T18:13:00,19,81,yes,2
6765,1770689581,2026-02-09T18:13:01,19,81,yes,99
6766,1770689582,2026-02-09T18:13:02,19,81,yes,5
6767,1770689583,2026-02-09T18:13:03,18,82,no,9
6768,1770689583,2026-02-09T18:13:03,19,81,yes,49
6769,1770689584,2026-02-09T18:13:04,18,82,no,130
6770,1770689584,2026-02-09T18:13:04,18,82,no,17
6771,1770689585,2026-02-09T18:13:05,19,81,yes,11
6772,1770689587,2026-02-09T18:13:07,19,81,yes,49
6773,1770689587,2026-02-09T18:13:07,19,81,yes,95
6774,1770689588,2026-02-09T18:13:08,19,81,yes,45
6775,1770689589,2026-02-09T18:13:09,18,82,no,14
6776,1770689590,2026-02-09T18:13:10,19,81,yes,9
6777,1770689591,2026-02-09T18:13:11,19,81,yes,39
6778,1770689591,2026-02-09T18:13:11,19,81,yes,200
6779,1770689592,2026-02-09T18:13:12,19,81,yes,249
6780,1770689592,2026-02-09T18:13:12,19,81,yes,227
6781,1770689593,2026-02-09T18:13:13,19,81,yes,24
6782,1770689594,2026-02-09T18:13:14,19,81,yes,100
6783,1770689595,2026-02-09T18:13:15,19,81,yes,15
6784,1770689598,2026-02-09T18:13:18,19,81,yes,22
6785,1770689599,2026-02-09T18:13:19,19,81,yes,95
6786,1770689599,2026-02-09T18:13:19,19,81,yes,146
6787,1770689600,2026-02-09T18:13:20,19,81,yes,236
6788,1770689600,2026-02-09T18:13:20,19,81,yes,200
6789,1770689601,2026-02-09T18:13:21,19,81,yes,57
6790,1770689601,2026-02-09T18:13:21,19,81,yes,14
6791,1770689601,2026-02-09T18:13:21,19,81,yes,33
6792,1770689602,2026-02-09T18:13:22,18,82,no,521
6793,1770689604,2026-02-09T18:13:24,19,81,yes,4
6794,1770689605,2026-02-09T18:13:25,19,81,yes,149
6795,1770689608,2026-02-09T18:13:28,19,81,yes,4
6796,1770689610,2026-02-09T18:13:30,19,81,yes,9
6797,1770689611,2026-02-09T18:13:31,19,81,yes,29
6798,1770689611,2026-02-09T18:13:31,18,82,no,2
6799,1770689613,2026-02-09T18:13:33,19,81,yes,100
6800,1770689615,2026-02-09T18:13:35,19,81,yes,2
6801,1770689616,2026-02-09T18:13:36,19,81,yes,36
6802,1770689618,2026-02-09T18:13:38,18,82,no,20
6803,1770689618,2026-02-09T18:13:38,19,81,yes,4
6804,1770689620,2026-02-09T18:13:40,19,81,yes,14
6805,1770689620,2026-02-09T18:13:40,19,81,yes,10
6806,1770689621,2026-02-09T18:13:41,19,81,yes,15
6807,1770689622,2026-02-09T18:13:42,19,81,yes,99
6808,1770689622,2026-02-09T18:13:42,18,82,no,73
6809,1770689622,2026-02-09T18:13:42,18,82,no,99
6810,1770689623,2026-02-09T18:13:43,19,81,yes,142
6811,1770689623,2026-02-09T18:13:43,18,82,no,158
6812,1770689624,2026-02-09T18:13:44,19,81,yes,12
6813,1770689624,2026-02-09T18:13:44,19,81,yes,238
6814,1770689625,2026-02-09T18:13:45,19,81,yes,45
6815,1770689625,2026-02-09T18:13:45,19,81,yes,12
6816,1770689626,2026-02-09T18:13:46,19,81,yes,24
6817,1770689626,2026-02-09T18:13:46,19,81,yes,90
6818,1770689628,2026-02-09T18:13:48,19,81,yes,4
6819,1770689630,2026-02-09T18:13:50,19,81,yes,8
6820,1770689630,2026-02-09T18:13:50,20,80,yes,1
6821,1770689630,2026-02-09T18:13:50,18,82,no,70
6822,1770689632,2026-02-09T18:13:52,20,80,yes,4
6823,1770689633,2026-02-09T18:13:53,20,80,yes,47
6824,1770689633,2026-02-09T18:13:53,20,80,yes,200
6825,1770689633,2026-02-09T18:13:53,20,80,yes,100
6826,1770689635,2026-02-09T18:13:55,20,80,yes,22
6827,1770689635,2026-02-09T18:13:55,20,80,yes,45
6828,1770689635,2026-02-09T18:13:55,20,80,yes,66
6829,1770689637,2026-02-09T18:13:57,20,80,yes,4
6830,1770689637,2026-02-09T18:13:57,20,80,yes,22
6831,1770689637,2026-02-09T18:13:57,20,80,yes,118
6832,1770689638,2026-02-09T18:13:58,19,81,no,12
6833,1770689638,2026-02-09T18:13:58,19,81,no,13
6834,1770689638,2026-02-09T18:13:58,20,80,yes,9
6835,1770689638,2026-02-09T18:13:58,20,80,yes,23
6836,1770689639,2026-02-09T18:13:59,20,80,yes,1
6837,1770689639,2026-02-09T18:13:59,20,80,yes,90
6838,1770689641,2026-02-09T18:14:01,20,80,yes,10
6839,1770689641,2026-02-09T18:14:01,20,80,yes,23
6840,1770689641,2026-02-09T18:14:01,20,80,yes,131
6841,1770689643,2026-02-09T18:14:03,20,80,yes,236
6842,1770689643,2026-02-09T18:14:03,20,80,yes,118
6843,1770689643,2026-02-09T18:14:03,20,80,yes,9
6844,1770689645,2026-02-09T18:14:05,19,81,no,16
6845,1770689645,2026-02-09T18:14:05,20,80,yes,28
6846,1770689646,2026-02-09T18:14:06,19,81,no,10
6847,1770689647,2026-02-09T18:14:07,20,80,yes,4
6848,1770689649,2026-02-09T18:14:09,20,80,yes,71
6849,1770689653,2026-02-09T18:14:13,20,80,yes,5
6850,1770689654,2026-02-09T18:14:14,20,80,yes,94
6851,1770689654,2026-02-09T18:14:14,20,80,yes,459
6852,1770689655,2026-02-09T18:14:15,20,80,yes,4
6853,1770689655,2026-02-09T18:14:15,20,80,yes,6
6854,1770689656,2026-02-09T18:14:16,20,80,yes,23
6855,1770689656,2026-02-09T18:14:16,20,80,yes,23
6856,1770689660,2026-02-09T18:14:20,20,80,yes,4
6857,1770689664,2026-02-09T18:14:24,20,80,yes,50
6858,1770689665,2026-02-09T18:14:25,20,80,yes,94
6859,1770689668,2026-02-09T18:14:28,20,80,yes,10
6860,1770689669,2026-02-09T18:14:29,20,80,yes,23
6861,1770689669,2026-02-09T18:14:29,19,81,no,12
6862,1770689669,2026-02-09T18:14:29,19,81,no,100
6863,1770689670,2026-02-09T18:14:30,19,81,yes,236
6864,1770689671,2026-02-09T18:14:31,19,81,yes,99
6865,1770689671,2026-02-09T18:14:31,19,81,yes,24
6866,1770689673,2026-02-09T18:14:33,19,81,yes,14
6867,1770689674,2026-02-09T18:14:34,18,82,no,21
6868,1770689679,2026-02-09T18:14:39,19,81,yes,249
6869,1770689679,2026-02-09T18:14:39,18,82,no,179
6870,1770689679,2026-02-09T18:14:39,18,82,no,10
6871,1770689679,2026-02-09T18:14:39,18,82,no,50
6872,1770689679,2026-02-09T18:14:39,18,82,no,13
6873,1770689680,2026-02-09T18:14:40,18,82,yes,99
6874,1770689680,2026-02-09T18:14:40,17,83,no,1
6875,1770689680,2026-02-09T18:14:40,17,83,no,14
6876,1770689680,2026-02-09T18:14:40,17,83,no,150
6877,1770689680,2026-02-09T18:14:40,17,83,yes,1
6878,1770689682,2026-02-09T18:14:42,16,84,yes,13
6879,1770689682,2026-02-09T18:14:42,17,83,yes,4
6880,1770689683,2026-02-09T18:14:43,15,85,no,1
6881,1770689683,2026-02-09T18:14:43,15,85,no,61
6882,1770689683,2026-02-09T18:14:43,16,84,yes,2
6883,1770689683,2026-02-09T18:14:43,16,84,yes,11
6884,1770689683,2026-02-09T18:14:43,16,84,yes,14
6885,1770689686,2026-02-09T18:14:46,17,83,yes,166
6886,1770689687,2026-02-09T18:14:47,17,83,yes,12
6887,1770689687,2026-02-09T18:14:47,17,83,yes,14
6888,1770689688,2026-02-09T18:14:48,17,83,yes,7
6889,1770689688,2026-02-09T18:14:48,17,83,yes,29
6890,1770689688,2026-02-09T18:14:48,17,83,yes,248
6891,1770689688,2026-02-09T18:14:48,17,83,yes,263
6892,1770689689,2026-02-09T18:14:49,17,83,yes,277
6893,1770689692,2026-02-09T18:14:52,17,83,yes,5
6894,1770689693,2026-02-09T18:14:53,17,83,yes,7
6895,1770689693,2026-02-09T18:14:53,18,82,yes,103
6896,1770689693,2026-02-09T18:14:53,18,82,yes,26
6897,1770689693,2026-02-09T18:14:53,18,82,yes,105
6898,1770689695,2026-02-09T18:14:55,17,83,yes,25
6899,1770689696,2026-02-09T18:14:56,17,83,yes,21
6900,1770689696,2026-02-09T18:14:56,17,83,yes,5
6901,1770689696,2026-02-09T18:14:56,17,83,yes,7
6902,1770689696,2026-02-09T18:14:56,17,83,yes,11
6903,1770689697,2026-02-09T18:14:57,16,84,no,51
6904,1770689697,2026-02-09T18:14:57,16,84,no,24
6905,1770689697,2026-02-09T18:14:57,16,84,no,12
6906,1770689697,2026-02-09T18:14:57,16,84,no,36
6907,1770689697,2026-02-09T18:14:57,17,83,yes,138
6908,1770689697,2026-02-09T18:14:57,17,83,yes,53
6909,1770689698,2026-02-09T18:14:58,17,83,yes,1
6910,1770689698,2026-02-09T18:14:58,17,83,yes,527
6911,1770689698,2026-02-09T18:14:58,17,83,yes,23
6912,1770689698,2026-02-09T18:14:58,16,84,no,434
6913,1770689699,2026-02-09T18:14:59,17,83,yes,14
6914,1770689699,2026-02-09T18:14:59,18,82,yes,13
6915,1770689700,2026-02-09T18:15:00,16,84,no,20
6916,1770689700,2026-02-09T18:15:00,16,84,no,29
6917,1770689701,2026-02-09T18:15:01,17,83,no,5
6918,1770689702,2026-02-09T18:15:02,18,82,yes,14
6919,1770689703,2026-02-09T18:15:03,18,82,yes,2
6920,1770689703,2026-02-09T18:15:03,18,82,yes,14
6921,1770689705,2026-02-09T18:15:05,19,81,yes,2
6922,1770689707,2026-02-09T18:15:07,18,82,no,12
6923,1770689707,2026-02-09T18:15:07,18,82,no,2
6924,1770689707,2026-02-09T18:15:07,18,82,no,14
6925,1770689707,2026-02-09T18:15:07,17,83,no,16
6926,1770689708,2026-02-09T18:15:08,19,81,yes,9
6927,1770689711,2026-02-09T18:15:11,18,82,yes,10
6928,1770689713,2026-02-09T18:15:13,18,82,yes,13
6929,1770689713,2026-02-09T18:15:13,18,82,yes,39
6930,1770689713,2026-02-09T18:15:13,17,83,no,29
6931,1770689713,2026-02-09T18:15:13,17,83,no,13
6932,1770689713,2026-02-09T18:15:13,17,83,no,275
6933,1770689714,2026-02-09T18:15:14,18,82,yes,7461
6934,1770689714,2026-02-09T18:15:14,18,82,yes,747
6935,1770689714,2026-02-09T18:15:14,18,82,yes,747
6936,1770689714,2026-02-09T18:15:14,18,82,yes,12
6937,1770689714,2026-02-09T18:15:14,19,81,yes,638
6938,1770689714,2026-02-09T18:15:14,19,81,yes,638
6939,1770689714,2026-02-09T18:15:14,20,80,yes,5000
6940,1770689714,2026-02-09T18:15:14,20,80,yes,638
6941,1770689714,2026-02-09T18:15:14,20,80,yes,16
6942,1770689716,2026-02-09T18:15:16,18,82,no,14
6943,1770689716,2026-02-09T18:15:16,18,82,no,115
6944,1770689720,2026-02-09T18:15:20,20,80,yes,4
6945,1770689721,2026-02-09T18:15:21,20,80,yes,8
6946,1770689721,2026-02-09T18:15:21,21,79,yes,37
6947,1770689723,2026-02-09T18:15:23,21,79,yes,3
6948,1770689724,2026-02-09T18:15:24,21,79,yes,10
6949,1770689724,2026-02-09T18:15:24,22,78,yes,85
6950,1770689724,2026-02-09T18:15:24,22,78,yes,2
6951,1770689724,2026-02-09T18:15:24,21,79,yes,13
6952,1770689730,2026-02-09T18:15:30,22,78,yes,4
6953,1770689731,2026-02-09T18:15:31,21,79,no,2
6954,1770689732,2026-02-09T18:15:32,21,79,no,277
6955,1770689732,2026-02-09T18:15:32,23,77,yes,4
6956,1770689733,2026-02-09T18:15:33,23,77,yes,20
6957,1770689733,2026-02-09T18:15:33,23,77,yes,16
6958,1770689734,2026-02-09T18:15:34,23,77,yes,20
6959,1770689734,2026-02-09T18:15:34,23,77,yes,8
6960,1770689734,2026-02-09T18:15:34,23,77,yes,20
6961,1770689734,2026-02-09T18:15:34,23,77,yes,82
6962,1770689734,2026-02-09T18:15:34,23,77,yes,61
6963,1770689735,2026-02-09T18:15:35,23,77,yes,8
6964,1770689735,2026-02-09T18:15:35,23,77,yes,12
6965,1770689735,2026-02-09T18:15:35,23,77,yes,61
6966,1770689735,2026-02-09T18:15:35,23,77,yes,1
6967,1770689736,2026-02-09T18:15:36,23,77,yes,41
6968,1770689736,2026-02-09T18:15:36,23,77,yes,24
6969,1770689737,2026-02-09T18:15:37,21,79,no,1
6970,1770689738,2026-02-09T18:15:38,23,77,yes,20
6971,1770689738,2026-02-09T18:15:38,23,77,yes,41
6972,1770689738,2026-02-09T18:15:38,21,79,no,20
6973,1770689739,2026-02-09T18:15:39,23,77,yes,3
6974,1770689739,2026-02-09T18:15:39,23,77,yes,384
6975,1770689739,2026-02-09T18:15:39,23,77,yes,9
6976,1770689739,2026-02-09T18:15:39,23,77,yes,31
6977,1770689739,2026-02-09T18:15:39,21,79,no,13
6978,1770689739,2026-02-09T18:15:39,21,79,no,7
6979,1770689739,2026-02-09T18:15:39,21,79,no,9
6980,1770689739,2026-02-09T18:15:39,23,77,yes,14
6981,1770689739,2026-02-09T18:15:39,23,77,yes,295
6982,1770689739,2026-02-09T18:15:39,23,77,yes,8
6983,1770689739,2026-02-09T18:15:39,23,77,yes,4
6984,1770689739,2026-02-09T18:15:39,23,77,yes,4
6985,1770689740,2026-02-09T18:15:40,23,77,yes,12
6986,1770689740,2026-02-09T18:15:40,23,77,yes,194
6987,1770689740,2026-02-09T18:15:40,23,77,yes,20
6988,1770689740,2026-02-09T18:15:40,23,77,yes,41
6989,1770689740,2026-02-09T18:15:40,23,77,yes,7
6990,1770689741,2026-02-09T18:15:41,23,77,yes,12
6991,1770689741,2026-02-09T18:15:41,23,77,yes,2
6992,1770689742,2026-02-09T18:15:42,23,77,yes,12
6993,1770689743,2026-02-09T18:15:43,23,77,yes,12
6994,1770689744,2026-02-09T18:15:44,23,77,yes,41
6995,1770689744,2026-02-09T18:15:44,23,77,yes,41
6996,1770689745,2026-02-09T18:15:45,23,77,yes,20
6997,1770689745,2026-02-09T18:15:45,23,77,yes,4
6998,1770689746,2026-02-09T18:15:46,23,77,yes,20
6999,1770689747,2026-02-09T18:15:47,23,77,yes,8
7000,1770689747,2026-02-09T18:15:47,23,77,yes,16
7001,1770689747,2026-02-09T18:15:47,23,77,yes,12
7002,1770689749,2026-02-09T18:15:49,23,77,yes,8
7003,1770689749,2026-02-09T18:15:49,23,77,yes,28
7004,1770689749,2026-02-09T18:15:49,23,77,yes,82
7005,1770689749,2026-02-09T18:15:49,23,77,yes,12
7006,1770689749,2026-02-09T18:15:49,22,78,no,7
7007,1770689749,2026-02-09T18:15:49,23,77,yes,20
7008,1770689750,2026-02-09T18:15:50,23,77,yes,28
7009,1770689750,2026-02-09T18:15:50,23,77,yes,6
7010,1770689750,2026-02-09T18:15:50,23,77,yes,82
7011,1770689751,2026-02-09T18:15:51,23,77,yes,5
7012,1770689751,2026-02-09T18:15:51,23,77,yes,400
7013,1770689752,2026-02-09T18:15:52,23,77,yes,40
7014,1770689752,2026-02-09T18:15:52,23,77,yes,4
7015,1770689753,2026-02-09T18:15:53,22,78,no,7
7016,1770689753,2026-02-09T18:15:53,22,78,no,42
7017,1770689754,2026-02-09T18:15:54,23,77,yes,12
7018,1770689755,2026-02-09T18:15:55,23,77,yes,54
7019,1770689756,2026-02-09T18:15:56,23,77,yes,84
7020,1770689756,2026-02-09T18:15:56,23,77,yes,400
7021,1770689756,2026-02-09T18:15:56,23,77,yes,4
7022,1770689756,2026-02-09T18:15:56,23,77,yes,381
7023,1770689757,2026-02-09T18:15:57,23,77,yes,150
7024,1770689757,2026-02-09T18:15:57,23,77,yes,24
7025,1770689757,2026-02-09T18:15:57,23,77,yes,20
7026,1770689759,2026-02-09T18:15:59,23,77,yes,169
7027,1770689759,2026-02-09T18:15:59,23,77,yes,41
7028,1770689761,2026-02-09T18:16:01,23,77,yes,82
7029,1770689761,2026-02-09T18:16:01,23,77,yes,2
7030,1770689761,2026-02-09T18:16:01,23,77,yes,4
7031,1770689761,2026-02-09T18:16:01,23,77,yes,41
7032,1770689762,2026-02-09T18:16:02,23,77,yes,264
7033,1770689763,2026-02-09T18:16:03,23,77,yes,12
7034,1770689764,2026-02-09T18:16:04,23,77,yes,20
7035,1770689764,2026-02-09T18:16:04,23,77,yes,60
7036,1770689765,2026-02-09T18:16:05,23,77,yes,41
7037,1770689765,2026-02-09T18:16:05,23,77,yes,100
7038,1770689765,2026-02-09T18:16:05,23,77,yes,82
7039,1770689766,2026-02-09T18:16:06,23,77,yes,8
7040,1770689767,2026-02-09T18:16:07,22,78,no,13
7041,1770689768,2026-02-09T18:16:08,22,78,yes,12
7042,1770689768,2026-02-09T18:16:08,22,78,yes,13
7043,1770689768,2026-02-09T18:16:08,22,78,yes,10
7044,1770689768,2026-02-09T18:16:08,22,78,yes,38
7045,1770689769,2026-02-09T18:16:09,22,78,yes,20
7046,1770689770,2026-02-09T18:16:10,22,78,yes,160
7047,1770689770,2026-02-09T18:16:10,22,78,yes,8
7048,1770689770,2026-02-09T18:16:10,22,78,yes,14
7049,1770689770,2026-02-09T18:16:10,22,78,yes,21
7050,1770689773,2026-02-09T18:16:13,22,78,yes,208
7051,1770689773,2026-02-09T18:16:13,22,78,yes,4
7052,1770689775,2026-02-09T18:16:15,22,78,no,13
7053,1770689776,2026-02-09T18:16:16,23,77,yes,197
7054,1770689776,2026-02-09T18:16:16,23,77,yes,5
7055,1770689777,2026-02-09T18:16:17,23,77,yes,25
7056,1770689779,2026-02-09T18:16:19,23,77,yes,20
7057,1770689779,2026-02-09T18:16:19,23,77,yes,3
7058,1770689779,2026-02-09T18:16:19,23,77,yes,82
7059,1770689779,2026-02-09T18:16:19,23,77,yes,103
7060,1770689780,2026-02-09T18:16:20,23,77,yes,40
7061,1770689781,2026-02-09T18:16:21,23,77,yes,41
7062,1770689781,2026-02-09T18:16:21,23,77,yes,206
7063,1770689784,2026-02-09T18:16:24,23,77,yes,20
7064,1770689784,2026-02-09T18:16:24,23,77,yes,80
7065,1770689784,2026-02-09T18:16:24,23,77,yes,11
7066,1770689784,2026-02-09T18:16:24,23,77,yes,13
7067,1770689784,2026-02-09T18:16:24,23,77,yes,90
7068,1770689785,2026-02-09T18:16:25,23,77,yes,16
7069,1770689785,2026-02-09T18:16:25,23,77,yes,12
7070,1770689785,2026-02-09T18:16:25,23,77,yes,715
7071,1770689785,2026-02-09T18:16:25,23,77,yes,35
7072,1770689785,2026-02-09T18:16:25,23,77,yes,16
7073,1770689787,2026-02-09T18:16:27,22,78,yes,80
7074,1770689788,2026-02-09T18:16:28,22,78,yes,100
7075,1770689789,2026-02-09T18:16:29,22,78,yes,12
7076,1770689790,2026-02-09T18:16:30,22,78,yes,21
7077,1770689791,2026-02-09T18:16:31,22,78,yes,41
7078,1770689793,2026-02-09T18:16:33,22,78,yes,416
7079,1770689796,2026-02-09T18:16:36,22,78,yes,412
7080,1770689796,2026-02-09T18:16:36,22,78,yes,8
7081,1770689797,2026-02-09T18:16:37,22,78,yes,1
7082,1770689797,2026-02-09T18:16:37,22,78,yes,215
7083,1770689798,2026-02-09T18:16:38,22,78,yes,20
7084,1770689798,2026-02-09T18:16:38,22,78,yes,8
7085,1770689799,2026-02-09T18:16:39,21,79,no,12
7086,1770689799,2026-02-09T18:16:39,22,78,yes,20
7087,1770689799,2026-02-09T18:16:39,21,79,no,1
7088,1770689799,2026-02-09T18:16:39,21,79,no,386
7089,1770689799,2026-02-09T18:16:39,22,78,yes,21
7090,1770689800,2026-02-09T18:16:40,22,78,yes,4
7091,1770689800,2026-02-09T18:16:40,22,78,yes,21
7092,1770689801,2026-02-09T18:16:41,22,78,yes,21
7093,1770689801,2026-02-09T18:16:41,21,79,no,236
7094,1770689802,2026-02-09T18:16:42,22,78,yes,86
7095,1770689802,2026-02-09T18:16:42,22,78,yes,21
7096,1770689802,2026-02-09T18:16:42,22,78,yes,21
7097,1770689802,2026-02-09T18:16:42,22,78,yes,100
7098,1770689803,2026-02-09T18:16:43,22,78,yes,20
7099,1770689804,2026-02-09T18:16:44,22,78,yes,15
7100,1770689805,2026-02-09T18:16:45,22,78,yes,86
7101,1770689805,2026-02-09T18:16:45,22,78,yes,25
7102,1770689805,2026-02-09T18:16:45,22,78,yes,10
7103,1770689805,2026-02-09T18:16:45,22,78,yes,107
7104,1770689807,2026-02-09T18:16:47,22,78,yes,21
7105,1770689807,2026-02-09T18:16:47,22,78,yes,8
7106,1770689807,2026-02-09T18:16:47,22,78,yes,30
7107,1770689807,2026-02-09T18:16:47,22,78,yes,20
7108,1770689809,2026-02-09T18:16:49,22,78,yes,9
7109,1770689809,2026-02-09T18:16:49,22,78,yes,129
7110,1770689810,2026-02-09T18:16:50,22,78,yes,20
7111,1770689810,2026-02-09T18:16:50,22,78,yes,431
7112,1770689811,2026-02-09T18:16:51,21,79,no,12
7113,1770689811,2026-02-09T18:16:51,21,79,no,195
7114,1770689814,2026-02-09T18:16:54,22,78,yes,21
7115,1770689814,2026-02-09T18:16:54,22,78,yes,21
7116,1770689814,2026-02-09T18:16:54,22,78,yes,5
7117,1770689815,2026-02-09T18:16:55,22,78,yes,12
7118,1770689816,2026-02-09T18:16:56,22,78,yes,65
7119,1770689816,2026-02-09T18:16:56,21,79,no,123
7120,1770689817,2026-02-09T18:16:57,22,78,yes,12
7121,1770689817,2026-02-09T18:16:57,22,78,yes,64
7122,1770689817,2026-02-09T18:16:57,22,78,yes,160
7123,1770689817,2026-02-09T18:16:57,22,78,yes,20
7124,1770689817,2026-02-09T18:16:57,22,78,yes,104
7125,1770689818,2026-02-09T18:16:58,22,78,yes,25
7126,1770689818,2026-02-09T18:16:58,22,78,yes,1041
7127,1770689820,2026-02-09T18:17:00,22,78,yes,2
7128,1770689820,2026-02-09T18:17:00,22,78,yes,4
7129,1770689820,2026-02-09T18:17:00,22,78,yes,216
7130,1770689821,2026-02-09T18:17:01,22,78,yes,21
7131,1770689822,2026-02-09T18:17:02,22,78,yes,211
7132,1770689823,2026-02-09T18:17:03,22,78,yes,208
7133,1770689823,2026-02-09T18:17:03,22,78,yes,43
7134,1770689824,2026-02-09T18:17:04,21,79,no,82
7135,1770689824,2026-02-09T18:17:04,21,79,no,10
7136,1770689824,2026-02-09T18:17:04,22,78,yes,43
7137,1770689825,2026-02-09T18:17:05,22,78,yes,107
7138,1770689825,2026-02-09T18:17:05,22,78,yes,8
7139,1770689825,2026-02-09T18:17:05,22,78,yes,44
7140,1770689828,2026-02-09T18:17:08,22,78,yes,20
7141,1770689829,2026-02-09T18:17:09,22,78,yes,86
7142,1770689829,2026-02-09T18:17:09,22,78,yes,172
7143,1770689829,2026-02-09T18:17:09,22,78,yes,21
7144,1770689830,2026-02-09T18:17:10,22,78,yes,5
7145,1770689832,2026-02-09T18:17:12,22,78,yes,181
7146,1770689832,2026-02-09T18:17:12,22,78,yes,50
7147,1770689832,2026-02-09T18:17:12,22,78,yes,86
7148,1770689832,2026-02-09T18:17:12,22,78,yes,8
7149,1770689833,2026-02-09T18:17:13,22,78,yes,120
7150,1770689834,2026-02-09T18:17:14,22,78,yes,12
7151,1770689835,2026-02-09T18:17:15,22,78,yes,303
7152,1770689836,2026-02-09T18:17:16,22,78,yes,215
7153,1770689836,2026-02-09T18:17:16,22,78,yes,104
7154,1770689836,2026-02-09T18:17:16,22,78,yes,104
7155,1770689836,2026-02-09T18:17:16,21,79,no,8
7156,1770689837,2026-02-09T18:17:17,22,78,yes,21
7157,1770689838,2026-02-09T18:17:18,22,78,yes,1077
7158,1770689838,2026-02-09T18:17:18,22,78,yes,75
7159,1770689839,2026-02-09T18:17:19,21,79,no,5
7160,1770689839,2026-02-09T18:17:19,21,79,no,627
7161,1770689839,2026-02-09T18:17:19,22,78,yes,43
7162,1770689839,2026-02-09T18:17:19,22,78,yes,43
7163,1770689841,2026-02-09T18:17:21,22,78,yes,8
7164,1770689842,2026-02-09T18:17:22,22,78,yes,4
7165,1770689842,2026-02-09T18:17:22,22,78,yes,4
7166,1770689844,2026-02-09T18:17:24,22,78,yes,3
7167,1770689844,2026-02-09T18:17:24,22,78,yes,35
7168,1770689844,2026-02-09T18:17:24,22,78,yes,72
7169,1770689844,2026-02-09T18:17:24,21,79,no,14
7170,1770689845,2026-02-09T18:17:25,20,80,yes,4
7171,1770689845,2026-02-09T18:17:25,19,81,no,31
7172,1770689845,2026-02-09T18:17:25,20,80,yes,46
7173,1770689845,2026-02-09T18:17:25,20,80,yes,13
7174,1770689846,2026-02-09T18:17:26,22,78,yes,100
7175,1770689847,2026-02-09T18:17:27,22,78,yes,6
7176,1770689847,2026-02-09T18:17:27,22,78,yes,44
7177,1770689848,2026-02-09T18:17:28,22,78,yes,81
7178,1770689848,2026-02-09T18:17:28,22,78,yes,19
7179,1770689848,2026-02-09T18:17:28,22,78,yes,41
7180,1770689848,2026-02-09T18:17:28,22,78,yes,86
7181,1770689850,2026-02-09T18:17:30,20,80,no,763
7182,1770689850,2026-02-09T18:17:30,20,80,no,879
7183,1770689850,2026-02-09T18:17:30,22,78,yes,14
7184,1770689852,2026-02-09T18:17:32,23,77,yes,4
7185,1770689854,2026-02-09T18:17:34,23,77,yes,8
7186,1770689854,2026-02-09T18:17:34,23,77,yes,20
7187,1770689854,2026-02-09T18:17:34,22,78,no,53
7188,1770689855,2026-02-09T18:17:35,23,77,yes,226
7189,1770689855,2026-02-09T18:17:35,23,77,yes,8
7190,1770689855,2026-02-09T18:17:35,22,78,no,147
7191,1770689855,2026-02-09T18:17:35,22,78,no,14
7192,1770689855,2026-02-09T18:17:35,23,77,yes,20
7193,1770689856,2026-02-09T18:17:36,21,79,no,4
7194,1770689857,2026-02-09T18:17:37,21,79,no,8
7195,1770689857,2026-02-09T18:17:37,21,79,no,487
7196,1770689859,2026-02-09T18:17:39,23,77,yes,4
7197,1770689859,2026-02-09T18:17:39,23,77,yes,9
7198,1770689865,2026-02-09T18:17:45,23,77,yes,192
7199,1770689866,2026-02-09T18:17:46,23,77,yes,41
7200,1770689868,2026-02-09T18:17:48,23,77,yes,3
7201,1770689870,2026-02-09T18:17:50,23,77,yes,4
7202,1770689870,2026-02-09T18:17:50,23,77,yes,49
7203,1770689870,2026-02-09T18:17:50,23,77,yes,82
7204,1770689870,2026-02-09T18:17:50,23,77,yes,694
7205,1770689870,2026-02-09T18:17:50,23,77,yes,106
7206,1770689870,2026-02-09T18:17:50,23,77,yes,4
7207,1770689871,2026-02-09T18:17:51,23,77,yes,8
7208,1770689871,2026-02-09T18:17:51,24,76,yes,2
7209,1770689871,2026-02-09T18:17:51,23,77,yes,20
7210,1770689871,2026-02-09T18:17:51,23,77,yes,61
7211,1770689871,2026-02-09T18:17:51,23,77,yes,984
7212,1770689871,2026-02-09T18:17:51,23,77,yes,253
7213,1770689871,2026-02-09T18:17:51,23,77,yes,20
7214,1770689872,2026-02-09T18:17:52,23,77,yes,115
7215,1770689873,2026-02-09T18:17:53,23,77,yes,8
7216,1770689873,2026-02-09T18:17:53,23,77,yes,25
7217,1770689873,2026-02-09T18:17:53,22,78,no,14
7218,1770689873,2026-02-09T18:17:53,21,79,no,80
7219,1770689874,2026-02-09T18:17:54,23,77,yes,4
7220,1770689874,2026-02-09T18:17:54,23,77,yes,13
7221,1770689876,2026-02-09T18:17:56,24,76,no,72
7222,1770689876,2026-02-09T18:17:56,25,75,yes,5
7223,1770689876,2026-02-09T18:17:56,26,74,yes,1
7224,1770689876,2026-02-09T18:17:56,26,74,yes,5
7225,1770689878,2026-02-09T18:17:58,26,74,yes,7
7226,1770689879,2026-02-09T18:17:59,26,74,yes,71
7227,1770689880,2026-02-09T18:18:00,26,74,yes,73
7228,1770689881,2026-02-09T18:18:01,26,74,yes,36
7229,1770689882,2026-02-09T18:18:02,26,74,yes,4
7230,1770689882,2026-02-09T18:18:02,26,74,yes,36
7231,1770689882,2026-02-09T18:18:02,26,74,yes,914
7232,1770689885,2026-02-09T18:18:05,27,73,yes,14
7233,1770689885,2026-02-09T18:18:05,27,73,yes,258
7234,1770689886,2026-02-09T18:18:06,27,73,yes,15
7235,1770689886,2026-02-09T18:18:06,27,73,yes,233
7236,1770689887,2026-02-09T18:18:07,25,75,no,13
7237,1770689887,2026-02-09T18:18:07,26,74,yes,13
7238,1770689887,2026-02-09T18:18:07,26,74,yes,150
7239,1770689887,2026-02-09T18:18:07,26,74,yes,894
7240,1770689887,2026-02-09T18:18:07,26,74,yes,17
7241,1770689888,2026-02-09T18:18:08,25,75,yes,34
7242,1770689888,2026-02-09T18:18:08,25,75,yes,105
7243,1770689888,2026-02-09T18:18:08,25,75,yes,17
7244,1770689888,2026-02-09T18:18:08,25,75,yes,2315
7245,1770689888,2026-02-09T18:18:08,27,73,yes,7
7246,1770689889,2026-02-09T18:18:09,25,75,yes,7
7247,1770689889,2026-02-09T18:18:09,25,75,no,13
7248,1770689889,2026-02-09T18:18:09,25,75,no,150
7249,1770689889,2026-02-09T18:18:09,25,75,no,150
7250,1770689889,2026-02-09T18:18:09,25,75,yes,35
7251,1770689890,2026-02-09T18:18:10,25,75,yes,34
7252,1770689890,2026-02-09T18:18:10,25,75,yes,16
7253,1770689890,2026-02-09T18:18:10,25,75,no,151
7254,1770689890,2026-02-09T18:18:10,25,75,no,12
7255,1770689891,2026-02-09T18:18:11,24,76,no,10
7256,1770689891,2026-02-09T18:18:11,26,74,yes,15
7257,1770689891,2026-02-09T18:18:11,26,74,yes,3
7258,1770689892,2026-02-09T18:18:12,26,74,yes,36
7259,1770689892,2026-02-09T18:18:12,26,74,yes,3
7260,1770689892,2026-02-09T18:18:12,25,75,yes,57
7261,1770689893,2026-02-09T18:18:13,25,75,yes,2
7262,1770689893,2026-02-09T18:18:13,25,75,yes,53
7263,1770689893,2026-02-09T18:18:13,24,76,no,3
7264,1770689893,2026-02-09T18:18:13,24,76,yes,18
7265,1770689894,2026-02-09T18:18:14,24,76,yes,43
7266,1770689894,2026-02-09T18:18:14,24,76,yes,109
7267,1770689894,2026-02-09T18:18:14,24,76,yes,11
7268,1770689895,2026-02-09T18:18:15,24,76,yes,118
7269,1770689895,2026-02-09T18:18:15,24,76,yes,370
7270,1770689895,2026-02-09T18:18:15,24,76,yes,53
7271,1770689896,2026-02-09T18:18:16,23,77,no,20
7272,1770689896,2026-02-09T18:18:16,23,77,no,13
7273,1770689896,2026-02-09T18:18:16,23,77,yes,197
7274,1770689896,2026-02-09T18:18:16,23,77,yes,50
7275,1770689897,2026-02-09T18:18:17,23,77,yes,39
7276,1770689897,2026-02-09T18:18:17,23,77,yes,206
7277,1770689897,2026-02-09T18:18:17,23,77,yes,6
7278,1770689897,2026-02-09T18:18:17,23,77,yes,52
7279,1770689897,2026-02-09T18:18:17,23,77,yes,100
7280,1770689898,2026-02-09T18:18:18,23,77,yes,265
7281,1770689898,2026-02-09T18:18:18,23,77,yes,806
7282,1770689898,2026-02-09T18:18:18,23,77,yes,12
7283,1770689898,2026-02-09T18:18:18,25,75,yes,3
7284,1770689898,2026-02-09T18:18:18,24,76,no,5
7285,1770689898,2026-02-09T18:18:18,24,76,no,13
7286,1770689899,2026-02-09T18:18:19,23,77,yes,19
7287,1770689899,2026-02-09T18:18:19,23,77,yes,46
7288,1770689899,2026-02-09T18:18:19,22,78,no,87
7289,1770689899,2026-02-09T18:18:19,23,77,yes,17
7290,1770689900,2026-02-09T18:18:20,23,77,yes,28
7291,1770689901,2026-02-09T18:18:21,23,77,yes,119
7292,1770689902,2026-02-09T18:18:22,23,77,yes,5
7293,1770689902,2026-02-09T18:18:22,23,77,yes,9
7294,1770689902,2026-02-09T18:18:22,23,77,yes,41
7295,1770689903,2026-02-09T18:18:23,23,77,yes,20
7296,1770689904,2026-02-09T18:18:24,23,77,yes,21
7297,1770689904,2026-02-09T18:18:24,23,77,yes,41
7298,1770689905,2026-02-09T18:18:25,23,77,yes,19
7299,1770689906,2026-02-09T18:18:26,22,78,no,10
7300,1770689906,2026-02-09T18:18:26,23,77,yes,5
7301,1770689907,2026-02-09T18:18:27,22,78,no,4
7302,1770689907,2026-02-09T18:18:27,22,78,no,2
7303,1770689907,2026-02-09T18:18:27,23,77,yes,20
7304,1770689908,2026-02-09T18:18:28,23,77,yes,20
7305,1770689908,2026-02-09T18:18:28,23,77,yes,20
7306,1770689909,2026-02-09T18:18:29,23,77,yes,4
7307,1770689910,2026-02-09T18:18:30,23,77,yes,4
7308,1770689910,2026-02-09T18:18:30,23,77,yes,5
7309,1770689910,2026-02-09T18:18:30,23,77,yes,11
7310,1770689912,2026-02-09T18:18:32,23,77,yes,14
7311,1770689912,2026-02-09T18:18:32,23,77,yes,1099
7312,1770689912,2026-02-09T18:18:32,23,77,yes,1099
7313,1770689912,2026-02-09T18:18:32,23,77,yes,1099
7314,1770689912,2026-02-09T18:18:32,23,77,yes,150
7315,1770689912,2026-02-09T18:18:32,23,77,yes,150
7316,1770689912,2026-02-09T18:18:32,23,77,yes,1076
7317,1770689912,2026-02-09T18:18:32,23,77,yes,150
7318,1770689912,2026-02-09T18:18:32,23,77,yes,300
7319,1770689912,2026-02-09T18:18:32,24,76,yes,1099
7320,1770689912,2026-02-09T18:18:32,24,76,yes,1099
7321,1770689912,2026-02-09T18:18:32,24,76,yes,75
7322,1770689912,2026-02-09T18:18:32,25,75,yes,1099
7323,1770689912,2026-02-09T18:18:32,25,75,yes,5333
7324,1770689913,2026-02-09T18:18:33,24,76,yes,14
7325,1770689913,2026-02-09T18:18:33,24,76,yes,15
7326,1770689913,2026-02-09T18:18:33,24,76,yes,16
7327,1770689913,2026-02-09T18:18:33,24,76,no,50
7328,1770689916,2026-02-09T18:18:36,25,75,yes,13
7329,1770689916,2026-02-09T18:18:36,26,74,yes,4
7330,1770689917,2026-02-09T18:18:37,26,74,yes,14
7331,1770689918,2026-02-09T18:18:38,27,73,yes,15
7332,1770689918,2026-02-09T18:18:38,28,72,yes,2
7333,1770689918,2026-02-09T18:18:38,26,74,no,23
7334,1770689920,2026-02-09T18:18:40,27,73,yes,12
7335,1770689920,2026-02-09T18:18:40,27,73,yes,150
7336,1770689920,2026-02-09T18:18:40,27,73,yes,8
7337,1770689920,2026-02-09T18:18:40,26,74,no,9
7338,1770689920,2026-02-09T18:18:40,27,73,yes,27
7339,1770689921,2026-02-09T18:18:41,26,74,no,1121
7340,1770689921,2026-02-09T18:18:41,26,74,no,100
7341,1770689921,2026-02-09T18:18:41,26,74,no,14
7342,1770689921,2026-02-09T18:18:41,26,74,no,150
7343,1770689921,2026-02-09T18:18:41,26,74,no,150
7344,1770689921,2026-02-09T18:18:41,25,75,no,1153
7345,1770689921,2026-02-09T18:18:41,27,73,yes,34
7346,1770689921,2026-02-09T18:18:41,27,73,yes,35
7347,1770689922,2026-02-09T18:18:42,27,73,yes,50
7348,1770689923,2026-02-09T18:18:43,26,74,no,6
7349,1770689923,2026-02-09T18:18:43,27,73,yes,15
7350,1770689923,2026-02-09T18:18:43,27,73,yes,55
7351,1770689924,2026-02-09T18:18:44,27,73,yes,7
7352,1770689924,2026-02-09T18:18:44,27,73,yes,8
7353,1770689924,2026-02-09T18:18:44,28,72,yes,77
7354,1770689925,2026-02-09T18:18:45,28,72,yes,16
7355,1770689925,2026-02-09T18:18:45,28,72,yes,17
7356,1770689925,2026-02-09T18:18:45,27,73,yes,34
7357,1770689926,2026-02-09T18:18:46,27,73,yes,66
7358,1770689928,2026-02-09T18:18:48,27,73,yes,17
7359,1770689928,2026-02-09T18:18:48,27,73,yes,17
7360,1770689928,2026-02-09T18:18:48,26,74,no,7
7361,1770689928,2026-02-09T18:18:48,27,73,yes,16
7362,1770689928,2026-02-09T18:18:48,27,73,yes,1
7363,1770689928,2026-02-09T18:18:48,27,73,yes,59
7364,1770689928,2026-02-09T18:18:48,27,73,yes,46
7365,1770689929,2026-02-09T18:18:49,27,73,yes,5
7366,1770689929,2026-02-09T18:18:49,27,73,yes,8
7367,1770689929,2026-02-09T18:18:49,27,73,yes,78
7368,1770689930,2026-02-09T18:18:50,27,73,yes,72
7369,1770689930,2026-02-09T18:18:50,27,73,yes,150
7370,1770689930,2026-02-09T18:18:50,27,73,yes,1571
7371,1770689930,2026-02-09T18:18:50,26,74,no,12
7372,1770689930,2026-02-09T18:18:50,25,75,no,13
7373,1770689930,2026-02-09T18:18:50,27,73,yes,14
7374,1770689930,2026-02-09T18:18:50,27,73,yes,38
7375,1770689930,2026-02-09T18:18:50,25,75,no,8
7376,1770689931,2026-02-09T18:18:51,26,74,yes,52
7377,1770689931,2026-02-09T18:18:51,26,74,yes,2
7378,1770689932,2026-02-09T18:18:52,26,74,yes,344
7379,1770689932,2026-02-09T18:18:52,25,75,no,4
7380,1770689932,2026-02-09T18:18:52,24,76,no,8
7381,1770689932,2026-02-09T18:18:52,24,76,no,142
7382,1770689932,2026-02-09T18:18:52,24,76,no,13
7383,1770689932,2026-02-09T18:18:52,23,77,yes,182
7384,1770689933,2026-02-09T18:18:53,23,77,yes,182
7385,1770689933,2026-02-09T18:18:53,23,77,yes,107
7386,1770689933,2026-02-09T18:18:53,23,77,yes,30
7387,1770689933,2026-02-09T18:18:53,23,77,yes,36
7388,1770689934,2026-02-09T18:18:54,23,77,yes,18
7389,1770689934,2026-02-09T18:18:54,23,77,yes,8
7390,1770689935,2026-02-09T18:18:55,23,77,yes,103
7391,1770689935,2026-02-09T18:18:55,23,77,yes,7
7392,1770689935,2026-02-09T18:18:55,23,77,yes,61
7393,1770689935,2026-02-09T18:18:55,23,77,yes,219
7394,1770689935,2026-02-09T18:18:55,23,77,yes,193
7395,1770689935,2026-02-09T18:18:55,23,77,yes,5
7396,1770689936,2026-02-09T18:18:56,23,77,yes,82
7397,1770689936,2026-02-09T18:18:56,23,77,yes,206
7398,1770689936,2026-02-09T18:18:56,23,77,yes,20
7399,1770689937,2026-02-09T18:18:57,23,77,yes,123
7400,1770689937,2026-02-09T18:18:57,23,77,yes,200
7401,1770689938,2026-02-09T18:18:58,23,77,yes,20
7402,1770689938,2026-02-09T18:18:58,23,77,yes,20
7403,1770689939,2026-02-09T18:18:59,23,77,yes,41
7404,1770689940,2026-02-09T18:19:00,22,78,no,1
7405,1770689940,2026-02-09T18:19:00,23,77,yes,8
7406,1770689940,2026-02-09T18:19:00,23,77,yes,17
7407,1770689940,2026-02-09T18:19:00,23,77,yes,3
7408,1770689941,2026-02-09T18:19:01,23,77,yes,20
7409,1770689941,2026-02-09T18:19:01,23,77,yes,20
7410,1770689942,2026-02-09T18:19:02,23,77,yes,16
7411,1770689942,2026-02-09T18:19:02,23,77,yes,200
7412,1770689942,2026-02-09T18:19:02,23,77,yes,80
7413,1770689943,2026-02-09T18:19:03,23,77,yes,8
7414,1770689943,2026-02-09T18:19:03,23,77,yes,20
7415,1770689943,2026-02-09T18:19:03,23,77,yes,100
7416,1770689944,2026-02-09T18:19:04,22,78,no,1
7417,1770689944,2026-02-09T18:19:04,22,78,no,12
7418,1770689944,2026-02-09T18:19:04,22,78,no,13
7419,1770689944,2026-02-09T18:19:04,22,78,yes,400
7420,1770689945,2026-02-09T18:19:05,22,78,yes,111
7421,1770689945,2026-02-09T18:19:05,22,78,yes,41
7422,1770689946,2026-02-09T18:19:06,22,78,yes,86
7423,1770689947,2026-02-09T18:19:07,22,78,yes,4
7424,1770689947,2026-02-09T18:19:07,22,78,yes,14
7425,1770689947,2026-02-09T18:19:07,22,78,yes,186
7426,1770689947,2026-02-09T18:19:07,21,79,no,13
7427,1770689948,2026-02-09T18:19:08,20,80,yes,215
7428,1770689948,2026-02-09T18:19:08,20,80,yes,21
7429,1770689949,2026-02-09T18:19:09,20,80,yes,454
7430,1770689950,2026-02-09T18:19:10,20,80,yes,4
7431,1770689951,2026-02-09T18:19:11,19,81,no,13
7432,1770689951,2026-02-09T18:19:11,17,83,no,4
7433,1770689951,2026-02-09T18:19:11,16,84,no,14
7434,1770689952,2026-02-09T18:19:12,19,81,yes,5
7435,1770689952,2026-02-09T18:19:12,19,81,yes,9
7436,1770689952,2026-02-09T18:19:12,19,81,yes,5
7437,1770689953,2026-02-09T18:19:13,19,81,yes,14
7438,1770689953,2026-02-09T18:19:13,20,80,yes,36
7439,1770689953,2026-02-09T18:19:13,20,80,yes,43
7440,1770689953,2026-02-09T18:19:13,20,80,yes,21
7441,1770689953,2026-02-09T18:19:13,20,80,yes,29
7442,1770689954,2026-02-09T18:19:14,20,80,yes,12
7443,1770689954,2026-02-09T18:19:14,21,79,yes,11
7444,1770689954,2026-02-09T18:19:14,19,81,yes,49
7445,1770689954,2026-02-09T18:19:14,19,81,yes,9
7446,1770689955,2026-02-09T18:19:15,19,81,yes,144
7447,1770689956,2026-02-09T18:19:16,19,81,yes,5
7448,1770689956,2026-02-09T18:19:16,19,81,yes,10
7449,1770689956,2026-02-09T18:19:16,19,81,yes,89
7450,1770689956,2026-02-09T18:19:16,19,81,yes,40
7451,1770689957,2026-02-09T18:19:17,19,81,yes,43
7452,1770689958,2026-02-09T18:19:18,19,81,yes,18
7453,1770689958,2026-02-09T18:19:18,18,82,no,13
7454,1770689958,2026-02-09T18:19:18,17,83,no,21
7455,1770689959,2026-02-09T18:19:19,19,81,yes,24
7456,1770689959,2026-02-09T18:19:19,19,81,yes,23
7457,1770689959,2026-02-09T18:19:19,19,81,yes,85
7458,1770689959,2026-02-09T18:19:19,19,81,yes,14
7459,1770689960,2026-02-09T18:19:20,20,80,yes,14
7460,1770689960,2026-02-09T18:19:20,20,80,yes,33
7461,1770689961,2026-02-09T18:19:21,20,80,yes,6
7462,1770689961,2026-02-09T18:19:21,20,80,yes,100
7463,1770689963,2026-02-09T18:19:23,20,80,yes,1
7464,1770689964,2026-02-09T18:19:24,20,80,yes,12
7465,1770689967,2026-02-09T18:19:27,21,79,yes,12
7466,1770689969,2026-02-09T18:19:29,22,78,yes,5
7467,1770689969,2026-02-09T18:19:29,22,78,yes,38
7468,1770689971,2026-02-09T18:19:31,21,79,yes,130
7469,1770689971,2026-02-09T18:19:31,21,79,yes,135
7470,1770689971,2026-02-09T18:19:31,21,79,yes,21
7471,1770689972,2026-02-09T18:19:32,21,79,yes,225
7472,1770689972,2026-02-09T18:19:32,21,79,yes,4
7473,1770689973,2026-02-09T18:19:33,21,79,yes,74
7474,1770689973,2026-02-09T18:19:33,21,79,yes,589
7475,1770689973,2026-02-09T18:19:33,21,79,yes,465
7476,1770689974,2026-02-09T18:19:34,21,79,yes,217
7477,1770689974,2026-02-09T18:19:34,21,79,yes,22
7478,1770689974,2026-02-09T18:19:34,21,79,yes,9
7479,1770689975,2026-02-09T18:19:35,21,79,yes,200
7480,1770689975,2026-02-09T18:19:35,21,79,yes,83
7481,1770689977,2026-02-09T18:19:37,20,80,no,12
7482,1770689977,2026-02-09T18:19:37,20,80,yes,22
7483,1770689978,2026-02-09T18:19:38,18,82,no,51
7484,1770689978,2026-02-09T18:19:38,20,80,yes,41
7485,1770689978,2026-02-09T18:19:38,20,80,yes,3
7486,1770689979,2026-02-09T18:19:39,20,80,yes,113
7487,1770689979,2026-02-09T18:19:39,20,80,yes,23
7488,1770689979,2026-02-09T18:19:39,20,80,yes,47
7489,1770689980,2026-02-09T18:19:40,20,80,yes,118
7490,1770689980,2026-02-09T18:19:40,20,80,yes,14
7491,1770689981,2026-02-09T18:19:41,20,80,yes,75
7492,1770689981,2026-02-09T18:19:41,20,80,yes,189
7493,1770689981,2026-02-09T18:19:41,20,80,yes,107
7494,1770689981,2026-02-09T18:19:41,20,80,yes,11
7495,1770689982,2026-02-09T18:19:42,20,80,yes,14
7496,1770689982,2026-02-09T18:19:42,20,80,yes,1
7497,1770689983,2026-02-09T18:19:43,19,81,yes,488
7498,1770689984,2026-02-09T18:19:44,19,81,yes,24
7499,1770689985,2026-02-09T18:19:45,19,81,yes,14
7500,1770689985,2026-02-09T18:19:45,19,81,yes,8
7501,1770689985,2026-02-09T18:19:45,18,82,no,14
7502,1770689985,2026-02-09T18:19:45,19,81,yes,113
7503,1770689986,2026-02-09T18:19:46,19,81,yes,24
7504,1770689986,2026-02-09T18:19:46,19,81,yes,9
7505,1770689986,2026-02-09T18:19:46,19,81,yes,113
7506,1770689987,2026-02-09T18:19:47,19,81,yes,5
7507,1770689988,2026-02-09T18:19:48,19,81,yes,45
7508,1770689988,2026-02-09T18:19:48,19,81,yes,14
7509,1770689989,2026-02-09T18:19:49,19,81,yes,49
7510,1770689990,2026-02-09T18:19:50,17,83,no,12
7511,1770689990,2026-02-09T18:19:50,17,83,yes,12
7512,1770689991,2026-02-09T18:19:51,17,83,yes,75
7513,1770689991,2026-02-09T18:19:51,17,83,yes,4
7514,1770689992,2026-02-09T18:19:52,17,83,yes,49
7515,1770689992,2026-02-09T18:19:52,17,83,yes,166
7516,1770689992,2026-02-09T18:19:52,17,83,yes,26
7517,1770689993,2026-02-09T18:19:53,17,83,yes,55
7518,1770689993,2026-02-09T18:19:53,17,83,yes,11
7519,1770689994,2026-02-09T18:19:54,17,83,yes,55
7520,1770689995,2026-02-09T18:19:55,17,83,yes,14
7521,1770689996,2026-02-09T18:19:56,17,83,yes,183
7522,1770689996,2026-02-09T18:19:56,16,84,no,12
7523,1770689996,2026-02-09T18:19:56,16,84,no,39
7524,1770689997,2026-02-09T18:19:57,17,83,yes,55
7525,1770689998,2026-02-09T18:19:58,16,84,no,20
7526,1770689998,2026-02-09T18:19:58,17,83,yes,105
7527,1770689998,2026-02-09T18:19:58,17,83,yes,11
7528,1770689999,2026-02-09T18:19:59,17,83,yes,370
7529,1770689999,2026-02-09T18:19:59,17,83,yes,130
7530,1770689999,2026-02-09T18:19:59,16,84,no,111
7531,1770689999,2026-02-09T18:19:59,17,83,yes,50
7532,1770689999,2026-02-09T18:19:59,17,83,yes,5
7533,1770690000,2026-02-09T18:20:00,17,83,yes,2
7534,1770690000,2026-02-09T18:20:00,16,84,no,12
7535,1770690000,2026-02-09T18:20:00,16,84,no,61
7536,1770690002,2026-02-09T18:20:02,16,84,no,28
7537,1770690002,2026-02-09T18:20:02,17,83,yes,7
7538,1770690002,2026-02-09T18:20:02,17,83,yes,48
7539,1770690002,2026-02-09T18:20:02,16,84,no,264
7540,1770690003,2026-02-09T18:20:03,17,83,yes,26
7541,1770690004,2026-02-09T18:20:04,17,83,yes,15
7542,1770690005,2026-02-09T18:20:05,17,83,yes,55
7543,1770690005,2026-02-09T18:20:05,17,83,yes,27
7544,1770690005,2026-02-09T18:20:05,17,83,yes,11
7545,1770690006,2026-02-09T18:20:06,16,84,no,65
7546,1770690007,2026-02-09T18:20:07,17,83,yes,50
7547,1770690008,2026-02-09T18:20:08,16,84,no,142
7548,1770690008,2026-02-09T18:20:08,17,83,yes,55
7549,1770690010,2026-02-09T18:20:10,17,83,yes,1
7550,1770690011,2026-02-09T18:20:11,17,83,yes,27
7551,1770690011,2026-02-09T18:20:11,16,84,no,64
7552,1770690011,2026-02-09T18:20:11,17,83,yes,50
7553,1770690011,2026-02-09T18:20:11,17,83,yes,22
7554,1770690013,2026-02-09T18:20:13,16,84,no,82
7555,1770690014,2026-02-09T18:20:14,16,84,no,43
7556,1770690014,2026-02-09T18:20:14,16,84,no,14
7557,1770690015,2026-02-09T18:20:15,16,84,yes,27
7558,1770690015,2026-02-09T18:20:15,15,85,no,63
7559,1770690015,2026-02-09T18:20:15,16,84,yes,16
7560,1770690015,2026-02-09T18:20:15,16,84,yes,14
7561,1770690016,2026-02-09T18:20:16,17,83,yes,11
7562,1770690017,2026-02-09T18:20:17,17,83,yes,10
7563,1770690018,2026-02-09T18:20:18,17,83,yes,10
7564,1770690020,2026-02-09T18:20:20,16,84,no,20
7565,1770690020,2026-02-09T18:20:20,16,84,no,10
7566,1770690021,2026-02-09T18:20:21,17,83,yes,5
7567,1770690021,2026-02-09T18:20:21,17,83,yes,52
7568,1770690022,2026-02-09T18:20:22,17,83,yes,5
7569,1770690023,2026-02-09T18:20:23,17,83,yes,7
7570,1770690023,2026-02-09T18:20:23,17,83,yes,20
7571,1770690029,2026-02-09T18:20:29,17,83,yes,27
7572,1770690029,2026-02-09T18:20:29,16,84,no,14
7573,1770690030,2026-02-09T18:20:30,16,84,no,126
7574,1770690030,2026-02-09T18:20:30,16,84,no,749
7575,1770690030,2026-02-09T18:20:30,16,84,no,804
7576,1770690031,2026-02-09T18:20:31,17,83,no,14
7577,1770690036,2026-02-09T18:20:36,16,84,no,1
7578,1770690036,2026-02-09T18:20:36,16,84,no,46
7579,1770690036,2026-02-09T18:20:36,17,83,yes,59
7580,1770690036,2026-02-09T18:20:36,17,83,yes,55
7581,1770690037,2026-02-09T18:20:37,17,83,yes,23
7582,1770690039,2026-02-09T18:20:39,17,83,yes,16
7583,1770690040,2026-02-09T18:20:40,16,84,no,15
7584,1770690040,2026-02-09T18:20:40,17,83,yes,52
7585,1770690040,2026-02-09T18:20:40,17,83,yes,27
7586,1770690042,2026-02-09T18:20:42,17,83,yes,100
7587,1770690043,2026-02-09T18:20:43,17,83,yes,55
7588,1770690043,2026-02-09T18:20:43,17,83,yes,83
7589,1770690044,2026-02-09T18:20:44,17,83,yes,11
7590,1770690046,2026-02-09T18:20:46,17,83,yes,55
7591,1770690047,2026-02-09T18:20:47,17,83,yes,27
7592,1770690048,2026-02-09T18:20:48,17,83,yes,55
7593,1770690048,2026-02-09T18:20:48,17,83,yes,55
7594,1770690048,2026-02-09T18:20:48,17,83,yes,94
7595,1770690048,2026-02-09T18:20:48,17,83,yes,72
7596,1770690049,2026-02-09T18:20:49,17,83,yes,5
7597,1770690050,2026-02-09T18:20:50,17,83,yes,11
7598,1770690050,2026-02-09T18:20:50,17,83,yes,500
7599,1770690051,2026-02-09T18:20:51,17,83,yes,11
7600,1770690052,2026-02-09T18:20:52,16,84,no,47
7601,1770690052,2026-02-09T18:20:52,17,83,yes,50
7602,1770690052,2026-02-09T18:20:52,17,83,yes,11
7603,1770690053,2026-02-09T18:20:53,17,83,yes,121
7604,1770690053,2026-02-09T18:20:53,17,83,yes,79
7605,1770690053,2026-02-09T18:20:53,16,84,no,1
7606,1770690054,2026-02-09T18:20:54,17,83,yes,55
7607,1770690055,2026-02-09T18:20:55,17,83,yes,37
7608,1770690055,2026-02-09T18:20:55,17,83,yes,555
7609,1770690055,2026-02-09T18:20:55,17,83,yes,11
7610,1770690058,2026-02-09T18:20:58,17,83,yes,788
7611,1770690058,2026-02-09T18:20:58,17,83,yes,212
7612,1770690059,2026-02-09T18:20:59,17,83,yes,11
7613,1770690059,2026-02-09T18:20:59,17,83,yes,27
7614,1770690060,2026-02-09T18:21:00,16,84,no,12
7615,1770690060,2026-02-09T18:21:00,16,84,no,8
7616,1770690061,2026-02-09T18:21:01,17,83,yes,26
7617,1770690061,2026-02-09T18:21:01,17,83,yes,110
7618,1770690062,2026-02-09T18:21:02,16,84,no,4
7619,1770690062,2026-02-09T18:21:02,17,83,yes,27
7620,1770690063,2026-02-09T18:21:03,17,83,yes,52
7621,1770690063,2026-02-09T18:21:03,17,83,yes,52
7622,1770690064,2026-02-09T18:21:04,17,83,yes,26
7623,1770690066,2026-02-09T18:21:06,17,83,yes,10
7624,1770690067,2026-02-09T18:21:07,17,83,yes,33
7625,1770690068,2026-02-09T18:21:08,17,83,yes,111
7626,1770690069,2026-02-09T18:21:09,17,83,yes,50
7627,1770690069,2026-02-09T18:21:09,17,83,yes,210
7628,1770690072,2026-02-09T18:21:12,17,83,yes,43
7629,1770690072,2026-02-09T18:21:12,17,83,yes,130
7630,1770690075,2026-02-09T18:21:15,17,83,yes,11
7631,1770690076,2026-02-09T18:21:16,17,83,yes,5
7632,1770690076,2026-02-09T18:21:16,16,84,no,16
7633,1770690077,2026-02-09T18:21:17,17,83,yes,35
7634,1770690077,2026-02-09T18:21:17,17,83,yes,16
7635,1770690078,2026-02-09T18:21:18,17,83,yes,5
7636,1770690081,2026-02-09T18:21:21,17,83,yes,55
7637,1770690082,2026-02-09T18:21:22,16,84,no,17
7638,1770690083,2026-02-09T18:21:23,17,83,yes,111
7639,1770690083,2026-02-09T18:21:23,17,83,yes,5
7640,1770690084,2026-02-09T18:21:24,17,83,yes,55
7641,1770690084,2026-02-09T18:21:24,17,83,yes,100
7642,1770690085,2026-02-09T18:21:25,16,84,no,743
7643,1770690085,2026-02-09T18:21:25,16,84,no,1889
7644,1770690085,2026-02-09T18:21:25,16,84,no,164
7645,1770690085,2026-02-09T18:21:25,17,83,yes,1100
7646,1770690086,2026-02-09T18:21:26,17,83,yes,5
7647,1770690087,2026-02-09T18:21:27,17,83,yes,115
7648,1770690087,2026-02-09T18:21:27,17,83,yes,88
7649,1770690087,2026-02-09T18:21:27,17,83,yes,5
7650,1770690088,2026-02-09T18:21:28,17,83,yes,105
7651,1770690088,2026-02-09T18:21:28,17,83,yes,131
7652,1770690089,2026-02-09T18:21:29,17,83,yes,22
7653,1770690090,2026-02-09T18:21:30,17,83,yes,52
7654,1770690090,2026-02-09T18:21:30,17,83,yes,105
7655,1770690090,2026-02-09T18:21:30,17,83,yes,27
7656,1770690091,2026-02-09T18:21:31,16,84,no,7
7657,1770690091,2026-02-09T18:21:31,17,83,yes,109
7658,1770690092,2026-02-09T18:21:32,17,83,yes,111
7659,1770690092,2026-02-09T18:21:32,17,83,yes,73
7660,1770690092,2026-02-09T18:21:32,17,83,yes,138
7661,1770690094,2026-02-09T18:21:34,17,83,yes,111
7662,1770690094,2026-02-09T18:21:34,17,83,yes,27
7663,1770690096,2026-02-09T18:21:36,16,84,no,47
7664,1770690096,2026-02-09T18:21:36,16,84,no,14
7665,1770690097,2026-02-09T18:21:37,17,83,yes,5
7666,1770690098,2026-02-09T18:21:38,17,83,yes,129
7667,1770690099,2026-02-09T18:21:39,17,83,yes,16
7668,1770690101,2026-02-09T18:21:41,17,83,yes,10
7669,1770690101,2026-02-09T18:21:41,17,83,yes,2
7670,1770690102,2026-02-09T18:21:42,17,83,yes,10
7671,1770690104,2026-02-09T18:21:44,17,83,yes,27
7672,1770690106,2026-02-09T18:21:46,17,83,yes,27
7673,1770690106,2026-02-09T18:21:46,17,83,yes,27
7674,1770690107,2026-02-09T18:21:47,17,83,yes,27
7675,1770690108,2026-02-09T18:21:48,17,83,yes,555
7676,1770690109,2026-02-09T18:21:49,16,84,no,15
7677,1770690110,2026-02-09T18:21:50,17,83,yes,277
7678,1770690110,2026-02-09T18:21:50,17,83,yes,55
7679,1770690111,2026-02-09T18:21:51,17,83,yes,2
7680,1770690112,2026-02-09T18:21:52,17,83,yes,5
7681,1770690112,2026-02-09T18:21:52,17,83,yes,5
7682,1770690113,2026-02-09T18:21:53,16,84,no,76
7683,1770690114,2026-02-09T18:21:54,17,83,yes,2
7684,1770690114,2026-02-09T18:21:54,17,83,yes,5
7685,1770690115,2026-02-09T18:21:55,17,83,yes,277
7686,1770690119,2026-02-09T18:21:59,17,83,yes,2
7687,1770690120,2026-02-09T18:22:00,16,84,no,50
7688,1770690123,2026-02-09T18:22:03,16,84,no,225
7689,1770690123,2026-02-09T18:22:03,17,83,yes,11
7690,1770690124,2026-02-09T18:22:04,17,83,yes,100
7691,1770690125,2026-02-09T18:22:05,17,83,yes,27
7692,1770690126,2026-02-09T18:22:06,17,83,yes,178
7693,1770690128,2026-02-09T18:22:08,17,83,yes,27
7694,1770690128,2026-02-09T18:22:08,17,83,yes,55
7695,1770690128,2026-02-09T18:22:08,16,84,no,2513
7696,1770690128,2026-02-09T18:22:08,16,84,no,14
7697,1770690128,2026-02-09T18:22:08,16,84,no,61
7698,1770690129,2026-02-09T18:22:09,17,83,yes,56
7699,1770690130,2026-02-09T18:22:10,17,83,yes,11
7700,1770690130,2026-02-09T18:22:10,16,84,no,19
7701,1770690130,2026-02-09T18:22:10,16,84,no,120
7702,1770690131,2026-02-09T18:22:11,16,84,no,2
7703,1770690131,2026-02-09T18:22:11,16,84,no,68
7704,1770690131,2026-02-09T18:22:11,17,83,yes,1
7705,1770690132,2026-02-09T18:22:12,17,83,yes,263
7706,1770690132,2026-02-09T18:22:12,17,83,yes,55
7707,1770690132,2026-02-09T18:22:12,17,83,yes,277
7708,1770690135,2026-02-09T18:22:15,17,83,yes,55
7709,1770690137,2026-02-09T18:22:17,17,83,yes,25
7710,1770690137,2026-02-09T18:22:17,17,83,yes,1
7711,1770690139,2026-02-09T18:22:19,17,83,yes,100
7712,1770690140,2026-02-09T18:22:20,16,84,no,607
7713,1770690140,2026-02-09T18:22:20,16,84,no,456
7714,1770690140,2026-02-09T18:22:20,17,83,yes,526
7715,1770690140,2026-02-09T18:22:20,17,83,yes,27
7716,1770690141,2026-02-09T18:22:21,17,83,yes,277
7717,1770690142,2026-02-09T18:22:22,16,84,no,22
7718,1770690142,2026-02-09T18:22:22,16,84,no,23
7719,1770690144,2026-02-09T18:22:24,16,84,no,7
7720,1770690144,2026-02-09T18:22:24,17,83,yes,11
7721,1770690145,2026-02-09T18:22:25,17,83,yes,16
7722,1770690146,2026-02-09T18:22:26,17,83,yes,20
7723,1770690146,2026-02-09T18:22:26,17,83,yes,25
7724,1770690146,2026-02-09T18:22:26,17,83,yes,55
7725,1770690147,2026-02-09T18:22:27,16,84,no,28
7726,1770690148,2026-02-09T18:22:28,16,84,no,57
7727,1770690148,2026-02-09T18:22:28,17,83,yes,10
7728,1770690148,2026-02-09T18:22:28,17,83,yes,5
7729,1770690150,2026-02-09T18:22:30,17,83,yes,200
7730,1770690152,2026-02-09T18:22:32,17,83,yes,55
7731,1770690155,2026-02-09T18:22:35,17,83,yes,3
7732,1770690156,2026-02-09T18:22:36,16,84,no,25
7733,1770690157,2026-02-09T18:22:37,16,84,no,152
7734,1770690159,2026-02-09T18:22:39,17,83,yes,55
7735,1770690161,2026-02-09T18:22:41,17,83,yes,62
7736,1770690161,2026-02-09T18:22:41,17,83,yes,22
7737,1770690164,2026-02-09T18:22:44,17,83,yes,6
7738,1770690166,2026-02-09T18:22:46,17,83,yes,5
7739,1770690166,2026-02-09T18:22:46,16,84,no,96
7740,1770690166,2026-02-09T18:22:46,17,83,yes,83
7741,1770690168,2026-02-09T18:22:48,16,84,no,164
7742,1770690169,2026-02-09T18:22:49,17,83,yes,100
7743,1770690170,2026-02-09T18:22:50,16,84,no,4
7744,1770690172,2026-02-09T18:22:52,17,83,yes,2779
7745,1770690172,2026-02-09T18:22:52,17,83,yes,115
7746,1770690172,2026-02-09T18:22:52,16,84,no,197
7747,1770690174,2026-02-09T18:22:54,17,83,yes,12
7748,1770690175,2026-02-09T18:22:55,17,83,yes,5
7749,1770690176,2026-02-09T18:22:56,17,83,yes,3
7750,1770690177,2026-02-09T18:22:57,17,83,yes,10
7751,1770690177,2026-02-09T18:22:57,17,83,yes,26
7752,1770690180,2026-02-09T18:23:00,17,83,yes,75
7753,1770690181,2026-02-09T18:23:01,17,83,yes,50
7754,1770690182,2026-02-09T18:23:02,17,83,yes,11
7755,1770690184,2026-02-09T18:23:04,17,83,yes,57
7756,1770690185,2026-02-09T18:23:05,17,83,yes,15
7757,1770690185,2026-02-09T18:23:05,17,83,yes,10
7758,1770690188,2026-02-09T18:23:08,17,83,yes,55
7759,1770690189,2026-02-09T18:23:09,17,83,yes,16
7760,1770690194,2026-02-09T18:23:14,16,84,no,1
7761,1770690194,2026-02-09T18:23:14,17,83,yes,8
7762,1770690197,2026-02-09T18:23:17,17,83,yes,35
7763,1770690198,2026-02-09T18:23:18,17,83,yes,5
7764,1770690199,2026-02-09T18:23:19,16,84,no,3
7765,1770690199,2026-02-09T18:23:19,17,83,yes,27
7766,1770690199,2026-02-09T18:23:19,17,83,yes,263
7767,1770690200,2026-02-09T18:23:20,17,83,yes,28
7768,1770690200,2026-02-09T18:23:20,16,84,no,4
7769,1770690201,2026-02-09T18:23:21,17,83,yes,6
7770,1770690201,2026-02-09T18:23:21,16,84,no,15
7771,1770690203,2026-02-09T18:23:23,16,84,no,25
7772,1770690205,2026-02-09T18:23:25,17,83,yes,6
7773,1770690205,2026-02-09T18:23:25,17,83,yes,25
7774,1770690205,2026-02-09T18:23:25,17,83,yes,16
7775,1770690206,2026-02-09T18:23:26,17,83,yes,27
7776,1770690207,2026-02-09T18:23:27,16,84,no,57
7777,1770690208,2026-02-09T18:23:28,17,83,yes,14
7778,1770690208,2026-02-09T18:23:28,17,83,yes,13
7779,1770690208,2026-02-09T18:23:28,17,83,yes,11
7780,1770690209,2026-02-09T18:23:29,17,83,yes,27
7781,1770690210,2026-02-09T18:23:30,16,84,no,4
7782,1770690210,2026-02-09T18:23:30,17,83,yes,710
7783,1770690210,2026-02-09T18:23:30,17,83,yes,401
7784,1770690212,2026-02-09T18:23:32,17,83,yes,5
7785,1770690213,2026-02-09T18:23:33,17,83,yes,21
7786,1770690213,2026-02-09T18:23:33,16,84,no,71
7787,1770690214,2026-02-09T18:23:34,17,83,yes,5
7788,1770690214,2026-02-09T18:23:34,16,84,no,5
7789,1770690214,2026-02-09T18:23:34,17,83,yes,33
7790,1770690214,2026-02-09T18:23:34,17,83,yes,27
7791,1770690215,2026-02-09T18:23:35,17,83,yes,27
7792,1770690216,2026-02-09T18:23:36,17,83,yes,23
7793,1770690216,2026-02-09T18:23:36,16,84,no,584
7794,1770690216,2026-02-09T18:23:36,16,84,no,14
7795,1770690216,2026-02-09T18:23:36,16,84,no,10
7796,1770690216,2026-02-09T18:23:36,16,84,no,10
7797,1770690216,2026-02-09T18:23:36,16,84,no,141
7798,1770690216,2026-02-09T18:23:36,16,84,no,141
7799,1770690216,2026-02-09T18:23:36,16,84,no,187
7800,1770690220,2026-02-09T18:23:40,18,82,yes,50
7801,1770690220,2026-02-09T18:23:40,18,82,yes,1
7802,1770690221,2026-02-09T18:23:41,18,82,yes,52
7803,1770690223,2026-02-09T18:23:43,17,83,yes,55
7804,1770690224,2026-02-09T18:23:44,17,83,yes,5
7805,1770690224,2026-02-09T18:23:44,17,83,yes,263
7806,1770690224,2026-02-09T18:23:44,17,83,yes,438
7807,1770690224,2026-02-09T18:23:44,17,83,yes,13
7808,1770690224,2026-02-09T18:23:44,17,83,yes,761
7809,1770690224,2026-02-09T18:23:44,17,83,yes,761
7810,1770690224,2026-02-09T18:23:44,17,83,yes,14
7811,1770690224,2026-02-09T18:23:44,18,82,yes,8897
7812,1770690224,2026-02-09T18:23:44,18,82,yes,300
7813,1770690224,2026-02-09T18:23:44,18,82,yes,4878
7814,1770690224,2026-02-09T18:23:44,18,82,yes,1091
7815,1770690224,2026-02-09T18:23:44,18,82,yes,761
7816,1770690224,2026-02-09T18:23:44,18,82,yes,761
7817,1770690224,2026-02-09T18:23:44,19,81,yes,75
7818,1770690224,2026-02-09T18:23:44,19,81,yes,12
7819,1770690224,2026-02-09T18:23:44,19,81,yes,761
7820,1770690224,2026-02-09T18:23:44,19,81,yes,12
7821,1770690225,2026-02-09T18:23:45,17,83,no,13
7822,1770690225,2026-02-09T18:23:45,16,84,no,7
7823,1770690228,2026-02-09T18:23:48,17,83,no,17
7824,1770690229,2026-02-09T18:23:49,19,81,yes,144
7825,1770690231,2026-02-09T18:23:51,19,81,yes,249
7826,1770690232,2026-02-09T18:23:52,19,81,yes,74
7827,1770690232,2026-02-09T18:23:52,19,81,yes,119
7828,1770690234,2026-02-09T18:23:54,19,81,yes,4
7829,1770690234,2026-02-09T18:23:54,19,81,yes,4
7830,1770690234,2026-02-09T18:23:54,19,81,yes,24
7831,1770690235,2026-02-09T18:23:55,20,80,yes,45
7832,1770690236,2026-02-09T18:23:56,18,82,no,49
7833,1770690236,2026-02-09T18:23:56,18,82,no,4
7834,1770690237,2026-02-09T18:23:57,19,81,no,714
7835,1770690237,2026-02-09T18:23:57,19,81,no,12
7836,1770690237,2026-02-09T18:23:57,18,82,no,150
7837,1770690237,2026-02-09T18:23:57,18,82,no,300
7838,1770690237,2026-02-09T18:23:57,18,82,no,714
7839,1770690237,2026-02-09T18:23:57,17,83,no,1066
7840,1770690237,2026-02-09T18:23:57,16,84,no,3
7841,1770690238,2026-02-09T18:23:58,18,82,no,14
7842,1770690239,2026-02-09T18:23:59,19,81,yes,9
7843,1770690239,2026-02-09T18:23:59,19,81,yes,9
7844,1770690242,2026-02-09T18:24:02,19,81,yes,6
7845,1770690242,2026-02-09T18:24:02,19,81,yes,224
7846,1770690242,2026-02-09T18:24:02,19,81,yes,14
7847,1770690242,2026-02-09T18:24:02,19,81,yes,5
7848,1770690244,2026-02-09T18:24:04,19,81,yes,4
7849,1770690244,2026-02-09T18:24:04,18,82,no,13
7850,1770690246,2026-02-09T18:24:06,18,82,yes,2
7851,1770690246,2026-02-09T18:24:06,18,82,yes,26
7852,1770690246,2026-02-09T18:24:06,18,82,yes,11
7853,1770690246,2026-02-09T18:24:06,18,82,yes,262
7854,1770690249,2026-02-09T18:24:09,16,84,no,12
7855,1770690249,2026-02-09T18:24:09,16,84,yes,526
7856,1770690250,2026-02-09T18:24:10,16,84,yes,60
7857,1770690250,2026-02-09T18:24:10,16,84,yes,12
7858,1770690250,2026-02-09T18:24:10,16,84,yes,106
7859,1770690251,2026-02-09T18:24:11,16,84,yes,555
7860,1770690252,2026-02-09T18:24:12,16,84,yes,13
7861,1770690252,2026-02-09T18:24:12,16,84,yes,7
7862,1770690253,2026-02-09T18:24:13,16,84,yes,14
7863,1770690253,2026-02-09T18:24:13,16,84,yes,74
7864,1770690254,2026-02-09T18:24:14,16,84,yes,5
7865,1770690254,2026-02-09T18:24:14,16,84,yes,129
7866,1770690254,2026-02-09T18:24:14,16,84,yes,3
7867,1770690255,2026-02-09T18:24:15,15,85,no,12
7868,1770690256,2026-02-09T18:24:16,15,85,yes,5
7869,1770690256,2026-02-09T18:24:16,14,86,no,14
7870,1770690256,2026-02-09T18:24:16,13,87,no,404
7871,1770690256,2026-02-09T18:24:16,14,86,yes,5
7872,1770690256,2026-02-09T18:24:16,14,86,yes,100
7873,1770690257,2026-02-09T18:24:17,14,86,yes,55
7874,1770690257,2026-02-09T18:24:17,13,87,no,96
7875,1770690257,2026-02-09T18:24:17,13,87,no,13
7876,1770690258,2026-02-09T18:24:18,14,86,yes,603
7877,1770690258,2026-02-09T18:24:18,14,86,yes,26
7878,1770690258,2026-02-09T18:24:18,14,86,yes,625
7879,1770690259,2026-02-09T18:24:19,14,86,yes,26
7880,1770690260,2026-02-09T18:24:20,14,86,yes,31
7881,1770690260,2026-02-09T18:24:20,13,87,no,1
7882,1770690260,2026-02-09T18:24:20,12,88,no,14
7883,1770690260,2026-02-09T18:24:20,13,87,yes,5
7884,1770690261,2026-02-09T18:24:21,12,88,no,41
7885,1770690261,2026-02-09T18:24:21,13,87,yes,62
7886,1770690261,2026-02-09T18:24:21,13,87,yes,6
7887,1770690262,2026-02-09T18:24:22,12,88,no,50
7888,1770690263,2026-02-09T18:24:23,13,87,yes,33
7889,1770690263,2026-02-09T18:24:23,13,87,yes,46
7890,1770690264,2026-02-09T18:24:24,13,87,yes,15
7891,1770690264,2026-02-09T18:24:24,12,88,no,5
7892,1770690265,2026-02-09T18:24:25,13,87,yes,1000
7893,1770690265,2026-02-09T18:24:25,13,87,yes,210
7894,1770690265,2026-02-09T18:24:25,12,88,no,26
7895,1770690266,2026-02-09T18:24:26,13,87,yes,13
7896,1770690266,2026-02-09T18:24:26,13,87,yes,1
7897,1770690267,2026-02-09T18:24:27,13,87,yes,12
7898,1770690268,2026-02-09T18:24:28,13,87,yes,133
7899,1770690268,2026-02-09T18:24:28,13,87,yes,31
7900,1770690268,2026-02-09T18:24:28,13,87,yes,6
7901,1770690270,2026-02-09T18:24:30,12,88,no,10
7902,1770690270,2026-02-09T18:24:30,13,87,yes,7
7903,1770690271,2026-02-09T18:24:31,13,87,yes,14
7904,1770690272,2026-02-09T18:24:32,13,87,yes,60
7905,1770690272,2026-02-09T18:24:32,13,87,yes,72
7906,1770690272,2026-02-09T18:24:32,12,88,no,154
7907,1770690272,2026-02-09T18:24:32,12,88,no,5
7908,1770690272,2026-02-09T18:24:32,12,88,no,326
7909,1770690273,2026-02-09T18:24:33,12,88,no,30
7910,1770690273,2026-02-09T18:24:33,13,87,yes,62
7911,1770690273,2026-02-09T18:24:33,13,87,yes,6
7912,1770690273,2026-02-09T18:24:33,13,87,yes,333
7913,1770690273,2026-02-09T18:24:33,13,87,yes,58
7914,1770690275,2026-02-09T18:24:35,13,87,yes,33
7915,1770690276,2026-02-09T18:24:36,12,88,no,17
7916,1770690276,2026-02-09T18:24:36,13,87,yes,80
7917,1770690276,2026-02-09T18:24:36,12,88,no,20
7918,1770690276,2026-02-09T18:24:36,13,87,yes,33
7919,1770690276,2026-02-09T18:24:36,13,87,yes,14
7920,1770690278,2026-02-09T18:24:38,15,85,no,14
7921,1770690278,2026-02-09T18:24:38,14,86,no,5
7922,1770690278,2026-02-09T18:24:38,13,87,no,80
7923,1770690278,2026-02-09T18:24:38,13,87,no,45
7924,1770690278,2026-02-09T18:24:38,13,87,no,71
7925,1770690278,2026-02-09T18:24:38,13,87,no,292
7926,1770690280,2026-02-09T18:24:40,13,87,no,43
7927,1770690280,2026-02-09T18:24:40,15,85,yes,5
7928,1770690280,2026-02-09T18:24:40,15,85,yes,877
7929,1770690281,2026-02-09T18:24:41,13,87,no,21
7930,1770690281,2026-02-09T18:24:41,13,87,no,33
7931,1770690282,2026-02-09T18:24:42,14,86,yes,29
7932,1770690282,2026-02-09T18:24:42,13,87,no,12
7933,1770690282,2026-02-09T18:24:42,12,88,no,89
7934,1770690282,2026-02-09T18:24:42,14,86,yes,118
7935,1770690284,2026-02-09T18:24:44,12,88,no,26
7936,1770690284,2026-02-09T18:24:44,12,88,no,66
7937,1770690284,2026-02-09T18:24:44,14,86,yes,161
7938,1770690285,2026-02-09T18:24:45,12,88,no,105
7939,1770690285,2026-02-09T18:24:45,12,88,no,30
7940,1770690286,2026-02-09T18:24:46,14,86,yes,500
7941,1770690286,2026-02-09T18:24:46,14,86,yes,3
7942,1770690286,2026-02-09T18:24:46,14,86,yes,30
7943,1770690286,2026-02-09T18:24:46,14,86,yes,6
7944,1770690286,2026-02-09T18:24:46,12,88,no,124
7945,1770690286,2026-02-09T18:24:46,12,88,no,46
7946,1770690287,2026-02-09T18:24:47,13,87,yes,5
7947,1770690287,2026-02-09T18:24:47,13,87,yes,13
7948,1770690287,2026-02-09T18:24:47,14,86,yes,15
7949,1770690287,2026-02-09T18:24:47,12,88,no,26
7950,1770690288,2026-02-09T18:24:48,12,88,no,64
7951,1770690289,2026-02-09T18:24:49,13,87,yes,12
7952,1770690289,2026-02-09T18:24:49,14,86,yes,20
7953,1770690289,2026-02-09T18:24:49,14,86,yes,12
7954,1770690290,2026-02-09T18:24:50,12,88,no,14
7955,1770690290,2026-02-09T18:24:50,12,88,no,51
7956,1770690290,2026-02-09T18:24:50,12,88,no,125
7957,1770690291,2026-02-09T18:24:51,12,88,no,124
7958,1770690291,2026-02-09T18:24:51,14,86,yes,747
7959,1770690291,2026-02-09T18:24:51,14,86,yes,135
7960,1770690292,2026-02-09T18:24:52,12,88,no,12
7961,1770690292,2026-02-09T18:24:52,12,88,no,13
7962,1770690292,2026-02-09T18:24:52,12,88,no,28
7963,1770690294,2026-02-09T18:24:54,12,88,no,159
7964,1770690294,2026-02-09T18:24:54,12,88,no,222
7965,1770690295,2026-02-09T18:24:55,13,87,yes,13
7966,1770690295,2026-02-09T18:24:55,13,87,yes,62
7967,1770690295,2026-02-09T18:24:55,13,87,yes,6
7968,1770690295,2026-02-09T18:24:55,12,88,no,12
7969,1770690296,2026-02-09T18:24:56,13,87,yes,6
7970,1770690296,2026-02-09T18:24:56,13,87,yes,300
7971,1770690296,2026-02-09T18:24:56,13,87,yes,360
7972,1770690298,2026-02-09T18:24:58,13,87,yes,14
7973,1770690299,2026-02-09T18:24:59,13,87,yes,333
7974,1770690300,2026-02-09T18:25:00,13,87,yes,7
7975,1770690300,2026-02-09T18:25:00,12,88,no,14
7976,1770690300,2026-02-09T18:25:00,13,87,yes,21
7977,1770690302,2026-02-09T18:25:02,13,87,yes,7
7978,1770690302,2026-02-09T18:25:02,12,88,no,31
7979,1770690302,2026-02-09T18:25:02,12,88,no,18
7980,1770690303,2026-02-09T18:25:03,12,88,no,38
7981,1770690303,2026-02-09T18:25:03,12,88,no,63
7982,1770690304,2026-02-09T18:25:04,12,88,no,11
7983,1770690304,2026-02-09T18:25:04,13,87,yes,68
7984,1770690304,2026-02-09T18:25:04,13,87,yes,779
7985,1770690304,2026-02-09T18:25:04,13,87,yes,779
7986,1770690304,2026-02-09T18:25:04,13,87,yes,374
7987,1770690305,2026-02-09T18:25:05,12,88,no,14
7988,1770690305,2026-02-09T18:25:05,12,88,no,100
7989,1770690305,2026-02-09T18:25:05,12,88,no,113
7990,1770690305,2026-02-09T18:25:05,13,87,yes,14
7991,1770690305,2026-02-09T18:25:05,13,87,yes,80
7992,1770690306,2026-02-09T18:25:06,12,88,no,103
7993,1770690309,2026-02-09T18:25:09,13,87,yes,4
7994,1770690309,2026-02-09T18:25:09,12,88,no,14
7995,1770690309,2026-02-09T18:25:09,11,89,no,138
7996,1770690309,2026-02-09T18:25:09,13,87,yes,33
7997,1770690309,2026-02-09T18:25:09,11,89,no,94
7998,1770690311,2026-02-09T18:25:11,12,88,yes,7
7999,1770690311,2026-02-09T18:25:11,12,88,yes,143
8000,1770690311,2026-02-09T18:25:11,12,88,yes,150
8001,1770690311,2026-02-09T18:25:11,12,88,yes,13
8002,1770690311,2026-02-09T18:25:11,12,88,yes,71
8003,1770690312,2026-02-09T18:25:12,12,88,yes,7
8004,1770690312,2026-02-09T18:25:12,11,89,no,3
8005,1770690312,2026-02-09T18:25:12,11,89,no,265
8006,1770690312,2026-02-09T18:25:12,11,89,no,12
8007,1770690312,2026-02-09T18:25:12,10,90,no,100
8008,1770690312,2026-02-09T18:25:12,10,90,no,8
8009,1770690313,2026-02-09T18:25:13,10,90,no,12
8010,1770690313,2026-02-09T18:25:13,10,90,no,80
8011,1770690313,2026-02-09T18:25:13,10,90,no,100
8012,1770690313,2026-02-09T18:25:13,10,90,no,12
8013,1770690313,2026-02-09T18:25:13,9,91,no,1
8014,1770690313,2026-02-09T18:25:13,8,92,no,15
8015,1770690313,2026-02-09T18:25:13,7,93,no,1
8016,1770690313,2026-02-09T18:25:13,7,93,no,28
8017,1770690318,2026-02-09T18:25:18,9,91,no,14
8018,1770690318,2026-02-09T18:25:18,8,92,no,1
8019,1770690318,2026-02-09T18:25:18,8,92,no,26
8020,1770690319,2026-02-09T18:25:19,10,90,yes,10
8021,1770690320,2026-02-09T18:25:20,9,91,no,72
8022,1770690320,2026-02-09T18:25:20,10,90,yes,3
8023,1770690320,2026-02-09T18:25:20,10,90,no,94
8024,1770690320,2026-02-09T18:25:20,10,90,no,33
8025,1770690320,2026-02-09T18:25:20,10,90,no,61
8026,1770690321,2026-02-09T18:25:21,10,90,no,8
8027,1770690322,2026-02-09T18:25:22,12,88,yes,7
8028,1770690322,2026-02-09T18:25:22,10,90,no,14
8029,1770690322,2026-02-09T18:25:22,10,90,no,11
8030,1770690324,2026-02-09T18:25:24,12,88,yes,7
8031,1770690324,2026-02-09T18:25:24,12,88,yes,50
8032,1770690326,2026-02-09T18:25:26,12,88,yes,9
8033,1770690326,2026-02-09T18:25:26,10,90,no,13
8034,1770690326,2026-02-09T18:25:26,8,92,no,69
8035,1770690327,2026-02-09T18:25:27,11,89,yes,13
8036,1770690327,2026-02-09T18:25:27,12,88,yes,104
8037,1770690328,2026-02-09T18:25:28,9,91,no,13
8038,1770690328,2026-02-09T18:25:28,9,91,no,6
8039,1770690330,2026-02-09T18:25:30,11,89,yes,13
8040,1770690330,2026-02-09T18:25:30,11,89,yes,2
8041,1770690330,2026-02-09T18:25:30,11,89,yes,42
8042,1770690331,2026-02-09T18:25:31,9,91,no,66
8043,1770690332,2026-02-09T18:25:32,9,91,no,192
8044,1770690333,2026-02-09T18:25:33,11,89,yes,78
8045,1770690335,2026-02-09T18:25:35,9,91,no,38
8046,1770690335,2026-02-09T18:25:35,11,89,yes,171
8047,1770690335,2026-02-09T18:25:35,11,89,yes,8
8048,1770690336,2026-02-09T18:25:36,10,90,no,12
8049,1770690336,2026-02-09T18:25:36,9,91,no,132
8050,1770690336,2026-02-09T18:25:36,9,91,no,763
8051,1770690337,2026-02-09T18:25:37,11,89,yes,8
8052,1770690338,2026-02-09T18:25:38,11,89,yes,4
8053,1770690340,2026-02-09T18:25:40,11,89,no,25
8054,1770690342,2026-02-09T18:25:42,11,89,no,8
8055,1770690343,2026-02-09T18:25:43,11,89,no,5
8056,1770690343,2026-02-09T18:25:43,11,89,no,24
8057,1770690343,2026-02-09T18:25:43,11,89,no,49
8058,1770690344,2026-02-09T18:25:44,12,88,yes,14
8059,1770690344,2026-02-09T18:25:44,12,88,yes,10
8060,1770690345,2026-02-09T18:25:45,12,88,no,5
8061,1770690345,2026-02-09T18:25:45,12,88,no,7
8062,1770690345,2026-02-09T18:25:45,11,89,no,13
8063,1770690346,2026-02-09T18:25:46,12,88,no,23
8064,1770690348,2026-02-09T18:25:48,12,88,no,34
8065,1770690350,2026-02-09T18:25:50,12,88,no,12
8066,1770690350,2026-02-09T18:25:50,12,88,no,68
8067,1770690351,2026-02-09T18:25:51,12,88,no,600
8068,1770690351,2026-02-09T18:25:51,12,88,no,10
8069,1770690352,2026-02-09T18:25:52,12,88,no,12
8070,1770690352,2026-02-09T18:25:52,12,88,no,1
8071,1770690352,2026-02-09T18:25:52,11,89,no,1
8072,1770690352,2026-02-09T18:25:52,11,89,no,14
8073,1770690352,2026-02-09T18:25:52,10,90,no,933
8074,1770690352,2026-02-09T18:25:52,10,90,no,1
8075,1770690352,2026-02-09T18:25:52,10,90,no,4
8076,1770690352,2026-02-09T18:25:52,10,90,no,50
8077,1770690352,2026-02-09T18:25:52,9,91,no,300
8078,1770690352,2026-02-09T18:25:52,9,91,no,499
8079,1770690352,2026-02-09T18:25:52,9,91,no,200
8080,1770690352,2026-02-09T18:25:52,9,91,no,1229
8081,1770690352,2026-02-09T18:25:52,8,92,no,300
8082,1770690352,2026-02-09T18:25:52,8,92,no,150
8083,1770690352,2026-02-09T18:25:52,7,93,no,10
8084,1770690352,2026-02-09T18:25:52,7,93,no,1745
8085,1770690352,2026-02-09T18:25:52,10,90,no,182
8086,1770690353,2026-02-09T18:25:53,11,89,yes,73
8087,1770690353,2026-02-09T18:25:53,11,89,yes,37
8088,1770690353,2026-02-09T18:25:53,10,90,no,650
8089,1770690353,2026-02-09T18:25:53,10,90,no,18
8090,1770690353,2026-02-09T18:25:53,10,90,no,13
8091,1770690353,2026-02-09T18:25:53,12,88,yes,1
8092,1770690354,2026-02-09T18:25:54,12,88,no,299
8093,1770690354,2026-02-09T18:25:54,12,88,no,14
8094,1770690356,2026-02-09T18:25:56,11,89,yes,14
8095,1770690356,2026-02-09T18:25:56,12,88,yes,1
8096,1770690356,2026-02-09T18:25:56,11,89,yes,22
8097,1770690356,2026-02-09T18:25:56,12,88,yes,38
8098,1770690357,2026-02-09T18:25:57,12,88,yes,37
8099,1770690357,2026-02-09T18:25:57,12,88,yes,73
8100,1770690358,2026-02-09T18:25:58,11,89,yes,15
8101,1770690358,2026-02-09T18:25:58,11,89,yes,53
8102,1770690358,2026-02-09T18:25:58,11,89,yes,157
8103,1770690358,2026-02-09T18:25:58,11,89,yes,25
8104,1770690358,2026-02-09T18:25:58,11,89,yes,37
8105,1770690358,2026-02-09T18:25:58,11,89,yes,69
8106,1770690358,2026-02-09T18:25:58,10,90,no,13
8107,1770690358,2026-02-09T18:25:58,10,90,no,7
8108,1770690359,2026-02-09T18:25:59,11,89,yes,68
8109,1770690359,2026-02-09T18:25:59,11,89,yes,5
8110,1770690360,2026-02-09T18:26:00,11,89,yes,7
8111,1770690360,2026-02-09T18:26:00,12,88,yes,65
8112,1770690361,2026-02-09T18:26:01,11,89,yes,7
8113,1770690362,2026-02-09T18:26:02,11,89,yes,36
8114,1770690364,2026-02-09T18:26:04,11,89,yes,32
8115,1770690364,2026-02-09T18:26:04,11,89,yes,11
8116,1770690365,2026-02-09T18:26:05,11,89,yes,1
8117,1770690365,2026-02-09T18:26:05,11,89,yes,15
8118,1770690365,2026-02-09T18:26:05,11,89,yes,50
8119,1770690369,2026-02-09T18:26:09,11,89,yes,200
8120,1770690370,2026-02-09T18:26:10,10,90,no,3
8121,1770690370,2026-02-09T18:26:10,10,90,no,13
8122,1770690370,2026-02-09T18:26:10,10,90,no,150
8123,1770690370,2026-02-09T18:26:10,10,90,no,49
8124,1770690370,2026-02-09T18:26:10,9,91,no,1
8125,1770690370,2026-02-09T18:26:10,8,92,no,1
8126,1770690370,2026-02-09T18:26:10,7,93,no,70
8127,1770690370,2026-02-09T18:26:10,10,90,yes,14
8128,1770690371,2026-02-09T18:26:11,10,90,no,57
8129,1770690372,2026-02-09T18:26:12,11,89,yes,6
8130,1770690373,2026-02-09T18:26:13,10,90,no,39
8131,1770690374,2026-02-09T18:26:14,10,90,no,12
8132,1770690375,2026-02-09T18:26:15,10,90,no,55
8133,1770690377,2026-02-09T18:26:17,11,89,yes,20
8134,1770690378,2026-02-09T18:26:18,11,89,yes,60
8135,1770690381,2026-02-09T18:26:21,11,89,yes,5
8136,1770690381,2026-02-09T18:26:21,11,89,yes,15
8137,1770690382,2026-02-09T18:26:22,10,90,no,12
8138,1770690382,2026-02-09T18:26:22,10,90,no,79
8139,1770690382,2026-02-09T18:26:22,10,90,no,12
8140,1770690383,2026-02-09T18:26:23,8,92,no,123
8141,1770690385,2026-02-09T18:26:25,8,92,no,308
8142,1770690386,2026-02-09T18:26:26,8,92,no,12
8143,1770690386,2026-02-09T18:26:26,8,92,no,6
8144,1770690387,2026-02-09T18:26:27,8,92,no,39
8145,1770690390,2026-02-09T18:26:30,8,92,no,13
8146,1770690390,2026-02-09T18:26:30,7,93,no,1
8147,1770690390,2026-02-09T18:26:30,7,93,no,4
8148,1770690390,2026-02-09T18:26:30,7,93,no,849
8149,1770690390,2026-02-09T18:26:30,7,93,no,2500
8150,1770690390,2026-02-09T18:26:30,7,93,no,150
8151,1770690390,2026-02-09T18:26:30,6,94,no,1
8152,1770690390,2026-02-09T18:26:30,6,94,no,300
8153,1770690390,2026-02-09T18:26:30,6,94,no,1
8154,1770690390,2026-02-09T18:26:30,6,94,no,849
8155,1770690390,2026-02-09T18:26:30,5,95,no,28
8156,1770690391,2026-02-09T18:26:31,8,92,yes,14
8157,1770690391,2026-02-09T18:26:31,9,91,yes,28
8158,1770690393,2026-02-09T18:26:33,8,92,yes,6
8159,1770690397,2026-02-09T18:26:37,8,92,yes,6
8160,1770690397,2026-02-09T18:26:37,8,92,yes,50
8161,1770690397,2026-02-09T18:26:37,9,91,yes,79
8162,1770690398,2026-02-09T18:26:38,8,92,yes,6
8163,1770690399,2026-02-09T18:26:39,7,93,no,12
8164,1770690399,2026-02-09T18:26:39,7,93,no,54
8165,1770690401,2026-02-09T18:26:41,8,92,yes,6
8166,1770690401,2026-02-09T18:26:41,9,91,yes,221
8167,1770690403,2026-02-09T18:26:43,7,93,no,14
8168,1770690403,2026-02-09T18:26:43,6,94,no,6
8169,1770690403,2026-02-09T18:26:43,8,92,yes,4
8170,1770690403,2026-02-09T18:26:43,8,92,yes,9
8171,1770690403,2026-02-09T18:26:43,8,92,yes,91
8172,1770690403,2026-02-09T18:26:43,8,92,yes,51
8173,1770690404,2026-02-09T18:26:44,8,92,yes,157
8174,1770690404,2026-02-09T18:26:44,8,92,yes,52
8175,1770690404,2026-02-09T18:26:44,8,92,yes,18
8176,1770690405,2026-02-09T18:26:45,7,93,no,13
8177,1770690405,2026-02-09T18:26:45,6,94,no,6
8178,1770690405,2026-02-09T18:26:45,6,94,no,6
8179,1770690405,2026-02-09T18:26:45,7,93,yes,12
8180,1770690405,2026-02-09T18:26:45,8,92,yes,93
8181,1770690405,2026-02-09T18:26:45,6,94,no,498
8182,1770690407,2026-02-09T18:26:47,6,94,no,150
8183,1770690407,2026-02-09T18:26:47,6,94,no,26
8184,1770690408,2026-02-09T18:26:48,6,94,no,14
8185,1770690408,2026-02-09T18:26:48,6,94,no,459
8186,1770690410,2026-02-09T18:26:50,6,94,no,17
8187,1770690410,2026-02-09T18:26:50,7,93,yes,14
8188,1770690410,2026-02-09T18:26:50,7,93,yes,31
8189,1770690410,2026-02-09T18:26:50,6,94,no,376
8190,1770690410,2026-02-09T18:26:50,6,94,no,14
8191,1770690410,2026-02-09T18:26:50,6,94,no,70
8192,1770690410,2026-02-09T18:26:50,7,93,yes,15
8193,1770690411,2026-02-09T18:26:51,6,94,no,694
8194,1770690411,2026-02-09T18:26:51,7,93,yes,2
8195,1770690411,2026-02-09T18:26:51,7,93,yes,3
8196,1770690411,2026-02-09T18:26:51,7,93,yes,12
8197,1770690411,2026-02-09T18:26:51,6,94,no,13
8198,1770690411,2026-02-09T18:26:51,6,94,no,37
8199,1770690411,2026-02-09T18:26:51,6,94,no,160
8200,1770690412,2026-02-09T18:26:52,7,93,yes,13
8201,1770690412,2026-02-09T18:26:52,7,93,yes,1
8202,1770690412,2026-02-09T18:26:52,7,93,yes,199
8203,1770690412,2026-02-09T18:26:52,6,94,no,1
8204,1770690413,2026-02-09T18:26:53,6,94,no,4
8205,1770690413,2026-02-09T18:26:53,6,94,no,5
8206,1770690413,2026-02-09T18:26:53,6,94,no,5
8207,1770690413,2026-02-09T18:26:53,6,94,no,25
8208,1770690413,2026-02-09T18:26:53,6,94,no,8
8209,1770690414,2026-02-09T18:26:54,6,94,no,14
8210,1770690415,2026-02-09T18:26:55,6,94,yes,14
8211,1770690415,2026-02-09T18:26:55,7,93,yes,19
8212,1770690416,2026-02-09T18:26:56,6,94,yes,12
8213,1770690416,2026-02-09T18:26:56,7,93,yes,543
8214,1770690416,2026-02-09T18:26:56,5,95,no,185
8215,1770690416,2026-02-09T18:26:56,6,94,yes,11
8216,1770690418,2026-02-09T18:26:58,5,95,no,287
8217,1770690418,2026-02-09T18:26:58,5,95,no,186
8218,1770690418,2026-02-09T18:26:58,5,95,no,14
8219,1770690418,2026-02-09T18:26:58,5,95,no,11
8220,1770690419,2026-02-09T18:26:59,6,94,yes,2
8221,1770690419,2026-02-09T18:26:59,6,94,yes,61
8222,1770690419,2026-02-09T18:26:59,6,94,yes,13
8223,1770690419,2026-02-09T18:26:59,6,94,yes,312
8224,1770690420,2026-02-09T18:27:00,5,95,no,149
8225,1770690420,2026-02-09T18:27:00,5,95,no,59
8226,1770690421,2026-02-09T18:27:01,6,94,yes,14
8227,1770690421,2026-02-09T18:27:01,6,94,yes,17
8228,1770690421,2026-02-09T18:27:01,6,94,yes,50
8229,1770690421,2026-02-09T18:27:01,6,94,yes,13
8230,1770690423,2026-02-09T18:27:03,6,94,no,10
8231,1770690423,2026-02-09T18:27:03,6,94,no,5
8232,1770690423,2026-02-09T18:27:03,6,94,no,7
8233,1770690423,2026-02-09T18:27:03,5,95,no,10
8234,1770690424,2026-02-09T18:27:04,7,93,yes,300
8235,1770690424,2026-02-09T18:27:04,7,93,yes,12
8236,1770690424,2026-02-09T18:27:04,7,93,yes,23
8237,1770690424,2026-02-09T18:27:04,6,94,no,50
8238,1770690424,2026-02-09T18:27:04,6,94,no,7
8239,1770690426,2026-02-09T18:27:06,6,94,no,43
8240,1770690426,2026-02-09T18:27:06,6,94,no,14
8241,1770690426,2026-02-09T18:27:06,6,94,no,443
8242,1770690427,2026-02-09T18:27:07,6,94,no,1
8243,1770690427,2026-02-09T18:27:07,6,94,no,23
8244,1770690429,2026-02-09T18:27:09,7,93,yes,13
8245,1770690429,2026-02-09T18:27:09,7,93,yes,27
8246,1770690429,2026-02-09T18:27:09,7,93,yes,3
8247,1770690429,2026-02-09T18:27:09,7,93,yes,335
8248,1770690430,2026-02-09T18:27:10,6,94,no,105
8249,1770690430,2026-02-09T18:27:10,6,94,no,8
8250,1770690430,2026-02-09T18:27:10,6,94,no,219
8251,1770690430,2026-02-09T18:27:10,6,94,no,13
8252,1770690431,2026-02-09T18:27:11,7,93,yes,2
8253,1770690432,2026-02-09T18:27:12,6,94,no,40
8254,1770690432,2026-02-09T18:27:12,6,94,no,8
8255,1770690432,2026-02-09T18:27:12,7,93,yes,85
8256,1770690432,2026-02-09T18:27:12,7,93,yes,13
8257,1770690432,2026-02-09T18:27:12,7,93,yes,42
8258,1770690432,2026-02-09T18:27:12,6,94,no,12
8259,1770690432,2026-02-09T18:27:12,6,94,no,910
8260,1770690432,2026-02-09T18:27:12,5,95,no,20
8261,1770690434,2026-02-09T18:27:14,6,94,no,10
8262,1770690435,2026-02-09T18:27:15,6,94,no,2
8263,1770690435,2026-02-09T18:27:15,5,95,no,309
8264,1770690437,2026-02-09T18:27:17,6,94,yes,31
8265,1770690437,2026-02-09T18:27:17,5,95,no,43
8266,1770690437,2026-02-09T18:27:17,5,95,no,90
8267,1770690438,2026-02-09T18:27:18,6,94,yes,20
8268,1770690439,2026-02-09T18:27:19,5,95,no,309
8269,1770690439,2026-02-09T18:27:19,5,95,no,100
8270,1770690439,2026-02-09T18:27:19,5,95,no,58
8271,1770690439,2026-02-09T18:27:19,5,95,no,13
8272,1770690439,2026-02-09T18:27:19,5,95,no,911
8273,1770690439,2026-02-09T18:27:19,5,95,no,300
8274,1770690441,2026-02-09T18:27:21,4,96,no,249
8275,1770690441,2026-02-09T18:27:21,6,94,yes,15
8276,1770690442,2026-02-09T18:27:22,6,94,yes,81
8277,1770690442,2026-02-09T18:27:22,6,94,yes,13
8278,1770690442,2026-02-09T18:27:22,6,94,yes,406
8279,1770690443,2026-02-09T18:27:23,6,94,yes,505
8280,1770690443,2026-02-09T18:27:23,6,94,yes,282
8281,1770690444,2026-02-09T18:27:24,6,94,yes,14
8282,1770690444,2026-02-09T18:27:24,6,94,yes,14
8283,1770690444,2026-02-09T18:27:24,6,94,yes,128
8284,1770690444,2026-02-09T18:27:24,6,94,yes,783
8285,1770690444,2026-02-09T18:27:24,6,94,yes,780
8286,1770690445,2026-02-09T18:27:25,6,94,yes,14
8287,1770690445,2026-02-09T18:27:25,6,94,yes,298
8288,1770690447,2026-02-09T18:27:27,5,95,no,13
8289,1770690447,2026-02-09T18:27:27,4,96,no,151
8290,1770690447,2026-02-09T18:27:27,4,96,no,624
8291,1770690448,2026-02-09T18:27:28,4,96,no,1005
8292,1770690448,2026-02-09T18:27:28,5,95,yes,7
8293,1770690448,2026-02-09T18:27:28,5,95,yes,6
8294,1770690448,2026-02-09T18:27:28,5,95,no,12
8295,1770690448,2026-02-09T18:27:28,4,96,no,5
8296,1770690448,2026-02-09T18:27:28,4,96,no,17
8297,1770690448,2026-02-09T18:27:28,4,96,no,81
8298,1770690448,2026-02-09T18:27:28,5,95,yes,12
8299,1770690448,2026-02-09T18:27:28,6,94,yes,19
8300,1770690448,2026-02-09T18:27:28,7,93,yes,69
8301,1770690448,2026-02-09T18:27:28,4,96,no,51
8302,1770690450,2026-02-09T18:27:30,6,94,yes,15
8303,1770690454,2026-02-09T18:27:34,6,94,yes,78
8304,1770690455,2026-02-09T18:27:35,5,95,no,13
8305,1770690455,2026-02-09T18:27:35,4,96,no,17
8306,1770690456,2026-02-09T18:27:36,6,94,yes,78
8307,1770690456,2026-02-09T18:27:36,4,96,no,5
8308,1770690457,2026-02-09T18:27:37,4,96,no,14
8309,1770690457,2026-02-09T18:27:37,6,94,yes,78
8310,1770690458,2026-02-09T18:27:38,4,96,no,32
8311,1770690458,2026-02-09T18:27:38,4,96,no,1549
8312,1770690458,2026-02-09T18:27:38,4,96,no,60
8313,1770690460,2026-02-09T18:27:40,6,94,yes,15
8314,1770690461,2026-02-09T18:27:41,5,95,yes,12
8315,1770690461,2026-02-09T18:27:41,6,94,yes,3
8316,1770690464,2026-02-09T18:27:44,6,94,yes,55
8317,1770690464,2026-02-09T18:27:44,4,96,no,13
8318,1770690464,2026-02-09T18:27:44,4,96,no,40
8319,1770690465,2026-02-09T18:27:45,4,96,no,23
8320,1770690466,2026-02-09T18:27:46,5,95,yes,13
8321,1770690468,2026-02-09T18:27:48,5,95,no,4
8322,1770690468,2026-02-09T18:27:48,6,94,yes,3
8323,1770690468,2026-02-09T18:27:48,5,95,no,13
8324,1770690469,2026-02-09T18:27:49,5,95,no,43
8325,1770690472,2026-02-09T18:27:52,6,94,yes,10
8326,1770690473,2026-02-09T18:27:53,6,94,no,25
8327,1770690474,2026-02-09T18:27:54,6,94,no,165
8328,1770690474,2026-02-09T18:27:54,6,94,no,289
8329,1770690475,2026-02-09T18:27:55,6,94,no,21
8330,1770690477,2026-02-09T18:27:57,7,93,yes,4
8331,1770690478,2026-02-09T18:27:58,7,93,yes,13
8332,1770690479,2026-02-09T18:27:59,6,94,no,23
8333,1770690479,2026-02-09T18:27:59,7,93,yes,163
8334,1770690479,2026-02-09T18:27:59,7,93,yes,151
8335,1770690479,2026-02-09T18:27:59,7,93,yes,686
8336,1770690480,2026-02-09T18:28:00,6,94,no,41
8337,1770690480,2026-02-09T18:28:00,7,93,yes,26
8338,1770690480,2026-02-09T18:28:00,6,94,no,7
8339,1770690481,2026-02-09T18:28:01,7,93,yes,208
8340,1770690482,2026-02-09T18:28:02,6,94,no,544
8341,1770690482,2026-02-09T18:28:02,6,94,no,13
8342,1770690483,2026-02-09T18:28:03,6,94,no,12
8343,1770690483,2026-02-09T18:28:03,6,94,yes,13
8344,1770690483,2026-02-09T18:28:03,6,94,yes,1
8345,1770690483,2026-02-09T18:28:03,6,94,yes,3
8346,1770690483,2026-02-09T18:28:03,6,94,yes,29
8347,1770690484,2026-02-09T18:28:04,6,94,yes,13
8348,1770690484,2026-02-09T18:28:04,6,94,yes,80
8349,1770690487,2026-02-09T18:28:07,6,94,yes,900
8350,1770690487,2026-02-09T18:28:07,5,95,no,13
8351,1770690487,2026-02-09T18:28:07,5,95,no,53
8352,1770690487,2026-02-09T18:28:07,6,94,yes,78
8353,1770690489,2026-02-09T18:28:09,6,94,yes,78
8354,1770690490,2026-02-09T18:28:10,6,94,yes,56
8355,1770690491,2026-02-09T18:28:11,5,95,no,8
8356,1770690492,2026-02-09T18:28:12,6,94,yes,156
8357,1770690492,2026-02-09T18:28:12,6,94,yes,62
8358,1770690493,2026-02-09T18:28:13,6,94,yes,50
8359,1770690494,2026-02-09T18:28:14,5,95,no,10
8360,1770690494,2026-02-09T18:28:14,6,94,yes,9
8361,1770690494,2026-02-09T18:28:14,5,95,no,22
8362,1770690494,2026-02-09T18:28:14,6,94,yes,50
8363,1770690495,2026-02-09T18:28:15,5,95,no,104
8364,1770690496,2026-02-09T18:28:16,5,95,no,14
8365,1770690496,2026-02-09T18:28:16,5,95,no,35
8366,1770690498,2026-02-09T18:28:18,5,95,no,28
8367,1770690498,2026-02-09T18:28:18,6,94,yes,30
8368,1770690499,2026-02-09T18:28:19,6,94,yes,212
8369,1770690499,2026-02-09T18:28:19,5,95,no,144
8370,1770690499,2026-02-09T18:28:19,6,94,yes,78
8371,1770690499,2026-02-09T18:28:19,5,95,no,206
8372,1770690500,2026-02-09T18:28:20,5,95,no,65
8373,1770690500,2026-02-09T18:28:20,6,94,yes,15
8374,1770690500,2026-02-09T18:28:20,5,95,no,110
8375,1770690502,2026-02-09T18:28:22,5,95,no,1000
8376,1770690503,2026-02-09T18:28:23,5,95,no,324
8377,1770690503,2026-02-09T18:28:23,5,95,no,64
8378,1770690503,2026-02-09T18:28:23,5,95,no,184
8379,1770690504,2026-02-09T18:28:24,6,94,yes,37
8380,1770690504,2026-02-09T18:28:24,5,95,no,5
8381,1770690505,2026-02-09T18:28:25,5,95,no,9
8382,1770690505,2026-02-09T18:28:25,5,95,no,16
8383,1770690507,2026-02-09T18:28:27,5,95,no,15
8384,1770690507,2026-02-09T18:28:27,5,95,no,41
8385,1770690507,2026-02-09T18:28:27,5,95,no,63
8386,1770690508,2026-02-09T18:28:28,5,95,no,15
8387,1770690508,2026-02-09T18:28:28,5,95,no,39
8388,1770690508,2026-02-09T18:28:28,5,95,no,130
8389,1770690508,2026-02-09T18:28:28,5,95,no,4
8390,1770690513,2026-02-09T18:28:33,5,95,no,14
8391,1770690513,2026-02-09T18:28:33,5,95,no,412
8392,1770690513,2026-02-09T18:28:33,5,95,no,63
8393,1770690514,2026-02-09T18:28:34,5,95,no,12
8394,1770690515,2026-02-09T18:28:35,5,95,no,7
8395,1770690516,2026-02-09T18:28:36,5,95,no,118
8396,1770690517,2026-02-09T18:28:37,5,95,no,4
8397,1770690517,2026-02-09T18:28:37,5,95,no,24
8398,1770690517,2026-02-09T18:28:37,5,95,no,47
8399,1770690518,2026-02-09T18:28:38,6,94,yes,156
8400,1770690518,2026-02-09T18:28:38,5,95,no,299
8401,1770690519,2026-02-09T18:28:39,5,95,no,25
8402,1770690519,2026-02-09T18:28:39,5,95,no,40
8403,1770690520,2026-02-09T18:28:40,5,95,no,83
8404,1770690522,2026-02-09T18:28:42,6,94,yes,78
8405,1770690522,2026-02-09T18:28:42,6,94,yes,78
8406,1770690522,2026-02-09T18:28:42,5,95,no,753
8407,1770690524,2026-02-09T18:28:44,6,94,yes,156
8408,1770690524,2026-02-09T18:28:44,6,94,yes,62
8409,1770690524,2026-02-09T18:28:44,5,95,no,13
8410,1770690524,2026-02-09T18:28:44,4,96,no,73
8411,1770690525,2026-02-09T18:28:45,5,95,no,67
8412,1770690525,2026-02-09T18:28:45,6,94,yes,781
8413,1770690527,2026-02-09T18:28:47,5,95,no,10
8414,1770690527,2026-02-09T18:28:47,5,95,no,72
8415,1770690527,2026-02-09T18:28:47,5,95,no,167
8416,1770690527,2026-02-09T18:28:47,6,94,yes,156
8417,1770690528,2026-02-09T18:28:48,5,95,no,126
8418,1770690530,2026-02-09T18:28:50,5,95,no,65
8419,1770690530,2026-02-09T18:28:50,6,94,yes,1000
8420,1770690531,2026-02-09T18:28:51,5,95,no,47
8421,1770690531,2026-02-09T18:28:51,6,94,yes,12
8422,1770690531,2026-02-09T18:28:51,6,94,yes,78
8423,1770690532,2026-02-09T18:28:52,6,94,yes,55
8424,1770690532,2026-02-09T18:28:52,6,94,yes,62
8425,1770690532,2026-02-09T18:28:52,5,95,no,129
8426,1770690532,2026-02-09T18:28:52,5,95,no,101
8427,1770690533,2026-02-09T18:28:53,6,94,yes,62
8428,1770690534,2026-02-09T18:28:54,6,94,yes,156
8429,1770690534,2026-02-09T18:28:54,5,95,no,3
8430,1770690535,2026-02-09T18:28:55,5,95,no,13
8431,1770690536,2026-02-09T18:28:56,6,94,yes,234
8432,1770690537,2026-02-09T18:28:57,6,94,yes,125
8433,1770690537,2026-02-09T18:28:57,6,94,yes,14
8434,1770690539,2026-02-09T18:28:59,6,94,yes,78
8435,1770690539,2026-02-09T18:28:59,5,95,no,13
8436,1770690539,2026-02-09T18:28:59,5,95,no,7
8437,1770690539,2026-02-09T18:28:59,5,95,no,63
8438,1770690540,2026-02-09T18:29:00,5,95,no,47
8439,1770690541,2026-02-09T18:29:01,5,95,no,95
8440,1770690542,2026-02-09T18:29:02,5,95,no,30
8441,1770690543,2026-02-09T18:29:03,5,95,no,215
8442,1770690543,2026-02-09T18:29:03,5,95,no,64
8443,1770690544,2026-02-09T18:29:04,5,95,no,37
8444,1770690545,2026-02-09T18:29:05,5,95,no,64
8445,1770690546,2026-02-09T18:29:06,5,95,no,13
8446,1770690547,2026-02-09T18:29:07,5,95,no,348
8447,1770690547,2026-02-09T18:29:07,6,94,yes,1
8448,1770690547,2026-02-09T18:29:07,5,95,no,20
8449,1770690548,2026-02-09T18:29:08,5,95,no,94
8450,1770690548,2026-02-09T18:29:08,5,95,no,45
8451,1770690549,2026-02-09T18:29:09,5,95,no,932
8452,1770690552,2026-02-09T18:29:12,5,95,no,14
8453,1770690552,2026-02-09T18:29:12,4,96,no,7
8454,1770690552,2026-02-09T18:29:12,5,95,yes,14
8455,1770690552,2026-02-09T18:29:12,5,95,yes,515
8456,1770690552,2026-02-09T18:29:12,5,95,no,89
8457,1770690552,2026-02-09T18:29:12,5,95,no,1400
8458,1770690553,2026-02-09T18:29:13,5,95,no,12
8459,1770690553,2026-02-09T18:29:13,4,96,no,132
8460,1770690554,2026-02-09T18:29:14,4,96,no,83
8461,1770690554,2026-02-09T18:29:14,4,96,no,42
8462,1770690554,2026-02-09T18:29:14,4,96,no,11
8463,1770690556,2026-02-09T18:29:16,4,96,no,328
8464,1770690560,2026-02-09T18:29:20,4,96,no,61
8465,1770690560,2026-02-09T18:29:20,4,96,no,100
8466,1770690560,2026-02-09T18:29:20,4,96,no,66
8467,1770690560,2026-02-09T18:29:20,4,96,no,121
8468,1770690561,2026-02-09T18:29:21,5,95,yes,13
8469,1770690561,2026-02-09T18:29:21,6,94,yes,145
8470,1770690562,2026-02-09T18:29:22,4,96,no,12
8471,1770690564,2026-02-09T18:29:24,5,95,yes,12
8472,1770690564,2026-02-09T18:29:24,6,94,yes,3
8473,1770690565,2026-02-09T18:29:25,5,95,yes,12
8474,1770690565,2026-02-09T18:29:25,6,94,yes,144
8475,1770690565,2026-02-09T18:29:25,4,96,no,36
8476,1770690566,2026-02-09T18:29:26,4,96,no,53
8477,1770690568,2026-02-09T18:29:28,4,96,no,358
8478,1770690568,2026-02-09T18:29:28,4,96,no,300
8479,1770690568,2026-02-09T18:29:28,4,96,no,57
8480,1770690569,2026-02-09T18:29:29,5,95,yes,6
8481,1770690570,2026-02-09T18:29:30,4,96,no,12
8482,1770690570,2026-02-09T18:29:30,4,96,no,308
8483,1770690570,2026-02-09T18:29:30,4,96,no,742
8484,1770690571,2026-02-09T18:29:31,4,96,no,10
8485,1770690571,2026-02-09T18:29:31,5,95,yes,8
8486,1770690571,2026-02-09T18:29:31,5,95,yes,12
8487,1770690571,2026-02-09T18:29:31,6,94,yes,58
8488,1770690572,2026-02-09T18:29:32,4,96,no,43
8489,1770690575,2026-02-09T18:29:35,5,95,yes,14
8490,1770690575,2026-02-09T18:29:35,6,94,yes,19
8491,1770690575,2026-02-09T18:29:35,6,94,yes,35
8492,1770690575,2026-02-09T18:29:35,4,96,no,289
8493,1770690576,2026-02-09T18:29:36,4,96,no,30
8494,1770690576,2026-02-09T18:29:36,5,95,yes,12
8495,1770690576,2026-02-09T18:29:36,6,94,yes,68
8496,1770690579,2026-02-09T18:29:39,5,95,yes,54
8497,1770690579,2026-02-09T18:29:39,5,95,yes,12
8498,1770690579,2026-02-09T18:29:39,5,95,yes,5
8499,1770690580,2026-02-09T18:29:40,4,96,no,186
8500,1770690582,2026-02-09T18:29:42,4,96,no,12
8501,1770690582,2026-02-09T18:29:42,4,96,no,11
8502,1770690584,2026-02-09T18:29:44,5,95,no,5
8503,1770690584,2026-02-09T18:29:44,5,95,no,14
8504,1770690584,2026-02-09T18:29:44,4,96,no,11
8505,1770690584,2026-02-09T18:29:44,4,96,no,21
8506,1770690584,2026-02-09T18:29:44,4,96,no,35
8507,1770690585,2026-02-09T18:29:45,4,96,no,596
8508,1770690585,2026-02-09T18:29:45,6,94,yes,14
8509,1770690585,2026-02-09T18:29:45,4,96,no,19
8510,1770690588,2026-02-09T18:29:48,6,94,yes,31
8511,1770690589,2026-02-09T18:29:49,6,94,yes,78
8512,1770690590,2026-02-09T18:29:50,4,96,no,41
8513,1770690592,2026-02-09T18:29:52,5,95,no,13
8514,1770690592,2026-02-09T18:29:52,4,96,no,51
8515,1770690593,2026-02-09T18:29:53,4,96,no,114
8516,1770690593,2026-02-09T18:29:53,4,96,no,10
8517,1770690599,2026-02-09T18:29:59,4,96,no,13
8518,1770690600,2026-02-09T18:30:00,4,96,no,3
8519,1770690601,2026-02-09T18:30:01,4,96,no,7
8520,1770690601,2026-02-09T18:30:01,5,95,yes,13
8521,1770690601,2026-02-09T18:30:01,5,95,yes,268
8522,1770690602,2026-02-09T18:30:02,5,95,yes,37
8523,1770690602,2026-02-09T18:30:02,5,95,yes,28
8524,1770690603,2026-02-09T18:30:03,5,95,yes,375
8525,1770690604,2026-02-09T18:30:04,5,95,yes,1
8526,1770690604,2026-02-09T18:30:04,4,96,no,45
8527,1770690605,2026-02-09T18:30:05,5,95,yes,2000
8528,1770690605,2026-02-09T18:30:05,4,96,no,38
8529,1770690605,2026-02-09T18:30:05,5,95,yes,2
8530,1770690606,2026-02-09T18:30:06,5,95,yes,71
8531,1770690607,2026-02-09T18:30:07,5,95,yes,100
8532,1770690608,2026-02-09T18:30:08,5,95,yes,100
8533,1770690608,2026-02-09T18:30:08,5,95,yes,15
8534,1770690609,2026-02-09T18:30:09,5,95,yes,187
8535,1770690610,2026-02-09T18:30:10,4,96,no,38
8536,1770690611,2026-02-09T18:30:11,4,96,no,20
8537,1770690611,2026-02-09T18:30:11,5,95,yes,18
8538,1770690611,2026-02-09T18:30:11,5,95,yes,142
8539,1770690612,2026-02-09T18:30:12,5,95,yes,37
8540,1770690613,2026-02-09T18:30:13,4,96,no,51
8541,1770690614,2026-02-09T18:30:14,5,95,yes,93
8542,1770690615,2026-02-09T18:30:15,5,95,yes,28
8543,1770690616,2026-02-09T18:30:16,5,95,yes,56
8544,1770690617,2026-02-09T18:30:17,4,96,no,43
8545,1770690617,2026-02-09T18:30:17,5,95,yes,3
8546,1770690618,2026-02-09T18:30:18,4,96,no,25
8547,1770690620,2026-02-09T18:30:20,4,96,no,102
8548,1770690621,2026-02-09T18:30:21,4,96,no,88
8549,1770690621,2026-02-09T18:30:21,5,95,yes,18
8550,1770690621,2026-02-09T18:30:21,4,96,no,333
8551,1770690623,2026-02-09T18:30:23,4,96,no,6
8552,1770690624,2026-02-09T18:30:24,4,96,no,68
8553,1770690625,2026-02-09T18:30:25,5,95,yes,37
8554,1770690627,2026-02-09T18:30:27,4,96,no,9
8555,1770690627,2026-02-09T18:30:27,4,96,no,83
8556,1770690627,2026-02-09T18:30:27,4,96,no,1000
8557,1770690627,2026-02-09T18:30:27,4,96,no,65
8558,1770690628,2026-02-09T18:30:28,5,95,yes,18
8559,1770690628,2026-02-09T18:30:28,4,96,no,81
8560,1770690628,2026-02-09T18:30:28,5,95,yes,18
8561,1770690629,2026-02-09T18:30:29,5,95,yes,28
8562,1770690630,2026-02-09T18:30:30,5,95,yes,18
8563,1770690630,2026-02-09T18:30:30,5,95,yes,9
8564,1770690633,2026-02-09T18:30:33,4,96,no,1
8565,1770690635,2026-02-09T18:30:35,5,95,yes,21
8566,1770690637,2026-02-09T18:30:37,5,95,yes,28
8567,1770690639,2026-02-09T18:30:39,5,95,yes,18
8568,1770690640,2026-02-09T18:30:40,4,96,no,72
8569,1770690641,2026-02-09T18:30:41,5,95,yes,75
8570,1770690644,2026-02-09T18:30:44,4,96,no,15
8571,1770690646,2026-02-09T18:30:46,4,96,no,50
8572,1770690648,2026-02-09T18:30:48,5,95,yes,18
8573,1770690648,2026-02-09T18:30:48,5,95,yes,93
8574,1770690651,2026-02-09T18:30:51,4,96,no,108
8575,1770690653,2026-02-09T18:30:53,4,96,no,260
8576,1770690656,2026-02-09T18:30:56,5,95,yes,14
8577,1770690657,2026-02-09T18:30:57,4,96,no,18
8578,1770690657,2026-02-09T18:30:57,5,95,yes,937
8579,1770690658,2026-02-09T18:30:58,4,96,no,7
8580,1770690658,2026-02-09T18:30:58,5,95,yes,18
8581,1770690659,2026-02-09T18:30:59,5,95,yes,20
8582,1770690659,2026-02-09T18:30:59,5,95,yes,93
8583,1770690660,2026-02-09T18:31:00,5,95,yes,375
8584,1770690660,2026-02-09T18:31:00,5,95,yes,187
8585,1770690660,2026-02-09T18:31:00,4,96,no,22
8586,1770690660,2026-02-09T18:31:00,5,95,yes,187
8587,1770690661,2026-02-09T18:31:01,5,95,yes,28
8588,1770690664,2026-02-09T18:31:04,5,95,yes,3
8589,1770690668,2026-02-09T18:31:08,5,95,yes,142
8590,1770690668,2026-02-09T18:31:08,5,95,yes,93
8591,1770690669,2026-02-09T18:31:09,5,95,yes,14
8592,1770690669,2026-02-09T18:31:09,4,96,no,46
8593,1770690669,2026-02-09T18:31:09,5,95,yes,37
8594,1770690670,2026-02-09T18:31:10,5,95,yes,93
8595,1770690672,2026-02-09T18:31:12,5,95,yes,37
8596,1770690672,2026-02-09T18:31:12,5,95,yes,177
8597,1770690674,2026-02-09T18:31:14,5,95,yes,93
8598,1770690674,2026-02-09T18:31:14,4,96,no,6
8599,1770690674,2026-02-09T18:31:14,5,95,yes,3
8600,1770690675,2026-02-09T18:31:15,5,95,yes,14
8601,1770690675,2026-02-09T18:31:15,5,95,yes,176
8602,1770690675,2026-02-09T18:31:15,5,95,yes,12
8603,1770690675,2026-02-09T18:31:15,5,95,yes,50
8604,1770690675,2026-02-09T18:31:15,5,95,yes,1
8605,1770690675,2026-02-09T18:31:15,5,95,yes,261
8606,1770690676,2026-02-09T18:31:16,4,96,no,10
8607,1770690677,2026-02-09T18:31:17,5,95,yes,375
8608,1770690679,2026-02-09T18:31:19,5,95,yes,37
8609,1770690680,2026-02-09T18:31:20,5,95,yes,20
8610,1770690680,2026-02-09T18:31:20,5,95,yes,93
8611,1770690680,2026-02-09T18:31:20,5,95,yes,6
8612,1770690680,2026-02-09T18:31:20,4,96,no,4
8613,1770690683,2026-02-09T18:31:23,4,96,no,25
8614,1770690686,2026-02-09T18:31:26,5,95,yes,3
8615,1770690687,2026-02-09T18:31:27,5,95,yes,93
8616,1770690688,2026-02-09T18:31:28,5,95,yes,71
8617,1770690688,2026-02-09T18:31:28,5,95,yes,93
8618,1770690689,2026-02-09T18:31:29,5,95,yes,4
8619,1770690690,2026-02-09T18:31:30,4,96,no,104
8620,1770690690,2026-02-09T18:31:30,5,95,yes,18
8621,1770690691,2026-02-09T18:31:31,5,95,yes,18
8622,1770690691,2026-02-09T18:31:31,5,95,yes,337
8623,1770690692,2026-02-09T18:31:32,4,96,no,123
8624,1770690693,2026-02-09T18:31:33,5,95,yes,5
8625,1770690693,2026-02-09T18:31:33,5,95,yes,93
8626,1770690693,2026-02-09T18:31:33,5,95,yes,5
8627,1770690695,2026-02-09T18:31:35,5,95,yes,10
8628,1770690698,2026-02-09T18:31:38,5,95,yes,375
8629,1770690699,2026-02-09T18:31:39,4,96,no,20
8630,1770690700,2026-02-09T18:31:40,4,96,no,49
8631,1770690701,2026-02-09T18:31:41,5,95,yes,93
8632,1770690701,2026-02-09T18:31:41,4,96,no,31
8633,1770690702,2026-02-09T18:31:42,4,96,no,2
8634,1770690702,2026-02-09T18:31:42,5,95,yes,131
8635,1770690703,2026-02-09T18:31:43,5,95,yes,183
8636,1770690704,2026-02-09T18:31:44,5,95,yes,4
8637,1770690705,2026-02-09T18:31:45,5,95,yes,187
8638,1770690708,2026-02-09T18:31:48,5,95,yes,71
8639,1770690716,2026-02-09T18:31:56,5,95,yes,93
8640,1770690718,2026-02-09T18:31:58,5,95,yes,93
8641,1770690719,2026-02-09T18:31:59,5,95,yes,93
8642,1770690720,2026-02-09T18:32:00,5,95,yes,71
8643,1770690720,2026-02-09T18:32:00,5,95,yes,37
8644,1770690721,2026-02-09T18:32:01,5,95,yes,93
8645,1770690727,2026-02-09T18:32:07,5,95,yes,20
8646,1770690727,2026-02-09T18:32:07,5,95,yes,12
8647,1770690727,2026-02-09T18:32:07,5,95,yes,155
8648,1770690727,2026-02-09T18:32:07,5,95,yes,140
8649,1770690727,2026-02-09T18:32:07,5,95,yes,2
8650,1770690729,2026-02-09T18:32:09,5,95,yes,47
8651,1770690730,2026-02-09T18:32:10,5,95,yes,285
8652,1770690732,2026-02-09T18:32:12,5,95,yes,20
8653,1770690734,2026-02-09T18:32:14,5,95,yes,150
8654,1770690735,2026-02-09T18:32:15,5,95,yes,4
8655,1770690735,2026-02-09T18:32:15,5,95,yes,200
8656,1770690737,2026-02-09T18:32:17,5,95,yes,285
8657,1770690740,2026-02-09T18:32:20,5,95,yes,12
8658,1770690740,2026-02-09T18:32:20,5,95,yes,59
8659,1770690742,2026-02-09T18:32:22,5,95,yes,185
8660,1770690742,2026-02-09T18:32:22,4,96,no,17
8661,1770690743,2026-02-09T18:32:23,5,95,yes,14
8662,1770690743,2026-02-09T18:32:23,5,95,yes,3
8663,1770690747,2026-02-09T18:32:27,5,95,yes,14
8664,1770690747,2026-02-09T18:32:27,6,94,yes,66
8665,1770690750,2026-02-09T18:32:30,6,94,yes,6
8666,1770690752,2026-02-09T18:32:32,4,96,no,36
8667,1770690753,2026-02-09T18:32:33,6,94,yes,15
8668,1770690759,2026-02-09T18:32:39,6,94,yes,25
8669,1770690759,2026-02-09T18:32:39,6,94,yes,31
8670,1770690760,2026-02-09T18:32:40,6,94,yes,62
8671,1770690762,2026-02-09T18:32:42,6,94,yes,187
8672,1770690769,2026-02-09T18:32:49,6,94,yes,78
8673,1770690772,2026-02-09T18:32:52,6,94,yes,78
8674,1770690781,2026-02-09T18:33:01,6,94,yes,312
8675,1770690782,2026-02-09T18:33:02,5,95,no,14
8676,1770690782,2026-02-09T18:33:02,5,95,no,21
8677,1770690783,2026-02-09T18:33:03,6,94,yes,100
8678,1770690784,2026-02-09T18:33:04,6,94,yes,9
8679,1770690784,2026-02-09T18:33:04,6,94,yes,14
8680,1770690790,2026-02-09T18:33:10,5,95,no,85
8681,1770690791,2026-02-09T18:33:11,6,94,yes,15
8682,1770690791,2026-02-09T18:33:11,6,94,yes,111
8683,1770690794,2026-02-09T18:33:14,5,95,no,96
8684,1770690796,2026-02-09T18:33:16,5,95,no,13
8685,1770690798,2026-02-09T18:33:18,6,94,yes,78
8686,1770690799,2026-02-09T18:33:19,6,94,yes,50
8687,1770690799,2026-02-09T18:33:19,6,94,yes,156
8688,1770690801,2026-02-09T18:33:21,6,94,yes,31
8689,1770690807,2026-02-09T18:33:27,5,95,no,17
8690,1770690807,2026-02-09T18:33:27,5,95,no,368
8691,1770690807,2026-02-09T18:33:27,5,95,no,12
8692,1770690808,2026-02-09T18:33:28,6,94,yes,12
8693,1770690814,2026-02-09T18:33:34,6,94,yes,187
8694,1770690817,2026-02-09T18:33:37,6,94,yes,218
8695,1770690817,2026-02-09T18:33:37,6,94,yes,4
8696,1770690817,2026-02-09T18:33:37,5,95,no,14
8697,1770690818,2026-02-09T18:33:38,6,94,yes,7
8698,1770690824,2026-02-09T18:33:44,5,95,no,13
8699,1770690824,2026-02-09T18:33:44,4,96,no,26
8700,1770690824,2026-02-09T18:33:44,4,96,no,153
8701,1770690825,2026-02-09T18:33:45,5,95,yes,12
8702,1770690826,2026-02-09T18:33:46,5,95,yes,375
8703,1770690832,2026-02-09T18:33:52,4,96,no,1
8704,1770690837,2026-02-09T18:33:57,5,95,yes,13
8705,1770690837,2026-02-09T18:33:57,5,95,yes,1
8706,1770690837,2026-02-09T18:33:57,6,94,yes,160
8707,1770690838,2026-02-09T18:33:58,6,94,yes,15
8708,1770690844,2026-02-09T18:34:04,6,94,yes,111
8709,1770690849,2026-02-09T18:34:09,6,94,yes,14
8710,1770690849,2026-02-09T18:34:09,6,94,yes,20
8711,1770690849,2026-02-09T18:34:09,6,94,yes,166
8712,1770690851,2026-02-09T18:34:11,6,94,yes,11
8713,1770690851,2026-02-09T18:34:11,6,94,yes,15
8714,1770690853,2026-02-09T18:34:13,6,94,yes,37
8715,1770690855,2026-02-09T18:34:15,6,94,yes,50
8716,1770690855,2026-02-09T18:34:15,6,94,yes,9
8717,1770690857,2026-02-09T18:34:17,5,95,no,27
8718,1770690857,2026-02-09T18:34:17,5,95,no,31
8719,1770690857,2026-02-09T18:34:17,5,95,no,13
8720,1770690857,2026-02-09T18:34:17,5,95,yes,78
8721,1770690858,2026-02-09T18:34:18,5,95,yes,90
8722,1770690859,2026-02-09T18:34:19,5,95,yes,12
8723,1770690860,2026-02-09T18:34:20,5,95,yes,18
8724,1770690860,2026-02-09T18:34:20,5,95,yes,937
8725,1770690861,2026-02-09T18:34:21,5,95,yes,13
8726,1770690862,2026-02-09T18:34:22,5,95,no,187
8727,1770690862,2026-02-09T18:34:22,5,95,no,14
8728,1770690862,2026-02-09T18:34:22,4,96,no,1642
8729,1770690864,2026-02-09T18:34:24,5,95,yes,172
8730,1770690864,2026-02-09T18:34:24,5,95,yes,62
8731,1770690864,2026-02-09T18:34:24,5,95,yes,187
8732,1770690865,2026-02-09T18:34:25,5,95,yes,46
8733,1770690865,2026-02-09T18:34:25,5,95,yes,18
8734,1770690867,2026-02-09T18:34:27,4,96,no,5
8735,1770690868,2026-02-09T18:34:28,5,95,yes,11
8736,1770690870,2026-02-09T18:34:30,5,95,yes,1
8737,1770690871,2026-02-09T18:34:31,5,95,yes,1
8738,1770690871,2026-02-09T18:34:31,6,94,yes,155
8739,1770690872,2026-02-09T18:34:32,6,94,yes,15
8740,1770690872,2026-02-09T18:34:32,6,94,yes,78
8741,1770690874,2026-02-09T18:34:34,6,94,yes,156
8742,1770690874,2026-02-09T18:34:34,6,94,yes,78
8743,1770690874,2026-02-09T18:34:34,6,94,yes,14
8744,1770690874,2026-02-09T18:34:34,6,94,yes,22
8745,1770690875,2026-02-09T18:34:35,6,94,yes,74
8746,1770690876,2026-02-09T18:34:36,4,96,no,89
8747,1770690876,2026-02-09T18:34:36,6,94,yes,78
8748,1770690877,2026-02-09T18:34:37,5,95,no,13
8749,1770690877,2026-02-09T18:34:37,4,96,no,1
8750,1770690877,2026-02-09T18:34:37,6,94,yes,31
8751,1770690877,2026-02-09T18:34:37,6,94,yes,15
8752,1770690878,2026-02-09T18:34:38,5,95,no,13
8753,1770690878,2026-02-09T18:34:38,6,94,yes,46
8754,1770690881,2026-02-09T18:34:41,6,94,yes,125
8755,1770690882,2026-02-09T18:34:42,6,94,yes,46
8756,1770690882,2026-02-09T18:34:42,5,95,no,100
8757,1770690882,2026-02-09T18:34:42,5,95,no,13
8758,1770690882,2026-02-09T18:34:42,5,95,no,2500
8759,1770690882,2026-02-09T18:34:42,4,96,no,820
8760,1770690882,2026-02-09T18:34:42,4,96,no,150
8761,1770690882,2026-02-09T18:34:42,4,96,no,1923
8762,1770690882,2026-02-09T18:34:42,6,94,yes,312
8763,1770690882,2026-02-09T18:34:42,4,96,no,20
8764,1770690884,2026-02-09T18:34:44,4,96,no,34
8765,1770690885,2026-02-09T18:34:45,5,95,yes,18
8766,1770690886,2026-02-09T18:34:46,5,95,yes,128
8767,1770690887,2026-02-09T18:34:47,5,95,yes,468
8768,1770690888,2026-02-09T18:34:48,5,95,yes,37
8769,1770690888,2026-02-09T18:34:48,4,96,no,9
8770,1770690891,2026-02-09T18:34:51,5,95,yes,14
8771,1770690891,2026-02-09T18:34:51,5,95,yes,142
8772,1770690892,2026-02-09T18:34:52,5,95,yes,18
8773,1770690893,2026-02-09T18:34:53,5,95,yes,937
8774,1770690893,2026-02-09T18:34:53,5,95,yes,93
8775,1770690895,2026-02-09T18:34:55,5,95,yes,50
8776,1770690896,2026-02-09T18:34:56,5,95,yes,93
8777,1770690896,2026-02-09T18:34:56,5,95,yes,18
8778,1770690898,2026-02-09T18:34:58,5,95,yes,1356
8779,1770690898,2026-02-09T18:34:58,5,95,yes,14
8780,1770690899,2026-02-09T18:34:59,6,94,yes,200
8781,1770690899,2026-02-09T18:34:59,6,94,yes,5
8782,1770690899,2026-02-09T18:34:59,6,94,yes,1
8783,1770690899,2026-02-09T18:34:59,6,94,yes,13
8784,1770690899,2026-02-09T18:34:59,6,94,yes,38
8785,1770690899,2026-02-09T18:34:59,7,93,yes,1115
8786,1770690900,2026-02-09T18:35:00,6,94,yes,55
8787,1770690901,2026-02-09T18:35:01,6,94,yes,111
8788,1770690901,2026-02-09T18:35:01,6,94,yes,92
8789,1770690901,2026-02-09T18:35:01,6,94,yes,33
8790,1770690903,2026-02-09T18:35:03,6,94,yes,62
8791,1770690903,2026-02-09T18:35:03,6,94,yes,20
8792,1770690905,2026-02-09T18:35:05,6,94,yes,15
8793,1770690905,2026-02-09T18:35:05,6,94,yes,55
8794,1770690906,2026-02-09T18:35:06,5,95,no,13
8795,1770690906,2026-02-09T18:35:06,4,96,no,3
8796,1770690906,2026-02-09T18:35:06,6,94,yes,62
8797,1770690907,2026-02-09T18:35:07,6,94,yes,53
8798,1770690907,2026-02-09T18:35:07,6,94,yes,13
8799,1770690910,2026-02-09T18:35:10,6,94,yes,40
8800,1770690910,2026-02-09T18:35:10,6,94,yes,13
8801,1770690911,2026-02-09T18:35:11,5,95,no,2
8802,1770690913,2026-02-09T18:35:13,6,94,yes,390
8803,1770690913,2026-02-09T18:35:13,6,94,yes,1
8804,1770690915,2026-02-09T18:35:15,5,95,no,4
8805,1770690915,2026-02-09T18:35:15,6,94,yes,36
8806,1770690915,2026-02-09T18:35:15,6,94,yes,26
8807,1770690915,2026-02-09T18:35:15,6,94,yes,15
8808,1770690916,2026-02-09T18:35:16,6,94,yes,31
8809,1770690917,2026-02-09T18:35:17,6,94,yes,78
8810,1770690917,2026-02-09T18:35:17,6,94,yes,78
8811,1770690917,2026-02-09T18:35:17,6,94,yes,7
8812,1770690919,2026-02-09T18:35:19,6,94,yes,10
8813,1770690921,2026-02-09T18:35:21,6,94,yes,2
8814,1770690921,2026-02-09T18:35:21,6,94,yes,15
8815,1770690922,2026-02-09T18:35:22,6,94,yes,38
8816,1770690922,2026-02-09T18:35:22,6,94,yes,36
8817,1770690922,2026-02-09T18:35:22,6,94,yes,2964
8818,1770690924,2026-02-09T18:35:24,6,94,yes,278
8819,1770690924,2026-02-09T18:35:24,6,94,yes,31
8820,1770690925,2026-02-09T18:35:25,6,94,yes,26
8821,1770690925,2026-02-09T18:35:25,6,94,yes,15
8822,1770690926,2026-02-09T18:35:26,6,94,yes,78
8823,1770690927,2026-02-09T18:35:27,6,94,yes,46
8824,1770690927,2026-02-09T18:35:27,6,94,yes,46
8825,1770690928,2026-02-09T18:35:28,6,94,yes,208
8826,1770690928,2026-02-09T18:35:28,6,94,yes,14
8827,1770690928,2026-02-09T18:35:28,6,94,yes,669
8828,1770690932,2026-02-09T18:35:32,7,93,yes,15
8829,1770690932,2026-02-09T18:35:32,7,93,yes,295
8830,1770690933,2026-02-09T18:35:33,7,93,yes,335
8831,1770690934,2026-02-09T18:35:34,7,93,yes,174
8832,1770690935,2026-02-09T18:35:35,7,93,yes,2
8833,1770690938,2026-02-09T18:35:38,7,93,yes,804
8834,1770690938,2026-02-09T18:35:38,6,94,no,1
8835,1770690939,2026-02-09T18:35:39,6,94,no,1
8836,1770690939,2026-02-09T18:35:39,7,93,yes,26
8837,1770690939,2026-02-09T18:35:39,7,93,yes,26
8838,1770690940,2026-02-09T18:35:40,6,94,no,1
8839,1770690940,2026-02-09T18:35:40,6,94,no,1
8840,1770690940,2026-02-09T18:35:40,6,94,no,9
8841,1770690940,2026-02-09T18:35:40,5,95,no,6
8842,1770690940,2026-02-09T18:35:40,7,93,yes,67
8843,1770690940,2026-02-09T18:35:40,7,93,yes,670
8844,1770690941,2026-02-09T18:35:41,7,93,yes,13
8845,1770690941,2026-02-09T18:35:41,5,95,no,1
8846,1770690941,2026-02-09T18:35:41,6,94,yes,1
8847,1770690941,2026-02-09T18:35:41,6,94,yes,24
8848,1770690941,2026-02-09T18:35:41,6,94,yes,276
8849,1770690941,2026-02-09T18:35:41,6,94,yes,12
8850,1770690941,2026-02-09T18:35:41,6,94,yes,382
8851,1770690942,2026-02-09T18:35:42,6,94,yes,12
8852,1770690942,2026-02-09T18:35:42,7,93,yes,55
8853,1770690943,2026-02-09T18:35:43,7,93,yes,67
8854,1770690945,2026-02-09T18:35:45,7,93,yes,70
8855,1770690946,2026-02-09T18:35:46,7,93,yes,11
8856,1770690947,2026-02-09T18:35:47,5,95,no,12
8857,1770690947,2026-02-09T18:35:47,5,95,no,8
8858,1770690947,2026-02-09T18:35:47,5,95,no,23
8859,1770690948,2026-02-09T18:35:48,7,93,yes,13
8860,1770690948,2026-02-09T18:35:48,7,93,yes,100
8861,1770690950,2026-02-09T18:35:50,7,93,yes,13
8862,1770690952,2026-02-09T18:35:52,5,95,no,1
8863,1770690954,2026-02-09T18:35:54,7,93,yes,107
8864,1770690955,2026-02-09T18:35:55,7,93,yes,134
8865,1770690956,2026-02-09T18:35:56,7,93,yes,67
8866,1770690957,2026-02-09T18:35:57,5,95,no,2
8867,1770690959,2026-02-09T18:35:59,7,93,yes,30
8868,1770690960,2026-02-09T18:36:00,5,95,no,11
8869,1770690960,2026-02-09T18:36:00,5,95,no,15
8870,1770690961,2026-02-09T18:36:01,5,95,no,5
8871,1770690961,2026-02-09T18:36:01,4,96,no,10
8872,1770690961,2026-02-09T18:36:01,5,95,no,12
8873,1770690961,2026-02-09T18:36:01,4,96,no,3
8874,1770690961,2026-02-09T18:36:01,4,96,no,20
8875,1770690962,2026-02-09T18:36:02,6,94,yes,12
8876,1770690962,2026-02-09T18:36:02,6,94,yes,123
8877,1770690962,2026-02-09T18:36:02,6,94,yes,177
8878,1770690962,2026-02-09T18:36:02,6,94,yes,62
8879,1770690962,2026-02-09T18:36:02,6,94,yes,761
8880,1770690964,2026-02-09T18:36:04,6,94,yes,12
8881,1770690964,2026-02-09T18:36:04,7,93,yes,3
8882,1770690966,2026-02-09T18:36:06,5,95,no,12
8883,1770690966,2026-02-09T18:36:06,4,96,no,13
8884,1770690966,2026-02-09T18:36:06,4,96,no,158
8885,1770690970,2026-02-09T18:36:10,6,94,yes,78
8886,1770690971,2026-02-09T18:36:11,4,96,no,43
8887,1770690971,2026-02-09T18:36:11,6,94,yes,15
8888,1770690972,2026-02-09T18:36:12,6,94,yes,10
8889,1770690974,2026-02-09T18:36:14,6,94,yes,275
8890,1770690974,2026-02-09T18:36:14,6,94,yes,14
8891,1770690974,2026-02-09T18:36:14,6,94,yes,3000
8892,1770690975,2026-02-09T18:36:15,7,93,yes,533
8893,1770690977,2026-02-09T18:36:17,7,93,yes,13
8894,1770690977,2026-02-09T18:36:17,7,93,yes,242
8895,1770690977,2026-02-09T18:36:17,7,93,yes,11
8896,1770690977,2026-02-09T18:36:17,7,93,yes,328
8897,1770690977,2026-02-09T18:36:17,7,93,yes,61
8898,1770690977,2026-02-09T18:36:17,7,93,yes,10
8899,1770690977,2026-02-09T18:36:17,7,93,yes,18
8900,1770690981,2026-02-09T18:36:21,7,93,yes,40
8901,1770690981,2026-02-09T18:36:21,7,93,yes,92
8902,1770690981,2026-02-09T18:36:21,7,93,yes,5
8903,1770690981,2026-02-09T18:36:21,7,93,yes,3
8904,1770690981,2026-02-09T18:36:21,7,93,yes,134
8905,1770690982,2026-02-09T18:36:22,6,94,no,100
8906,1770690982,2026-02-09T18:36:22,6,94,no,14
8907,1770690982,2026-02-09T18:36:22,6,94,no,20
8908,1770690982,2026-02-09T18:36:22,5,95,no,50
8909,1770690982,2026-02-09T18:36:22,5,95,no,224
8910,1770690983,2026-02-09T18:36:23,5,95,no,144
8911,1770690983,2026-02-09T18:36:23,7,93,yes,13
8912,1770690983,2026-02-09T18:36:23,7,93,yes,13
8913,1770690984,2026-02-09T18:36:24,7,93,yes,102
8914,1770690985,2026-02-09T18:36:25,7,93,yes,35
8915,1770690985,2026-02-09T18:36:25,7,93,yes,12
8916,1770690987,2026-02-09T18:36:27,7,93,no,37
8917,1770690987,2026-02-09T18:36:27,7,93,no,16
8918,1770690987,2026-02-09T18:36:27,7,93,no,4
8919,1770690987,2026-02-09T18:36:27,8,92,yes,100
8920,1770690988,2026-02-09T18:36:28,7,93,no,3
8921,1770690988,2026-02-09T18:36:28,8,92,yes,86
8922,1770690988,2026-02-09T18:36:28,8,92,yes,14
8923,1770690988,2026-02-09T18:36:28,8,92,yes,5
8924,1770690988,2026-02-09T18:36:28,8,92,yes,58
8925,1770690988,2026-02-09T18:36:28,8,92,yes,5
8926,1770690989,2026-02-09T18:36:29,8,92,yes,23
8927,1770690990,2026-02-09T18:36:30,8,92,yes,46
8928,1770690990,2026-02-09T18:36:30,8,92,yes,37
8929,1770690991,2026-02-09T18:36:31,8,92,yes,23
8930,1770690991,2026-02-09T18:36:31,8,92,yes,200
8931,1770690994,2026-02-09T18:36:34,8,92,yes,37
8932,1770690995,2026-02-09T18:36:35,8,92,yes,1
8933,1770690995,2026-02-09T18:36:35,8,92,yes,23
8934,1770690996,2026-02-09T18:36:36,8,92,yes,1
8935,1770690996,2026-02-09T18:36:36,8,92,yes,1
8936,1770690996,2026-02-09T18:36:36,8,92,yes,352
8937,1770690997,2026-02-09T18:36:37,8,92,yes,58
8938,1770690998,2026-02-09T18:36:38,8,92,yes,140
8939,1770690999,2026-02-09T18:36:39,7,93,no,6
8940,1770690999,2026-02-09T18:36:39,7,93,yes,14
8941,1770690999,2026-02-09T18:36:39,7,93,yes,18
8942,1770690999,2026-02-09T18:36:39,7,93,yes,32
8943,1770691000,2026-02-09T18:36:40,7,93,yes,200
8944,1770691000,2026-02-09T18:36:40,7,93,yes,50
8945,1770691000,2026-02-09T18:36:40,7,93,yes,4
8946,1770691002,2026-02-09T18:36:42,7,93,yes,9
8947,1770691002,2026-02-09T18:36:42,8,92,yes,167
8948,1770691002,2026-02-09T18:36:42,8,92,yes,90
8949,1770691003,2026-02-09T18:36:43,8,92,yes,10
8950,1770691004,2026-02-09T18:36:44,8,92,yes,293
8951,1770691004,2026-02-09T18:36:44,8,92,yes,174
8952,1770691004,2026-02-09T18:36:44,8,92,yes,107
8953,1770691006,2026-02-09T18:36:46,8,92,yes,11
8954,1770691006,2026-02-09T18:36:46,8,92,yes,16
8955,1770691006,2026-02-09T18:36:46,7,93,no,14
8956,1770691007,2026-02-09T18:36:47,8,92,yes,23
8957,1770691007,2026-02-09T18:36:47,8,92,yes,13
8958,1770691009,2026-02-09T18:36:49,7,93,no,14
8959,1770691010,2026-02-09T18:36:50,7,93,yes,54
8960,1770691010,2026-02-09T18:36:50,7,93,yes,13
8961,1770691010,2026-02-09T18:36:50,7,93,yes,33
8962,1770691010,2026-02-09T18:36:50,6,94,no,46
8963,1770691010,2026-02-09T18:36:50,7,93,yes,267
8964,1770691010,2026-02-09T18:36:50,8,92,yes,32
8965,1770691010,2026-02-09T18:36:50,6,94,no,50
8966,1770691011,2026-02-09T18:36:51,7,93,yes,1
8967,1770691011,2026-02-09T18:36:51,7,93,yes,11
8968,1770691011,2026-02-09T18:36:51,8,92,yes,200
8969,1770691012,2026-02-09T18:36:52,8,92,yes,11
8970,1770691014,2026-02-09T18:36:54,7,93,no,5
8971,1770691016,2026-02-09T18:36:56,8,92,yes,77
8972,1770691017,2026-02-09T18:36:57,8,92,yes,3
8973,1770691019,2026-02-09T18:36:59,8,92,yes,11
8974,1770691020,2026-02-09T18:37:00,8,92,yes,18
8975,1770691021,2026-02-09T18:37:01,8,92,yes,200
8976,1770691021,2026-02-09T18:37:01,8,92,yes,11
8977,1770691022,2026-02-09T18:37:02,8,92,yes,50
8978,1770691023,2026-02-09T18:37:03,8,92,yes,11
8979,1770691023,2026-02-09T18:37:03,8,92,yes,100
8980,1770691023,2026-02-09T18:37:03,8,92,yes,23
8981,1770691025,2026-02-09T18:37:05,8,92,yes,23
8982,1770691025,2026-02-09T18:37:05,8,92,yes,70
8983,1770691026,2026-02-09T18:37:06,8,92,yes,100
8984,1770691026,2026-02-09T18:37:06,8,92,yes,45
8985,1770691026,2026-02-09T18:37:06,7,93,no,36
8986,1770691026,2026-02-09T18:37:06,8,92,yes,20
8987,1770691026,2026-02-09T18:37:06,8,92,yes,170
8988,1770691026,2026-02-09T18:37:06,8,92,yes,6155
8989,1770691026,2026-02-09T18:37:06,8,92,yes,1
8990,1770691026,2026-02-09T18:37:06,8,92,yes,13
8991,1770691026,2026-02-09T18:37:06,8,92,yes,300
8992,1770691026,2026-02-09T18:37:06,8,92,yes,2236
8993,1770691026,2026-02-09T18:37:06,9,91,yes,150
8994,1770691026,2026-02-09T18:37:06,9,91,yes,150
8995,1770691026,2026-02-09T18:37:06,9,91,yes,1
8996,1770691026,2026-02-09T18:37:06,9,91,yes,17885
8997,1770691027,2026-02-09T18:37:07,8,92,yes,5
8998,1770691030,2026-02-09T18:37:10,7,93,no,12
8999,1770691030,2026-02-09T18:37:10,7,93,no,20
9000,1770691030,2026-02-09T18:37:10,6,94,no,305
9001,1770691031,2026-02-09T18:37:11,9,91,yes,20
9002,1770691031,2026-02-09T18:37:11,9,91,yes,52
9003,1770691031,2026-02-09T18:37:11,9,91,yes,999
9004,1770691031,2026-02-09T18:37:11,9,91,yes,300
9005,1770691036,2026-02-09T18:37:16,8,92,yes,29
9006,1770691036,2026-02-09T18:37:16,8,92,yes,85
9007,1770691038,2026-02-09T18:37:18,8,92,yes,3
9008,1770691039,2026-02-09T18:37:19,8,92,yes,10
9009,1770691039,2026-02-09T18:37:19,8,92,yes,41
9010,1770691039,2026-02-09T18:37:19,7,93,no,12
9011,1770691039,2026-02-09T18:37:19,7,93,no,4988
9012,1770691042,2026-02-09T18:37:22,8,92,yes,152
9013,1770691043,2026-02-09T18:37:23,8,92,yes,9
9014,1770691043,2026-02-09T18:37:23,8,92,yes,13
9015,1770691043,2026-02-09T18:37:23,8,92,yes,37
9016,1770691045,2026-02-09T18:37:25,8,92,yes,35
9017,1770691047,2026-02-09T18:37:27,8,92,yes,10
9018,1770691047,2026-02-09T18:37:27,8,92,yes,4
9019,1770691047,2026-02-09T18:37:27,9,91,yes,4
9020,1770691048,2026-02-09T18:37:28,7,93,no,15
9021,1770691049,2026-02-09T18:37:29,9,91,yes,14
9022,1770691050,2026-02-09T18:37:30,8,92,yes,1
9023,1770691050,2026-02-09T18:37:30,7,93,no,13
9024,1770691051,2026-02-09T18:37:31,8,92,yes,1
9025,1770691051,2026-02-09T18:37:31,8,92,yes,469
9026,1770691052,2026-02-09T18:37:32,7,93,no,19
9027,1770691053,2026-02-09T18:37:33,8,92,yes,58
9028,1770691053,2026-02-09T18:37:33,8,92,yes,11
9029,1770691053,2026-02-09T18:37:33,8,92,yes,117
9030,1770691054,2026-02-09T18:37:34,8,92,yes,70
9031,1770691055,2026-02-09T18:37:35,8,92,yes,14
9032,1770691056,2026-02-09T18:37:36,8,92,yes,58
9033,1770691057,2026-02-09T18:37:37,8,92,yes,23
9034,1770691057,2026-02-09T18:37:37,8,92,yes,800
9035,1770691058,2026-02-09T18:37:38,8,92,yes,176
9036,1770691059,2026-02-09T18:37:39,7,93,no,46
9037,1770691059,2026-02-09T18:37:39,8,92,yes,293
9038,1770691060,2026-02-09T18:37:40,8,92,yes,117
9039,1770691062,2026-02-09T18:37:42,8,92,yes,23
9040,1770691062,2026-02-09T18:37:42,8,92,yes,82
9041,1770691063,2026-02-09T18:37:43,7,93,no,13
9042,1770691063,2026-02-09T18:37:43,6,94,no,115
9043,1770691064,2026-02-09T18:37:44,8,92,yes,117
9044,1770691065,2026-02-09T18:37:45,6,94,no,25
9045,1770691066,2026-02-09T18:37:46,8,92,yes,58
9046,1770691068,2026-02-09T18:37:48,8,92,yes,11
9047,1770691068,2026-02-09T18:37:48,6,94,no,95
9048,1770691068,2026-02-09T18:37:48,8,92,yes,117
9049,1770691069,2026-02-09T18:37:49,6,94,no,4
9050,1770691069,2026-02-09T18:37:49,7,93,no,14
9051,1770691069,2026-02-09T18:37:49,6,94,no,1
9052,1770691070,2026-02-09T18:37:50,6,94,no,31
9053,1770691072,2026-02-09T18:37:52,8,92,yes,117
9054,1770691073,2026-02-09T18:37:53,8,92,yes,100
9055,1770691073,2026-02-09T18:37:53,8,92,yes,23
9056,1770691074,2026-02-09T18:37:54,8,92,yes,187
9057,1770691074,2026-02-09T18:37:54,8,92,yes,58
9058,1770691075,2026-02-09T18:37:55,8,92,yes,13
9059,1770691078,2026-02-09T18:37:58,8,92,yes,23
9060,1770691079,2026-02-09T18:37:59,8,92,yes,360
9061,1770691079,2026-02-09T18:37:59,8,92,yes,181
9062,1770691081,2026-02-09T18:38:01,8,92,yes,117
9063,1770691083,2026-02-09T18:38:03,8,92,yes,11
9064,1770691083,2026-02-09T18:38:03,8,92,yes,117
9065,1770691084,2026-02-09T18:38:04,8,92,yes,35
9066,1770691085,2026-02-09T18:38:05,8,92,yes,58
9067,1770691086,2026-02-09T18:38:06,8,92,yes,11
9068,1770691086,2026-02-09T18:38:06,8,92,yes,93
9069,1770691087,2026-02-09T18:38:07,7,93,no,13
9070,1770691087,2026-02-09T18:38:07,6,94,no,65
9071,1770691087,2026-02-09T18:38:07,8,92,yes,15
9072,1770691088,2026-02-09T18:38:08,8,92,yes,11
9073,1770691088,2026-02-09T18:38:08,8,92,yes,11
9074,1770691089,2026-02-09T18:38:09,6,94,no,23
9075,1770691091,2026-02-09T18:38:11,8,92,yes,136
9076,1770691091,2026-02-09T18:38:11,8,92,yes,181
9077,1770691093,2026-02-09T18:38:13,8,92,yes,426
9078,1770691093,2026-02-09T18:38:13,8,92,yes,748
9079,1770691093,2026-02-09T18:38:13,8,92,yes,105
9080,1770691094,2026-02-09T18:38:14,7,93,yes,1
9081,1770691094,2026-02-09T18:38:14,6,94,no,407
9082,1770691094,2026-02-09T18:38:14,7,93,yes,59
9083,1770691094,2026-02-09T18:38:14,7,93,yes,13
9084,1770691094,2026-02-09T18:38:14,7,93,yes,45
9085,1770691095,2026-02-09T18:38:15,7,93,yes,11
9086,1770691097,2026-02-09T18:38:17,6,94,no,19
9087,1770691098,2026-02-09T18:38:18,7,93,yes,111
9088,1770691099,2026-02-09T18:38:19,7,93,yes,33
9089,1770691100,2026-02-09T18:38:20,7,93,yes,15
9090,1770691100,2026-02-09T18:38:20,7,93,yes,26
9091,1770691100,2026-02-09T18:38:20,7,93,yes,40
9092,1770691100,2026-02-09T18:38:20,7,93,yes,13
9093,1770691101,2026-02-09T18:38:21,7,93,yes,6
9094,1770691101,2026-02-09T18:38:21,7,93,yes,105
9095,1770691102,2026-02-09T18:38:22,7,93,yes,67
9096,1770691103,2026-02-09T18:38:23,6,94,no,263
9097,1770691104,2026-02-09T18:38:24,7,93,yes,1111
9098,1770691105,2026-02-09T18:38:25,7,93,yes,26
9099,1770691106,2026-02-09T18:38:26,7,93,yes,17
9100,1770691107,2026-02-09T18:38:27,7,93,yes,26
9101,1770691110,2026-02-09T18:38:30,7,93,yes,56
9102,1770691110,2026-02-09T18:38:30,7,93,yes,111
9103,1770691111,2026-02-09T18:38:31,7,93,yes,67
9104,1770691114,2026-02-09T18:38:34,7,93,yes,13
9105,1770691115,2026-02-09T18:38:35,7,93,yes,50
9106,1770691115,2026-02-09T18:38:35,6,94,no,5
9107,1770691116,2026-02-09T18:38:36,7,93,yes,22
9108,1770691116,2026-02-09T18:38:36,6,94,no,68
9109,1770691117,2026-02-09T18:38:37,6,94,no,76
9110,1770691117,2026-02-09T18:38:37,6,94,no,100
9111,1770691120,2026-02-09T18:38:40,6,94,no,500
9112,1770691120,2026-02-09T18:38:40,7,93,yes,26
9113,1770691121,2026-02-09T18:38:41,7,93,yes,1
9114,1770691121,2026-02-09T18:38:41,6,94,no,11
9115,1770691121,2026-02-09T18:38:41,7,93,yes,134
9116,1770691122,2026-02-09T18:38:42,7,93,yes,67
9117,1770691123,2026-02-09T18:38:43,7,93,yes,6
9118,1770691123,2026-02-09T18:38:43,7,93,yes,11
9119,1770691124,2026-02-09T18:38:44,7,93,yes,67
9120,1770691129,2026-02-09T18:38:49,7,93,yes,67
9121,1770691131,2026-02-09T18:38:51,7,93,yes,540
9122,1770691131,2026-02-09T18:38:51,7,93,yes,670
9123,1770691131,2026-02-09T18:38:51,7,93,yes,670
9124,1770691131,2026-02-09T18:38:51,7,93,yes,3
9125,1770691132,2026-02-09T18:38:52,7,93,yes,13
9126,1770691134,2026-02-09T18:38:54,7,93,yes,2
9127,1770691135,2026-02-09T18:38:55,7,93,yes,20
9128,1770691137,2026-02-09T18:38:57,7,93,yes,13
9129,1770691138,2026-02-09T18:38:58,6,94,no,10
9130,1770691139,2026-02-09T18:38:59,7,93,yes,134
9131,1770691139,2026-02-09T18:38:59,7,93,yes,120
9132,1770691139,2026-02-09T18:38:59,7,93,yes,7
9133,1770691141,2026-02-09T18:39:01,7,93,yes,67
9134,1770691143,2026-02-09T18:39:03,6,94,no,232
9135,1770691143,2026-02-09T18:39:03,7,93,yes,60
9136,1770691145,2026-02-09T18:39:05,7,93,yes,67
9137,1770691145,2026-02-09T18:39:05,7,93,yes,268
9138,1770691146,2026-02-09T18:39:06,7,93,yes,107
9139,1770691147,2026-02-09T18:39:07,7,93,yes,65
9140,1770691147,2026-02-09T18:39:07,7,93,yes,100
9141,1770691149,2026-02-09T18:39:09,7,93,yes,10
9142,1770691150,2026-02-09T18:39:10,7,93,yes,67
9143,1770691151,2026-02-09T18:39:11,7,93,yes,134
9144,1770691154,2026-02-09T18:39:14,7,93,yes,67
9145,1770691154,2026-02-09T18:39:14,7,93,yes,53
9146,1770691154,2026-02-09T18:39:14,7,93,yes,5
9147,1770691154,2026-02-09T18:39:14,7,93,yes,50
9148,1770691156,2026-02-09T18:39:16,7,93,yes,111
9149,1770691158,2026-02-09T18:39:18,7,93,yes,134
9150,1770691160,2026-02-09T18:39:20,7,93,yes,67
9151,1770691160,2026-02-09T18:39:20,7,93,yes,13
9152,1770691160,2026-02-09T18:39:20,7,93,yes,1813
9153,1770691160,2026-02-09T18:39:20,7,93,yes,12
9154,1770691160,2026-02-09T18:39:20,7,93,yes,175
9155,1770691161,2026-02-09T18:39:21,7,93,yes,22
9156,1770691161,2026-02-09T18:39:21,7,93,yes,40
9157,1770691161,2026-02-09T18:39:21,7,93,yes,30
9158,1770691162,2026-02-09T18:39:22,7,93,yes,1058
9159,1770691165,2026-02-09T18:39:25,7,93,yes,13
9160,1770691167,2026-02-09T18:39:27,7,93,yes,40
9161,1770691167,2026-02-09T18:39:27,7,93,yes,107
9162,1770691168,2026-02-09T18:39:28,7,93,yes,100
9163,1770691171,2026-02-09T18:39:31,7,93,yes,13
9164,1770691171,2026-02-09T18:39:31,7,93,yes,50
9165,1770691173,2026-02-09T18:39:33,6,94,no,15
9166,1770691176,2026-02-09T18:39:36,7,93,yes,55
9167,1770691178,2026-02-09T18:39:38,7,93,yes,496
9168,1770691178,2026-02-09T18:39:38,7,93,yes,111
9169,1770691179,2026-02-09T18:39:39,7,93,yes,26
9170,1770691179,2026-02-09T18:39:39,6,94,no,20
9171,1770691179,2026-02-09T18:39:39,7,93,yes,67
9172,1770691181,2026-02-09T18:39:41,7,93,yes,50
9173,1770691181,2026-02-09T18:39:41,6,94,no,14
9174,1770691181,2026-02-09T18:39:41,6,94,no,156
9175,1770691181,2026-02-09T18:39:41,6,94,no,30
9176,1770691181,2026-02-09T18:39:41,7,93,yes,26
9177,1770691183,2026-02-09T18:39:43,7,93,yes,2
9178,1770691186,2026-02-09T18:39:46,7,93,yes,67
9179,1770691186,2026-02-09T18:39:46,6,94,no,50
9180,1770691186,2026-02-09T18:39:46,7,93,yes,13
9181,1770691187,2026-02-09T18:39:47,7,93,yes,67
9182,1770691189,2026-02-09T18:39:49,6,94,no,1
9183,1770691189,2026-02-09T18:39:49,6,94,no,20
9184,1770691189,2026-02-09T18:39:49,6,94,no,13
9185,1770691189,2026-02-09T18:39:49,5,95,no,17
9186,1770691189,2026-02-09T18:39:49,7,93,yes,4
9187,1770691191,2026-02-09T18:39:51,7,93,yes,13
9188,1770691191,2026-02-09T18:39:51,7,93,yes,1341
9189,1770691193,2026-02-09T18:39:53,7,93,yes,40
9190,1770691194,2026-02-09T18:39:54,6,94,no,2
9191,1770691195,2026-02-09T18:39:55,7,93,yes,13
9192,1770691196,2026-02-09T18:39:56,7,93,yes,6
9193,1770691197,2026-02-09T18:39:57,7,93,yes,13
9194,1770691197,2026-02-09T18:39:57,6,94,no,27
9195,1770691198,2026-02-09T18:39:58,7,93,yes,13
9196,1770691198,2026-02-09T18:39:58,7,93,yes,55
9197,1770691201,2026-02-09T18:40:01,7,93,yes,7
9198,1770691202,2026-02-09T18:40:02,7,93,yes,14
9199,1770691202,2026-02-09T18:40:02,7,93,yes,36
9200,1770691204,2026-02-09T18:40:04,6,94,no,12
9201,1770691204,2026-02-09T18:40:04,6,94,no,1
9202,1770691204,2026-02-09T18:40:04,5,95,no,49
9203,1770691205,2026-02-09T18:40:05,7,93,yes,13
9204,1770691205,2026-02-09T18:40:05,8,92,yes,181
9205,1770691205,2026-02-09T18:40:05,8,92,yes,21
9206,1770691205,2026-02-09T18:40:05,8,92,yes,3
9207,1770691207,2026-02-09T18:40:07,8,92,yes,14
9208,1770691207,2026-02-09T18:40:07,8,92,yes,1453
9209,1770691208,2026-02-09T18:40:08,6,94,no,14
9210,1770691208,2026-02-09T18:40:08,5,95,no,105
9211,1770691208,2026-02-09T18:40:08,8,92,yes,49
9212,1770691208,2026-02-09T18:40:08,8,92,yes,9
9213,1770691209,2026-02-09T18:40:09,6,94,no,2
9214,1770691210,2026-02-09T18:40:10,8,92,yes,200
9215,1770691211,2026-02-09T18:40:11,8,92,yes,58
9216,1770691211,2026-02-09T18:40:11,6,94,no,11
9217,1770691211,2026-02-09T18:40:11,6,94,no,3
9218,1770691212,2026-02-09T18:40:12,8,92,yes,11
9219,1770691213,2026-02-09T18:40:13,6,94,no,7
9220,1770691213,2026-02-09T18:40:13,6,94,no,7
9221,1770691215,2026-02-09T18:40:15,8,92,yes,22
9222,1770691215,2026-02-09T18:40:15,8,92,yes,36
9223,1770691216,2026-02-09T18:40:16,6,94,no,7
9224,1770691216,2026-02-09T18:40:16,5,95,no,29
9225,1770691216,2026-02-09T18:40:16,5,95,no,20
9226,1770691216,2026-02-09T18:40:16,5,95,no,1
9227,1770691216,2026-02-09T18:40:16,5,95,no,168
9228,1770691218,2026-02-09T18:40:18,7,93,yes,13
9229,1770691218,2026-02-09T18:40:18,7,93,yes,100
9230,1770691219,2026-02-09T18:40:19,7,93,yes,67
9231,1770691220,2026-02-09T18:40:20,7,93,yes,13
9232,1770691220,2026-02-09T18:40:20,7,93,yes,120
9233,1770691220,2026-02-09T18:40:20,7,93,yes,13
9234,1770691221,2026-02-09T18:40:21,7,93,yes,134
9235,1770691222,2026-02-09T18:40:22,7,93,yes,13
9236,1770691223,2026-02-09T18:40:23,7,93,yes,10
9237,1770691223,2026-02-09T18:40:23,6,94,no,13
9238,1770691223,2026-02-09T18:40:23,6,94,no,73
9239,1770691224,2026-02-09T18:40:24,7,93,yes,6
9240,1770691226,2026-02-09T18:40:26,7,93,yes,151
9241,1770691226,2026-02-09T18:40:26,7,93,yes,12
9242,1770691226,2026-02-09T18:40:26,7,93,yes,187
9243,1770691227,2026-02-09T18:40:27,7,93,yes,26
9244,1770691228,2026-02-09T18:40:28,6,94,no,4
9245,1770691229,2026-02-09T18:40:29,7,93,yes,13
9246,1770691232,2026-02-09T18:40:32,7,93,yes,74
9247,1770691232,2026-02-09T18:40:32,7,93,yes,14
9248,1770691232,2026-02-09T18:40:32,7,93,yes,1
9249,1770691232,2026-02-09T18:40:32,8,92,yes,39
9250,1770691233,2026-02-09T18:40:33,7,93,yes,11
9251,1770691236,2026-02-09T18:40:36,7,93,yes,1
9252,1770691236,2026-02-09T18:40:36,7,93,yes,5
9253,1770691236,2026-02-09T18:40:36,6,94,no,9
9254,1770691236,2026-02-09T18:40:36,6,94,yes,53
9255,1770691236,2026-02-09T18:40:36,6,94,yes,1
9256,1770691236,2026-02-09T18:40:36,6,94,yes,10
9257,1770691236,2026-02-09T18:40:36,6,94,yes,3
9258,1770691238,2026-02-09T18:40:38,6,94,no,14
9259,1770691238,2026-02-09T18:40:38,6,94,no,14
9260,1770691238,2026-02-09T18:40:38,5,95,no,480
9261,1770691238,2026-02-09T18:40:38,5,95,no,536
9262,1770691238,2026-02-09T18:40:38,7,93,yes,35
9263,1770691238,2026-02-09T18:40:38,7,93,yes,12
9264,1770691238,2026-02-09T18:40:38,4,96,no,15
9265,1770691238,2026-02-09T18:40:38,5,95,no,3
9266,1770691238,2026-02-09T18:40:38,7,93,yes,13
9267,1770691240,2026-02-09T18:40:40,7,93,yes,7
9268,1770691240,2026-02-09T18:40:40,6,94,no,12
9269,1770691240,2026-02-09T18:40:40,5,95,no,39
9270,1770691244,2026-02-09T18:40:44,7,93,yes,293
9271,1770691244,2026-02-09T18:40:44,7,93,yes,13
9272,1770691244,2026-02-09T18:40:44,7,93,yes,1694
9273,1770691247,2026-02-09T18:40:47,8,92,yes,11
9274,1770691250,2026-02-09T18:40:50,7,93,yes,15
9275,1770691250,2026-02-09T18:40:50,7,93,yes,102
9276,1770691251,2026-02-09T18:40:51,7,93,yes,67
9277,1770691253,2026-02-09T18:40:53,7,93,yes,67
9278,1770691255,2026-02-09T18:40:55,7,93,yes,26
9279,1770691256,2026-02-09T18:40:56,7,93,yes,19
9280,1770691257,2026-02-09T18:40:57,7,93,yes,19
9281,1770691257,2026-02-09T18:40:57,7,93,yes,12
9282,1770691259,2026-02-09T18:40:59,7,93,yes,8
9283,1770691259,2026-02-09T18:40:59,7,93,yes,120
9284,1770691259,2026-02-09T18:40:59,6,94,no,4
9285,1770691260,2026-02-09T18:41:00,7,93,yes,670
9286,1770691260,2026-02-09T18:41:00,7,93,yes,13
9287,1770691261,2026-02-09T18:41:01,7,93,yes,134
9288,1770691261,2026-02-09T18:41:01,6,94,no,9
9289,1770691261,2026-02-09T18:41:01,6,94,no,1
9290,1770691261,2026-02-09T18:41:01,6,94,no,34
9291,1770691262,2026-02-09T18:41:02,6,94,no,16
9292,1770691262,2026-02-09T18:41:02,6,94,no,2
9293,1770691262,2026-02-09T18:41:02,6,94,no,1
9294,1770691264,2026-02-09T18:41:04,7,93,yes,26
9295,1770691267,2026-02-09T18:41:07,7,93,yes,5
9296,1770691267,2026-02-09T18:41:07,6,94,no,11
9297,1770691267,2026-02-09T18:41:07,4,96,no,385
9298,1770691267,2026-02-09T18:41:07,4,96,no,10
9299,1770691267,2026-02-09T18:41:07,3,97,no,500
9300,1770691267,2026-02-09T18:41:07,3,97,no,486
9301,1770691267,2026-02-09T18:41:07,2,98,no,282
9302,1770691267,2026-02-09T18:41:07,6,94,yes,23
9303,1770691267,2026-02-09T18:41:07,7,93,yes,88
9304,1770691268,2026-02-09T18:41:08,7,93,yes,100
9305,1770691270,2026-02-09T18:41:10,6,94,no,10
9306,1770691270,2026-02-09T18:41:10,6,94,no,2
9307,1770691270,2026-02-09T18:41:10,3,97,no,23
9308,1770691270,2026-02-09T18:41:10,3,97,no,257
9309,1770691271,2026-02-09T18:41:11,4,96,no,15
9310,1770691272,2026-02-09T18:41:12,6,94,yes,200
9311,1770691273,2026-02-09T18:41:13,6,94,yes,156
9312,1770691274,2026-02-09T18:41:14,6,94,yes,78
9313,1770691275,2026-02-09T18:41:15,6,94,yes,78
9314,1770691275,2026-02-09T18:41:15,6,94,yes,26
9315,1770691279,2026-02-09T18:41:19,5,95,no,6
9316,1770691279,2026-02-09T18:41:19,6,94,yes,11
9317,1770691280,2026-02-09T18:41:20,5,95,no,6
9318,1770691280,2026-02-09T18:41:20,5,95,yes,22
9319,1770691281,2026-02-09T18:41:21,5,95,yes,111
9320,1770691283,2026-02-09T18:41:23,5,95,yes,161
9321,1770691283,2026-02-09T18:41:23,5,95,yes,13
9322,1770691283,2026-02-09T18:41:23,5,95,yes,11
9323,1770691285,2026-02-09T18:41:25,5,95,yes,305
9324,1770691285,2026-02-09T18:41:25,5,95,yes,12
9325,1770691285,2026-02-09T18:41:25,6,94,yes,183
9326,1770691285,2026-02-09T18:41:25,4,96,no,4
9327,1770691286,2026-02-09T18:41:26,4,96,no,7
9328,1770691287,2026-02-09T18:41:27,6,94,yes,100
9329,1770691288,2026-02-09T18:41:28,4,96,no,1
9330,1770691288,2026-02-09T18:41:28,4,96,no,1
9331,1770691288,2026-02-09T18:41:28,4,96,no,26
9332,1770691288,2026-02-09T18:41:28,4,96,no,15
9333,1770691292,2026-02-09T18:41:32,4,96,no,59
9334,1770691292,2026-02-09T18:41:32,4,96,no,14
9335,1770691293,2026-02-09T18:41:33,5,95,yes,14
9336,1770691293,2026-02-09T18:41:33,5,95,yes,298
9337,1770691296,2026-02-09T18:41:36,5,95,yes,13
9338,1770691296,2026-02-09T18:41:36,5,95,yes,174
9339,1770691297,2026-02-09T18:41:37,3,97,no,6
9340,1770691298,2026-02-09T18:41:38,3,97,no,16
9341,1770691298,2026-02-09T18:41:38,5,95,yes,13
9342,1770691298,2026-02-09T18:41:38,5,95,yes,82
9343,1770691298,2026-02-09T18:41:38,5,95,yes,93
9344,1770691298,2026-02-09T18:41:38,3,97,no,35
9345,1770691298,2026-02-09T18:41:38,3,97,no,14
9346,1770691298,2026-02-09T18:41:38,3,97,no,10
9347,1770691298,2026-02-09T18:41:38,2,98,no,58
9348,1770691300,2026-02-09T18:41:40,3,97,no,13
9349,1770691300,2026-02-09T18:41:40,2,98,no,11
9350,1770691303,2026-02-09T18:41:43,2,98,no,4
9351,1770691303,2026-02-09T18:41:43,2,98,no,12
9352,1770691303,2026-02-09T18:41:43,2,98,no,12
9353,1770691305,2026-02-09T18:41:45,2,98,no,121
9354,1770691305,2026-02-09T18:41:45,2,98,no,963
9355,1770691306,2026-02-09T18:41:46,2,98,no,12
9356,1770691306,2026-02-09T18:41:46,3,97,yes,69
9357,1770691306,2026-02-09T18:41:46,3,97,yes,13
9358,1770691306,2026-02-09T18:41:46,3,97,yes,28
9359,1770691306,2026-02-09T18:41:46,4,96,yes,110
9360,1770691306,2026-02-09T18:41:46,2,98,no,50
9361,1770691308,2026-02-09T18:41:48,2,98,no,53
9362,1770691308,2026-02-09T18:41:48,3,97,yes,21
9363,1770691309,2026-02-09T18:41:49,3,97,yes,156
9364,1770691309,2026-02-09T18:41:49,3,97,yes,50
9365,1770691310,2026-02-09T18:41:50,3,97,yes,156
9366,1770691310,2026-02-09T18:41:50,3,97,yes,624
9367,1770691310,2026-02-09T18:41:50,3,97,yes,18
9368,1770691310,2026-02-09T18:41:50,3,97,yes,14
9369,1770691310,2026-02-09T18:41:50,3,97,yes,121
9370,1770691310,2026-02-09T18:41:50,4,96,yes,3
9371,1770691311,2026-02-09T18:41:51,2,98,no,4
9372,1770691312,2026-02-09T18:41:52,2,98,no,19
9373,1770691313,2026-02-09T18:41:53,3,97,yes,21
9374,1770691315,2026-02-09T18:41:55,2,98,no,45
9375,1770691316,2026-02-09T18:41:56,2,98,no,100
9376,1770691316,2026-02-09T18:41:56,3,97,yes,18
9377,1770691317,2026-02-09T18:41:57,3,97,yes,18
9378,1770691317,2026-02-09T18:41:57,3,97,yes,13
9379,1770691317,2026-02-09T18:41:57,2,98,no,1254
9380,1770691317,2026-02-09T18:41:57,2,98,no,1500
9381,1770691317,2026-02-09T18:41:57,2,98,no,1
9382,1770691317,2026-02-09T18:41:57,2,98,no,100
9383,1770691317,2026-02-09T18:41:57,2,98,no,10
9384,1770691317,2026-02-09T18:41:57,2,98,no,20
9385,1770691317,2026-02-09T18:41:57,2,98,no,2115
9386,1770691318,2026-02-09T18:41:58,3,97,no,12
9387,1770691318,2026-02-09T18:41:58,2,98,no,113
9388,1770691318,2026-02-09T18:41:58,3,97,yes,75
9389,1770691319,2026-02-09T18:41:59,3,97,yes,49
9390,1770691321,2026-02-09T18:42:01,3,97,yes,28
9391,1770691321,2026-02-09T18:42:01,3,97,yes,13
9392,1770691321,2026-02-09T18:42:01,5,95,yes,69
9393,1770691321,2026-02-09T18:42:01,3,97,no,12
9394,1770691322,2026-02-09T18:42:02,2,98,no,123
9395,1770691322,2026-02-09T18:42:02,2,98,no,129
9396,1770691324,2026-02-09T18:42:04,2,98,no,49
9397,1770691324,2026-02-09T18:42:04,3,97,yes,1186
9398,1770691324,2026-02-09T18:42:04,3,97,yes,13
9399,1770691324,2026-02-09T18:42:04,3,97,yes,361
9400,1770691326,2026-02-09T18:42:06,2,98,no,117
9401,1770691326,2026-02-09T18:42:06,3,97,yes,56
9402,1770691326,2026-02-09T18:42:06,3,97,no,4
9403,1770691328,2026-02-09T18:42:08,3,97,no,19
9404,1770691331,2026-02-09T18:42:11,3,97,no,181
9405,1770691333,2026-02-09T18:42:13,4,96,yes,33
9406,1770691333,2026-02-09T18:42:13,4,96,yes,23
9407,1770691334,2026-02-09T18:42:14,4,96,yes,23
9408,1770691334,2026-02-09T18:42:14,4,96,yes,46
9409,1770691334,2026-02-09T18:42:14,4,96,yes,18
9410,1770691335,2026-02-09T18:42:15,4,96,yes,70
9411,1770691335,2026-02-09T18:42:15,3,97,no,96
9412,1770691336,2026-02-09T18:42:16,4,96,yes,70
9413,1770691336,2026-02-09T18:42:16,4,96,yes,888
9414,1770691336,2026-02-09T18:42:16,3,97,no,57
9415,1770691337,2026-02-09T18:42:17,3,97,no,21
9416,1770691338,2026-02-09T18:42:18,4,96,yes,100
9417,1770691339,2026-02-09T18:42:19,3,97,no,21
9418,1770691340,2026-02-09T18:42:20,3,97,no,51
9419,1770691340,2026-02-09T18:42:20,4,96,yes,416
9420,1770691341,2026-02-09T18:42:21,3,97,no,868
9421,1770691341,2026-02-09T18:42:21,4,96,yes,166
9422,1770691341,2026-02-09T18:42:21,4,96,yes,117
9423,1770691341,2026-02-09T18:42:21,4,96,yes,18
9424,1770691341,2026-02-09T18:42:21,3,97,no,26
9425,1770691342,2026-02-09T18:42:22,4,96,yes,23
9426,1770691344,2026-02-09T18:42:24,4,96,yes,23
9427,1770691345,2026-02-09T18:42:25,3,97,no,8
9428,1770691345,2026-02-09T18:42:25,4,96,yes,46
9429,1770691347,2026-02-09T18:42:27,3,97,no,76
9430,1770691347,2026-02-09T18:42:27,4,96,yes,2500
9431,1770691347,2026-02-09T18:42:27,4,96,yes,23
9432,1770691349,2026-02-09T18:42:29,3,97,no,158
9433,1770691350,2026-02-09T18:42:30,4,96,yes,11
9434,1770691350,2026-02-09T18:42:30,4,96,yes,23
9435,1770691351,2026-02-09T18:42:31,3,97,no,18
9436,1770691351,2026-02-09T18:42:31,3,97,no,19
9437,1770691352,2026-02-09T18:42:32,3,97,no,26
9438,1770691353,2026-02-09T18:42:33,4,96,yes,46
9439,1770691353,2026-02-09T18:42:33,3,97,no,25
9440,1770691353,2026-02-09T18:42:33,3,97,no,23
9441,1770691354,2026-02-09T18:42:34,4,96,yes,2
9442,1770691354,2026-02-09T18:42:34,4,96,yes,163
9443,1770691357,2026-02-09T18:42:37,3,97,no,11
9444,1770691359,2026-02-09T18:42:39,3,97,no,4
9445,1770691359,2026-02-09T18:42:39,3,97,no,19
9446,1770691360,2026-02-09T18:42:40,3,97,no,33
9447,1770691361,2026-02-09T18:42:41,3,97,no,624
9448,1770691361,2026-02-09T18:42:41,3,97,no,1
9449,1770691362,2026-02-09T18:42:42,3,97,no,1
9450,1770691364,2026-02-09T18:42:44,3,97,no,9
9451,1770691364,2026-02-09T18:42:44,3,97,no,6
9452,1770691364,2026-02-09T18:42:44,3,97,no,90
9453,1770691365,2026-02-09T18:42:45,3,97,no,400
9454,1770691365,2026-02-09T18:42:45,3,97,no,3
9455,1770691365,2026-02-09T18:42:45,3,97,no,23
9456,1770691366,2026-02-09T18:42:46,3,97,no,23
9457,1770691366,2026-02-09T18:42:46,3,97,no,14
9458,1770691366,2026-02-09T18:42:46,3,97,no,10
9459,1770691367,2026-02-09T18:42:47,4,96,yes,30
9460,1770691367,2026-02-09T18:42:47,4,96,yes,468
9461,1770691369,2026-02-09T18:42:49,4,96,yes,23
9462,1770691369,2026-02-09T18:42:49,3,97,no,29
9463,1770691370,2026-02-09T18:42:50,3,97,no,20
9464,1770691370,2026-02-09T18:42:50,4,96,yes,117
9465,1770691373,2026-02-09T18:42:53,4,96,yes,234
9466,1770691374,2026-02-09T18:42:54,3,97,no,8
9467,1770691375,2026-02-09T18:42:55,3,97,no,43
9468,1770691375,2026-02-09T18:42:55,3,97,no,215
9469,1770691376,2026-02-09T18:42:56,3,97,no,285
9470,1770691376,2026-02-09T18:42:56,3,97,no,30
9471,1770691376,2026-02-09T18:42:56,3,97,no,12
9472,1770691376,2026-02-09T18:42:56,3,97,no,124
9473,1770691376,2026-02-09T18:42:56,3,97,no,74
9474,1770691376,2026-02-09T18:42:56,3,97,no,24
9475,1770691377,2026-02-09T18:42:57,4,96,yes,234
9476,1770691377,2026-02-09T18:42:57,4,96,yes,333
9477,1770691378,2026-02-09T18:42:58,3,97,no,98
9478,1770691379,2026-02-09T18:42:59,3,97,no,41
9479,1770691379,2026-02-09T18:42:59,3,97,no,11
9480,1770691379,2026-02-09T18:42:59,4,96,yes,166
9481,1770691380,2026-02-09T18:43:00,3,97,no,648
9482,1770691380,2026-02-09T18:43:00,3,97,no,13
9483,1770691385,2026-02-09T18:43:05,2,98,no,22
9484,1770691387,2026-02-09T18:43:07,2,98,no,221
9485,1770691388,2026-02-09T18:43:08,3,97,yes,200
9486,1770691388,2026-02-09T18:43:08,3,97,yes,93
9487,1770691388,2026-02-09T18:43:08,3,97,yes,2001
9488,1770691389,2026-02-09T18:43:09,3,97,yes,312
9489,1770691392,2026-02-09T18:43:12,2,98,no,7
9490,1770691393,2026-02-09T18:43:13,3,97,yes,111
9491,1770691394,2026-02-09T18:43:14,2,98,no,43
9492,1770691395,2026-02-09T18:43:15,3,97,yes,31
9493,1770691396,2026-02-09T18:43:16,3,97,yes,312
9494,1770691398,2026-02-09T18:43:18,3,97,yes,31
9495,1770691399,2026-02-09T18:43:19,2,98,no,63
9496,1770691399,2026-02-09T18:43:19,3,97,yes,69
9497,1770691399,2026-02-09T18:43:19,3,97,yes,62
9498,1770691400,2026-02-09T18:43:20,2,98,no,20
9499,1770691400,2026-02-09T18:43:20,3,97,yes,40
9500,1770691401,2026-02-09T18:43:21,3,97,yes,156
9501,1770691402,2026-02-09T18:43:22,3,97,yes,44
9502,1770691402,2026-02-09T18:43:22,3,97,yes,124
9503,1770691405,2026-02-09T18:43:25,2,98,no,79
9504,1770691406,2026-02-09T18:43:26,3,97,yes,62
9505,1770691406,2026-02-09T18:43:26,2,98,no,4
9506,1770691407,2026-02-09T18:43:27,3,97,yes,31
9507,1770691407,2026-02-09T18:43:27,3,97,yes,62
9508,1770691407,2026-02-09T18:43:27,3,97,yes,405
9509,1770691408,2026-02-09T18:43:28,3,97,yes,312
9510,1770691408,2026-02-09T18:43:28,3,97,yes,20
9511,1770691409,2026-02-09T18:43:29,2,98,no,107
9512,1770691409,2026-02-09T18:43:29,2,98,no,39
9513,1770691411,2026-02-09T18:43:31,2,98,no,12
9514,1770691414,2026-02-09T18:43:34,2,98,no,882
9515,1770691414,2026-02-09T18:43:34,3,97,yes,93
9516,1770691416,2026-02-09T18:43:36,2,98,no,38
9517,1770691417,2026-02-09T18:43:37,2,98,no,20
9518,1770691417,2026-02-09T18:43:37,2,98,no,12
9519,1770691417,2026-02-09T18:43:37,2,98,no,7
9520,1770691417,2026-02-09T18:43:37,2,98,no,388
9521,1770691419,2026-02-09T18:43:39,2,98,no,193
9522,1770691421,2026-02-09T18:43:41,2,98,no,7
9523,1770691421,2026-02-09T18:43:41,2,98,no,43
9524,1770691422,2026-02-09T18:43:42,3,97,yes,31
9525,1770691422,2026-02-09T18:43:42,2,98,no,35
9526,1770691423,2026-02-09T18:43:43,3,97,yes,780
9527,1770691425,2026-02-09T18:43:45,3,97,yes,1248
9528,1770691425,2026-02-09T18:43:45,2,98,no,7
9529,1770691428,2026-02-09T18:43:48,2,98,no,15
9530,1770691428,2026-02-09T18:43:48,3,97,yes,222
9531,1770691429,2026-02-09T18:43:49,2,98,no,90
9532,1770691429,2026-02-09T18:43:49,2,98,no,13
9533,1770691429,2026-02-09T18:43:49,2,98,no,50
9534,1770691429,2026-02-09T18:43:49,2,98,no,50
9535,1770691430,2026-02-09T18:43:50,2,98,yes,156
9536,1770691430,2026-02-09T18:43:50,1,99,no,53
9537,1770691430,2026-02-09T18:43:50,2,98,yes,46
9538,1770691431,2026-02-09T18:43:51,2,98,yes,57
9539,1770691431,2026-02-09T18:43:51,2,98,yes,467
9540,1770691432,2026-02-09T18:43:52,2,98,yes,140
9541,1770691433,2026-02-09T18:43:53,1,99,no,536
9542,1770691433,2026-02-09T18:43:53,2,98,yes,881
9543,1770691433,2026-02-09T18:43:53,2,98,yes,148
9544,1770691433,2026-02-09T18:43:53,2,98,yes,93
9545,1770691434,2026-02-09T18:43:54,1,99,no,228
9546,1770691436,2026-02-09T18:43:56,1,99,no,108
9547,1770691440,2026-02-09T18:44:00,2,98,yes,1250
9548,1770691441,2026-02-09T18:44:01,2,98,yes,75
9549,1770691442,2026-02-09T18:44:02,2,98,yes,174
9550,1770691442,2026-02-09T18:44:02,2,98,yes,13
9551,1770691445,2026-02-09T18:44:05,2,98,yes,1
9552,1770691445,2026-02-09T18:44:05,2,98,yes,199
9553,1770691446,2026-02-09T18:44:06,2,98,no,61
9554,1770691448,2026-02-09T18:44:08,3,97,yes,343
9555,1770691451,2026-02-09T18:44:11,3,97,yes,468
9556,1770691451,2026-02-09T18:44:11,3,97,yes,111
9557,1770691452,2026-02-09T18:44:12,2,98,no,13
9558,1770691452,2026-02-09T18:44:12,1,99,no,9
9559,1770691452,2026-02-09T18:44:12,3,97,yes,15
9560,1770691452,2026-02-09T18:44:12,2,98,yes,62
9561,1770691455,2026-02-09T18:44:15,2,98,yes,93
9562,1770691459,2026-02-09T18:44:19,2,98,yes,46
9563,1770691461,2026-02-09T18:44:21,1,99,no,3066
9564,1770691461,2026-02-09T18:44:21,1,99,no,500
9565,1770691461,2026-02-09T18:44:21,1,99,no,700
9566,1770691461,2026-02-09T18:44:21,1,99,no,2534
9567,1770691462,2026-02-09T18:44:22,2,98,yes,93
9568,1770691463,2026-02-09T18:44:23,1,99,no,56
9569,1770691463,2026-02-09T18:44:23,2,98,yes,46
9570,1770691463,2026-02-09T18:44:23,2,98,yes,140
9571,1770691464,2026-02-09T18:44:24,2,98,yes,300
9572,1770691465,2026-02-09T18:44:25,2,98,yes,93
9573,1770691466,2026-02-09T18:44:26,2,98,yes,93
9574,1770691466,2026-02-09T18:44:26,2,98,yes,233
9575,1770691467,2026-02-09T18:44:27,2,98,yes,14
9576,1770691467,2026-02-09T18:44:27,2,98,yes,453
9577,1770691467,2026-02-09T18:44:27,2,98,yes,22
9578,1770691469,2026-02-09T18:44:29,1,99,no,13
9579,1770691470,2026-02-09T18:44:30,2,98,yes,5
9580,1770691473,2026-02-09T18:44:33,2,98,yes,266
9581,1770691474,2026-02-09T18:44:34,2,98,yes,187
9582,1770691475,2026-02-09T18:44:35,1,99,no,397
9583,1770691475,2026-02-09T18:44:35,1,99,no,313
9584,1770691475,2026-02-09T18:44:35,2,98,yes,125
9585,1770691477,2026-02-09T18:44:37,1,99,no,132
9586,1770691481,2026-02-09T18:44:41,1,99,no,4
9587,1770691483,2026-02-09T18:44:43,2,98,yes,46
9588,1770691484,2026-02-09T18:44:44,2,98,yes,233
9589,1770691489,2026-02-09T18:44:49,2,98,yes,88
9590,1770691490,2026-02-09T18:44:50,1,99,no,25
9591,1770691491,2026-02-09T18:44:51,2,98,yes,46
9592,1770691493,2026-02-09T18:44:53,2,98,yes,46
9593,1770691496,2026-02-09T18:44:56,2,98,yes,140
9594,1770691497,2026-02-09T18:44:57,2,98,yes,233
9595,1770691498,2026-02-09T18:44:58,2,98,yes,9
9596,1770691499,2026-02-09T18:44:59,1,99,no,8
9597,1770691500,2026-02-09T18:45:00,1,99,no,5
9598,1770691501,2026-02-09T18:45:01,2,98,yes,200
9599,1770691502,2026-02-09T18:45:02,2,98,yes,65
9600,1770691503,2026-02-09T18:45:03,2,98,yes,138
9601,1770691504,2026-02-09T18:45:04,2,98,yes,46
9602,1770691504,2026-02-09T18:45:04,2,98,yes,233
9603,1770691512,2026-02-09T18:45:12,1,99,no,13
9604,1770691512,2026-02-09T18:45:12,1,99,no,7
9605,1770691512,2026-02-09T18:45:12,1,99,no,56
9606,1770691513,2026-02-09T18:45:13,2,98,yes,66
9607,1770691514,2026-02-09T18:45:14,2,98,yes,93
9608,1770691516,2026-02-09T18:45:16,2,98,yes,25
9609,1770691517,2026-02-09T18:45:17,2,98,yes,630
9610,1770691517,2026-02-09T18:45:17,2,98,yes,36
9611,1770691517,2026-02-09T18:45:17,2,98,yes,464
9612,1770691517,2026-02-09T18:45:17,2,98,yes,1875
9613,1770691518,2026-02-09T18:45:18,2,98,yes,93
9614,1770691518,2026-02-09T18:45:18,2,98,yes,233
9615,1770691518,2026-02-09T18:45:18,2,98,yes,100
9616,1770691520,2026-02-09T18:45:20,1,99,no,4
9617,1770691523,2026-02-09T18:45:23,2,98,yes,233
9618,1770691523,2026-02-09T18:45:23,2,98,yes,117
9619,1770691526,2026-02-09T18:45:26,2,98,yes,33
9620,1770691527,2026-02-09T18:45:27,2,98,yes,69
9621,1770691527,2026-02-09T18:45:27,2,98,yes,22
9622,1770691534,2026-02-09T18:45:34,2,98,yes,187
9623,1770691535,2026-02-09T18:45:35,2,98,yes,93
9624,1770691535,2026-02-09T18:45:35,1,99,no,5
9625,1770691539,2026-02-09T18:45:39,2,98,yes,46
9626,1770691543,2026-02-09T18:45:43,1,99,no,196
9627,1770691544,2026-02-09T18:45:44,2,98,yes,93
9628,1770691545,2026-02-09T18:45:45,2,98,yes,22
9629,1770691547,2026-02-09T18:45:47,2,98,yes,18
9630,1770691547,2026-02-09T18:45:47,2,98,yes,14
9631,1770691547,2026-02-09T18:45:47,2,98,yes,233
9632,1770691547,2026-02-09T18:45:47,2,98,yes,1
9633,1770691547,2026-02-09T18:45:47,2,98,yes,234
9634,1770691549,2026-02-09T18:45:49,2,98,yes,13
9635,1770691549,2026-02-09T18:45:49,2,98,yes,233
9636,1770691551,2026-02-09T18:45:51,2,98,no,62
9637,1770691552,2026-02-09T18:45:52,2,98,no,52
9638,1770691555,2026-02-09T18:45:55,2,98,no,1590
9639,1770691555,2026-02-09T18:45:55,2,98,no,632
9640,1770691555,2026-02-09T18:45:55,3,97,yes,93
9641,1770691555,2026-02-09T18:45:55,3,97,yes,5
9642,1770691555,2026-02-09T18:45:55,2,98,no,39
9643,1770691556,2026-02-09T18:45:56,2,98,no,4
9644,1770691557,2026-02-09T18:45:57,2,98,no,120
9645,1770691557,2026-02-09T18:45:57,2,98,no,80
9646,1770691557,2026-02-09T18:45:57,2,98,no,80
9647,1770691557,2026-02-09T18:45:57,3,97,yes,31
9648,1770691558,2026-02-09T18:45:58,3,97,yes,50
9649,1770691560,2026-02-09T18:46:00,2,98,no,8
9650,1770691561,2026-02-09T18:46:01,3,97,yes,66
9651,1770691562,2026-02-09T18:46:02,3,97,yes,31
9652,1770691563,2026-02-09T18:46:03,2,98,no,90
9653,1770691563,2026-02-09T18:46:03,2,98,no,58
9654,1770691564,2026-02-09T18:46:04,2,98,no,1
9655,1770691565,2026-02-09T18:46:05,2,98,no,1
9656,1770691566,2026-02-09T18:46:06,2,98,no,80
9657,1770691566,2026-02-09T18:46:06,3,97,yes,312
9658,1770691566,2026-02-09T18:46:06,3,97,yes,152
9659,1770691567,2026-02-09T18:46:07,2,98,no,15
9660,1770691569,2026-02-09T18:46:09,2,98,no,50
9661,1770691569,2026-02-09T18:46:09,2,98,no,3742
9662,1770691569,2026-02-09T18:46:09,2,98,no,14
9663,1770691569,2026-02-09T18:46:09,2,98,no,1338
9664,1770691570,2026-02-09T18:46:10,3,97,yes,93
9665,1770691572,2026-02-09T18:46:12,3,97,yes,31
9666,1770691574,2026-02-09T18:46:14,2,98,no,310
9667,1770691574,2026-02-09T18:46:14,2,98,no,12
9668,1770691574,2026-02-09T18:46:14,1,99,no,5
9669,1770691575,2026-02-09T18:46:15,3,97,yes,28
9670,1770691577,2026-02-09T18:46:17,2,98,yes,150
9671,1770691577,2026-02-09T18:46:17,2,98,yes,6
9672,1770691577,2026-02-09T18:46:17,2,98,yes,7
9673,1770691577,2026-02-09T18:46:17,3,97,yes,18
9674,1770691580,2026-02-09T18:46:20,2,98,no,2
9675,1770691581,2026-02-09T18:46:21,2,98,no,51
9676,1770691581,2026-02-09T18:46:21,3,97,yes,93
9677,1770691584,2026-02-09T18:46:24,2,98,no,14
9678,1770691584,2026-02-09T18:46:24,2,98,no,1233
9679,1770691584,2026-02-09T18:46:24,3,97,yes,63
9680,1770691584,2026-02-09T18:46:24,3,97,yes,12
9681,1770691584,2026-02-09T18:46:24,3,97,yes,237
9682,1770691585,2026-02-09T18:46:25,3,97,yes,62
9683,1770691589,2026-02-09T18:46:29,2,98,no,7
9684,1770691590,2026-02-09T18:46:30,2,98,no,7
9685,1770691590,2026-02-09T18:46:30,1,99,no,48
9686,1770691591,2026-02-09T18:46:31,3,97,yes,100
9687,1770691593,2026-02-09T18:46:33,3,97,yes,9
9688,1770691595,2026-02-09T18:46:35,3,97,yes,222
9689,1770691597,2026-02-09T18:46:37,2,98,no,22
9690,1770691598,2026-02-09T18:46:38,2,98,no,5
9691,1770691600,2026-02-09T18:46:40,2,98,no,7
9692,1770691601,2026-02-09T18:46:41,2,98,no,43
9693,1770691604,2026-02-09T18:46:44,3,97,yes,200
9694,1770691604,2026-02-09T18:46:44,3,97,yes,70
9695,1770691605,2026-02-09T18:46:45,2,98,no,80
9696,1770691605,2026-02-09T18:46:45,2,98,no,260
9697,1770691608,2026-02-09T18:46:48,2,98,no,804
9698,1770691611,2026-02-09T18:46:51,3,97,yes,62
9699,1770691613,2026-02-09T18:46:53,2,98,no,10
9700,1770691614,2026-02-09T18:46:54,3,97,yes,31
9701,1770691614,2026-02-09T18:46:54,3,97,yes,31
9702,1770691615,2026-02-09T18:46:55,3,97,yes,156
9703,1770691615,2026-02-09T18:46:55,2,98,no,101
9704,1770691619,2026-02-09T18:46:59,3,97,yes,9
9705,1770691622,2026-02-09T18:47:02,3,97,yes,3
9706,1770691622,2026-02-09T18:47:02,3,97,yes,63
9707,1770691622,2026-02-09T18:47:02,3,97,yes,8
9708,1770691622,2026-02-09T18:47:02,3,97,yes,82
9709,1770691623,2026-02-09T18:47:03,2,98,no,3
9710,1770691624,2026-02-09T18:47:04,3,97,yes,31
9711,1770691628,2026-02-09T18:47:08,2,98,no,6
9712,1770691629,2026-02-09T18:47:09,2,98,no,5
9713,1770691629,2026-02-09T18:47:09,2,98,no,71
9714,1770691631,2026-02-09T18:47:11,2,98,no,29
9715,1770691631,2026-02-09T18:47:11,2,98,no,1625
9716,1770691634,2026-02-09T18:47:14,2,98,no,11
9717,1770691637,2026-02-09T18:47:17,2,98,no,1
9718,1770691637,2026-02-09T18:47:17,2,98,no,16
9719,1770691638,2026-02-09T18:47:18,2,98,no,2
9720,1770691640,2026-02-09T18:47:20,2,98,no,50
9721,1770691642,2026-02-09T18:47:22,2,98,no,38
9722,1770691645,2026-02-09T18:47:25,3,97,yes,12
9723,1770691645,2026-02-09T18:47:25,3,97,yes,28
9724,1770691651,2026-02-09T18:47:31,2,98,no,12
9725,1770691651,2026-02-09T18:47:31,1,99,no,9
9726,1770691657,2026-02-09T18:47:37,3,97,yes,156
9727,1770691660,2026-02-09T18:47:40,2,98,no,5
9728,1770691662,2026-02-09T18:47:42,2,98,no,265
9729,1770691663,2026-02-09T18:47:43,2,98,no,13
9730,1770691663,2026-02-09T18:47:43,2,98,no,1
9731,1770691665,2026-02-09T18:47:45,1,99,no,22
9732,1770691666,2026-02-09T18:47:46,2,98,yes,249
9733,1770691670,2026-02-09T18:47:50,1,99,no,100
9734,1770691670,2026-02-09T18:47:50,1,99,no,23
9735,1770691673,2026-02-09T18:47:53,2,98,yes,14
9736,1770691673,2026-02-09T18:47:53,2,98,yes,453
9737,1770691673,2026-02-09T18:47:53,1,99,no,100
9738,1770691673,2026-02-09T18:47:53,1,99,no,3
9739,1770691674,2026-02-09T18:47:54,2,98,yes,13
9740,1770691674,2026-02-09T18:47:54,1,99,no,13
9741,1770691676,2026-02-09T18:47:56,1,99,no,216
9742,1770691676,2026-02-09T18:47:56,1,99,no,61
9743,1770691676,2026-02-09T18:47:56,2,98,yes,1
9744,1770691676,2026-02-09T18:47:56,2,98,yes,13
9745,1770691678,2026-02-09T18:47:58,1,99,no,16
9746,1770691681,2026-02-09T18:48:01,3,97,yes,10
9747,1770691681,2026-02-09T18:48:01,3,97,yes,208
9748,1770691681,2026-02-09T18:48:01,1,99,no,157
9749,1770691681,2026-02-09T18:48:01,1,99,no,200
9750,1770691681,2026-02-09T18:48:01,1,99,no,300
9751,1770691681,2026-02-09T18:48:01,1,99,no,13
9752,1770691682,2026-02-09T18:48:02,2,98,no,14
9753,1770691682,2026-02-09T18:48:02,1,99,no,87
9754,1770691682,2026-02-09T18:48:02,1,99,no,7
9755,1770691682,2026-02-09T18:48:02,1,99,no,50
9756,1770691682,2026-02-09T18:48:02,1,99,no,254
9757,1770691683,2026-02-09T18:48:03,2,98,no,12
9758,1770691683,2026-02-09T18:48:03,3,97,yes,235
9759,1770691689,2026-02-09T18:48:09,2,98,no,1
9760,1770691689,2026-02-09T18:48:09,2,98,yes,23
9761,1770691693,2026-02-09T18:48:13,2,98,yes,100
9762,1770691693,2026-02-09T18:48:13,2,98,yes,10
9763,1770691693,2026-02-09T18:48:13,2,98,yes,233
9764,1770691694,2026-02-09T18:48:14,2,98,yes,187
9765,1770691696,2026-02-09T18:48:16,2,98,yes,222
9766,1770691696,2026-02-09T18:48:16,1,99,no,1
9767,1770691696,2026-02-09T18:48:16,1,99,no,11
9768,1770691697,2026-02-09T18:48:17,1,99,no,2
9769,1770691702,2026-02-09T18:48:22,2,98,yes,935
9770,1770691705,2026-02-09T18:48:25,1,99,no,1
9771,1770691706,2026-02-09T18:48:26,2,98,yes,1250
9772,1770691707,2026-02-09T18:48:27,2,98,yes,125
9773,1770691708,2026-02-09T18:48:28,2,98,yes,46
9774,1770691708,2026-02-09T18:48:28,2,98,yes,16
9775,1770691709,2026-02-09T18:48:29,2,98,yes,46
9776,1770691710,2026-02-09T18:48:30,2,98,yes,935
9777,1770691710,2026-02-09T18:48:30,2,98,yes,15
9778,1770691726,2026-02-09T18:48:46,2,98,yes,140
9779,1770691727,2026-02-09T18:48:47,2,98,yes,23
9780,1770691731,2026-02-09T18:48:51,2,98,yes,4
9781,1770691736,2026-02-09T18:48:56,2,98,yes,9
9782,1770691736,2026-02-09T18:48:56,2,98,yes,458
9783,1770691740,2026-02-09T18:49:00,2,98,yes,46
9784,1770691746,2026-02-09T18:49:06,2,98,yes,54
9785,1770691746,2026-02-09T18:49:06,2,98,yes,14
9786,1770691746,2026-02-09T18:49:06,2,98,yes,72
9787,1770691746,2026-02-09T18:49:06,2,98,yes,194
9788,1770691750,2026-02-09T18:49:10,2,98,yes,2339
9789,1770691750,2026-02-09T18:49:10,2,98,yes,233
9790,1770691753,2026-02-09T18:49:13,2,98,yes,23
9791,1770691754,2026-02-09T18:49:14,2,98,yes,23
9792,1770691754,2026-02-09T18:49:14,2,98,yes,233
9793,1770691759,2026-02-09T18:49:19,2,98,yes,233
9794,1770691759,2026-02-09T18:49:19,2,98,yes,166
9795,1770691762,2026-02-09T18:49:22,2,98,yes,935
9796,1770691764,2026-02-09T18:49:24,2,98,yes,3275
9797,1770691770,2026-02-09T18:49:30,2,98,yes,4
9798,1770691772,2026-02-09T18:49:32,2,98,yes,46
9799,1770691772,2026-02-09T18:49:32,2,98,yes,7
9800,1770691776,2026-02-09T18:49:36,2,98,yes,17
9801,1770691779,2026-02-09T18:49:39,2,98,yes,2
9802,1770691780,2026-02-09T18:49:40,2,98,yes,46
9803,1770691785,2026-02-09T18:49:45,2,98,yes,233
9804,1770691786,2026-02-09T18:49:46,2,98,yes,100
9805,1770691787,2026-02-09T18:49:47,2,98,yes,467
9806,1770691792,2026-02-09T18:49:52,2,98,yes,93
9807,1770691792,2026-02-09T18:49:52,2,98,yes,46
9808,1770691795,2026-02-09T18:49:55,2,98,yes,400
9809,1770691797,2026-02-09T18:49:57,2,98,yes,233
9810,1770691799,2026-02-09T18:49:59,2,98,yes,46
9811,1770691803,2026-02-09T18:50:03,2,98,yes,233
9812,1770691805,2026-02-09T18:50:05,2,98,yes,93
9813,1770691806,2026-02-09T18:50:06,2,98,yes,32
9814,1770691808,2026-02-09T18:50:08,2,98,yes,400
9815,1770691810,2026-02-09T18:50:10,2,98,yes,46
9816,1770691812,2026-02-09T18:50:12,2,98,yes,46
9817,1770691812,2026-02-09T18:50:12,1,99,no,5
9818,1770691814,2026-02-09T18:50:14,2,98,yes,46
9819,1770691814,2026-02-09T18:50:14,1,99,no,4
9820,1770691816,2026-02-09T18:50:16,1,99,no,15
9821,1770691817,2026-02-09T18:50:17,1,99,no,74
9822,1770691819,2026-02-09T18:50:19,1,99,no,2
9823,1770691819,2026-02-09T18:50:19,1,99,no,12
9824,1770691821,2026-02-09T18:50:21,2,98,yes,750
9825,1770691821,2026-02-09T18:50:21,1,99,no,7
9826,1770691823,2026-02-09T18:50:23,1,99,no,4
9827,1770691827,2026-02-09T18:50:27,1,99,no,2
9828,1770691827,2026-02-09T18:50:27,1,99,no,101
9829,1770691828,2026-02-09T18:50:28,1,99,no,10
9830,1770691828,2026-02-09T18:50:28,1,99,no,41
9831,1770691829,2026-02-09T18:50:29,2,98,yes,233
9832,1770691830,2026-02-09T18:50:30,2,98,yes,25
9833,1770691833,2026-02-09T18:50:33,1,99,no,39
9834,1770691834,2026-02-09T18:50:34,1,99,no,7
9835,1770691836,2026-02-09T18:50:36,1,99,no,2
9836,1770691836,2026-02-09T18:50:36,1,99,no,13
9837,1770691849,2026-02-09T18:50:49,1,99,yes,93
9838,1770691850,2026-02-09T18:50:50,1,99,yes,22114
9839,1770691850,2026-02-09T18:50:50,1,99,yes,700
9840,1770691850,2026-02-09T18:50:50,1,99,yes,19000
9841,1770691850,2026-02-09T18:50:50,1,99,yes,40
9842,1770691850,2026-02-09T18:50:50,1,99,yes,10000
9843,1770691850,2026-02-09T18:50:50,1,99,yes,50000
9844,1770691859,2026-02-09T18:50:59,2,98,yes,93
9845,1770691864,2026-02-09T18:51:04,1,99,yes,93
9846,1770691866,2026-02-09T18:51:06,1,99,yes,930
9847,1770691866,2026-02-09T18:51:06,1,99,yes,93
9848,1770691867,2026-02-09T18:51:07,1,99,yes,93
9849,1770691872,2026-02-09T18:51:12,2,98,yes,7
9850,1770691872,2026-02-09T18:51:12,2,98,yes,22
9851,1770691872,2026-02-09T18:51:12,2,98,yes,200
9852,1770691872,2026-02-09T18:51:12,2,98,yes,104
9853,1770691877,2026-02-09T18:51:17,2,98,yes,46
9854,1770691879,2026-02-09T18:51:19,1,99,no,1000
9855,1770691879,2026-02-09T18:51:19,2,98,yes,20
9856,1770691880,2026-02-09T18:51:20,1,99,no,467
9857,1770691880,2026-02-09T18:51:20,1,99,no,86
9858,1770691884,2026-02-09T18:51:24,1,99,no,5046
9859,1770691884,2026-02-09T18:51:24,1,99,no,15623
9860,1770691884,2026-02-09T18:51:24,1,99,no,14
9861,1770691884,2026-02-09T18:51:24,1,99,no,1000
9862,1770691884,2026-02-09T18:51:24,1,99,yes,233
9863,1770691887,2026-02-09T18:51:27,1,99,yes,800
9864,1770691888,2026-02-09T18:51:28,1,99,yes,187
9865,1770691891,2026-02-09T18:51:31,1,99,yes,33
9866,1770691891,2026-02-09T18:51:31,1,99,yes,17
9867,1770691892,2026-02-09T18:51:32,1,99,yes,32093
9868,1770691892,2026-02-09T18:51:32,1,99,yes,5
9869,1770691896,2026-02-09T18:51:36,2,98,yes,93
9870,1770691896,2026-02-09T18:51:36,1,99,no,11
9871,1770691898,2026-02-09T18:51:38,1,99,no,86
9872,1770691899,2026-02-09T18:51:39,1,99,no,618
9873,1770691899,2026-02-09T18:51:39,1,99,no,423
9874,1770691900,2026-02-09T18:51:40,2,98,yes,266
9875,1770691900,2026-02-09T18:51:40,2,98,yes,233
9876,1770691901,2026-02-09T18:51:41,1,99,no,11
9877,1770691901,2026-02-09T18:51:41,1,99,no,134
9878,1770691901,2026-02-09T18:51:41,1,99,no,79
9879,1770691902,2026-02-09T18:51:42,1,99,no,249
9880,1770691904,2026-02-09T18:51:44,1,99,no,1031
9881,1770691904,2026-02-09T18:51:44,1,99,no,97
9882,1770691905,2026-02-09T18:51:45,1,99,no,3
9883,1770691905,2026-02-09T18:51:45,1,99,no,293
9884,1770691906,2026-02-09T18:51:46,1,99,no,200
9885,1770691907,2026-02-09T18:51:47,1,99,no,10000
9886,1770691907,2026-02-09T18:51:47,1,99,no,20
9887,1770691907,2026-02-09T18:51:47,1,99,no,5647
9888,1770691907,2026-02-09T18:51:47,1,99,no,14
9889,1770691908,2026-02-09T18:51:48,1,99,yes,46
9890,1770691911,2026-02-09T18:51:51,1,99,yes,200
9891,1770691913,2026-02-09T18:51:53,1,99,yes,17
9892,1770691913,2026-02-09T18:51:53,1,99,yes,50
9893,1770691913,2026-02-09T18:51:53,1,99,yes,500
9894,1770691914,2026-02-09T18:51:54,1,99,yes,1870
9895,1770691918,2026-02-09T18:51:58,1,99,yes,93
9896,1770691919,2026-02-09T18:51:59,1,99,yes,28
9897,1770691920,2026-02-09T18:52:00,1,99,yes,93
9898,1770691922,2026-02-09T18:52:02,1,99,yes,66
9899,1770691922,2026-02-09T18:52:02,1,99,yes,54
9900,1770691925,2026-02-09T18:52:05,1,99,yes,653
9901,1770691926,2026-02-09T18:52:06,1,99,yes,187
9902,1770691928,2026-02-09T18:52:08,1,99,yes,200
9903,1770691931,2026-02-09T18:52:11,1,99,yes,187
9904,1770691933,2026-02-09T18:52:13,1,99,yes,95
9905,1770691933,2026-02-09T18:52:13,1,99,yes,405
9906,1770691934,2026-02-09T18:52:14,1,99,yes,50
9907,1770691934,2026-02-09T18:52:14,1,99,yes,500
9908,1770691936,2026-02-09T18:52:16,1,99,yes,93
9909,1770691937,2026-02-09T18:52:17,1,99,yes,93
9910,1770691938,2026-02-09T18:52:18,1,99,yes,19
9911,1770691942,2026-02-09T18:52:22,1,99,yes,84
9912,1770691944,2026-02-09T18:52:24,1,99,yes,93
9913,1770691944,2026-02-09T18:52:24,1,99,yes,46
9914,1770691946,2026-02-09T18:52:26,1,99,yes,467
9915,1770691947,2026-02-09T18:52:27,1,99,yes,933
9916,1770691949,2026-02-09T18:52:29,1,99,yes,93
9917,1770691952,2026-02-09T18:52:32,1,99,yes,333
9918,1770691956,2026-02-09T18:52:36,1,99,yes,935
9919,1770691956,2026-02-09T18:52:36,1,99,yes,93
9920,1770691959,2026-02-09T18:52:39,1,99,yes,93
9921,1770691959,2026-02-09T18:52:39,1,99,yes,93
9922,1770691967,2026-02-09T18:52:47,1,99,yes,93
9923,1770691969,2026-02-09T18:52:49,1,99,yes,93
9924,1770691976,2026-02-09T18:52:56,1,99,yes,187
9925,1770691978,2026-02-09T18:52:58,1,99,yes,69
9926,1770691978,2026-02-09T18:52:58,1,99,yes,93
9927,1770691979,2026-02-09T18:52:59,1,99,yes,467
9928,1770691983,2026-02-09T18:53:03,1,99,yes,467
9929,1770691989,2026-02-09T18:53:09,1,99,yes,935
9930,1770691993,2026-02-09T18:53:13,1,99,yes,9
9931,1770691997,2026-02-09T18:53:17,1,99,yes,666
9932,1770692006,2026-02-09T18:53:26,1,99,yes,75
9933,1770692006,2026-02-09T18:53:26,1,99,yes,93
9934,1770692014,2026-02-09T18:53:34,1,99,yes,66
9935,1770692016,2026-02-09T18:53:36,1,99,yes,37
9936,1770692021,2026-02-09T18:53:41,1,99,yes,500
9937,1770692026,2026-02-09T18:53:46,1,99,yes,1402
9938,1770692031,2026-02-09T18:53:51,1,99,yes,467
9939,1770692032,2026-02-09T18:53:52,1,99,yes,187
9940,1770692035,2026-02-09T18:53:55,1,99,yes,500
9941,1770692041,2026-02-09T18:54:01,1,99,yes,9
9942,1770692062,2026-02-09T18:54:22,1,99,yes,187
9943,1770692066,2026-02-09T18:54:26,1,99,yes,467
9944,1770692067,2026-02-09T18:54:27,1,99,yes,93
9945,1770692082,2026-02-09T18:54:42,1,99,yes,935
9946,1770692089,2026-02-09T18:54:49,1,99,yes,166
9947,1770692104,2026-02-09T18:55:04,1,99,yes,72
9948,1770692114,2026-02-09T18:55:14,1,99,yes,467
9949,1770692115,2026-02-09T18:55:15,1,99,yes,17
9950,1770692143,2026-02-09T18:55:43,1,99,yes,833
9951,1770692155,2026-02-09T18:55:55,1,99,yes,49
9952,1770692174,2026-02-09T18:56:14,1,99,yes,93
9953,1770692189,2026-02-09T18:56:29,1,99,yes,166
9954,1770692192,2026-02-09T18:56:32,1,99,yes,66
9955,1770692200,2026-02-09T18:56:40,1,99,yes,467
9956,1770692201,2026-02-09T18:56:41,1,99,yes,46
9957,1770692205,2026-02-09T18:56:45,1,99,yes,1
9958,1770692205,2026-02-09T18:56:45,1,99,yes,93
9959,1770692222,2026-02-09T18:57:02,1,99,yes,91
9960,1770692233,2026-02-09T18:57:13,1,99,yes,93
9961,1770692236,2026-02-09T18:57:16,1,99,yes,66
9962,1770692253,2026-02-09T18:57:33,1,99,yes,561
9963,1770692255,2026-02-09T18:57:35,1,99,yes,467
9964,1770692271,2026-02-09T18:57:51,1,99,yes,12
9965,1770692275,2026-02-09T18:57:55,1,99,yes,166
9966,1770692277,2026-02-09T18:57:57,1,99,yes,33
9967,1770692282,2026-02-09T18:58:02,1,99,yes,40
9968,1770692299,2026-02-09T18:58:19,1,99,yes,93
9969,1770692320,2026-02-09T18:58:40,1,99,yes,467
9970,1770692330,2026-02-09T18:58:50,1,99,yes,51
9971,1770692331,2026-02-09T18:58:51,1,99,yes,93
9972,1770692349,2026-02-09T18:59:09,1,99,yes,100
9973,1770692361,2026-02-09T18:59:21,1,99,yes,100
9974,1770692364,2026-02-09T18:59:24,1,99,yes,166
9975,1770692382,2026-02-09T18:59:42,1,99,yes,187
9976,1770692396,2026-02-09T18:59:56,1,99,yes,93
9977,1770692400,2026-02-09T19:00:00,1,99,yes,93
9978,1770692404,2026-02-09T19:00:04,1,99,yes,467
9979,1770692405,2026-02-09T19:00:05,1,99,yes,93
9980,1770692425,2026-02-09T19:00:25,1,99,yes,33
9981,1770692427,2026-02-09T19:00:27,1,99,yes,66
9982,1770692433,2026-02-09T19:00:33,1,99,yes,187
9983,1770692437,2026-02-09T19:00:37,1,99,yes,500
9984,1770692465,2026-02-09T19:01:05,1,99,yes,3
9985,1770692474,2026-02-09T19:01:14,1,99,yes,33
9986,1770692481,2026-02-09T19:01:21,1,99,yes,666
9987,1770692482,2026-02-09T19:01:22,1,99,yes,220
9988,1770692491,2026-02-09T19:01:31,1,99,yes,93
9989,1770692492,2026-02-09T19:01:32,1,99,yes,33
9990,1770692499,2026-02-09T19:01:39,1,99,yes,93
9991,1770692510,2026-02-09T19:01:50,1,99,yes,93
9992,1770692524,2026-02-09T19:02:04,1,99,yes,66
9993,1770692528,2026-02-09T19:02:08,1,99,yes,93
9994,1770692544,2026-02-09T19:02:24,1,99,yes,93
9995,1770692551,2026-02-09T19:02:31,1,99,yes,500
9996,1770692553,2026-02-09T19:02:33,1,99,yes,8
9997,1770692557,2026-02-09T19:02:37,1,99,yes,93
9998,1770692565,2026-02-09T19:02:45,1,99,yes,93
9999,1770692572,2026-02-09T19:02:52,1,99,yes,33
10000,1770692575,2026-02-09T19:02:55,1,99,yes,1
10001,1770692584,2026-02-09T19:03:04,1,99,yes,33
10002,1770692598,2026-02-09T19:03:18,1,99,yes,400
10003,1770692599,2026-02-09T19:03:19,1,99,yes,6
10004,1770692602,2026-02-09T19:03:22,1,99,yes,66
10005,1770692605,2026-02-09T19:03:25,1,99,yes,187
10006,1770692624,2026-02-09T19:03:44,1,99,yes,467
10007,1770692653,2026-02-09T19:04:13,1,99,yes,523
10008,1770692653,2026-02-09T19:04:13,1,99,yes,143
10009,1770692696,2026-02-09T19:04:56,1,99,yes,15
10010,1770692710,2026-02-09T19:05:10,1,99,yes,18
10011,1770692743,2026-02-09T19:05:43,1,99,yes,33
10012,1770692755,2026-02-09T19:05:55,1,99,yes,935
10013,1770692759,2026-02-09T19:05:59,1,99,yes,187
10014,1770692782,2026-02-09T19:06:22,1,99,yes,366
10015,1770692870,2026-02-09T19:07:50,1,99,yes,1
10016,1770692891,2026-02-09T19:08:11,1,99,yes,935
